Article,human
"আটক স্বজনদের আইডি কার্ড হাতে উইগুর নারীদের বিক্ষোভ (ফাইল ফটো) অভিযোগ করেন জাতিসংঘের জাতিগত বৈষম্য বিষয়ক কমিটির সদস্য গে ম্যাকডুগাল। তিনি বলেন, এমন খবর তিনি পেয়েছেন যে চীনা কর্তৃপক্ষ স্বায়ত্তশাসিত উইগুর প্রদেশকে কার্যত ""বিশাল একটি বন্দীশিবিরে"" রূপান্তরিত করেছে। চীন সাথে সাথে এর কোনো জবাব দেয়নি। ৫০-সদস্যের চীনা প্রতিনিধিদলের পক্ষ থেকে বলা হয়, সোমবার এই অভিযোগের জবাব দেওয়া হবে। তবে এর আগে বিভিন্ন সময় চীন বলেছে, এ ধরণের বন্দী শিবিরের কোনো অস্তিত্ব নেই। বাজারে উইগুর পুরুষদের জটলা (ফাইল ফটো, ২০১৩)। চীনা কোনো বন্দীশিবিরের অস্তিত্ব অস্বীকার করে। উইগুর মুসলিম কারা? চীনের জিনজিয়াং প্রদেশের জনসংখ্যার ৪৫ শতাংশ উইগুর মুসলিম। এই প্রদেশটি তিব্বতের মত স্বশাসিত একটি অঞ্চল। বিদেশী মিডিয়ার ওপর এখানে যাবার ব্যাপারে কঠোর বিধিনিষেধ রয়েছে। কিন্তু গত বেশ ক'মাস ধরে বিভিন্ন সূত্রে খবরাখবর বেরুচ্ছে যে শিনজিয়াং-এ উইগুর এবং অন্যান্য মুসলিমরা ব্যাপকহারে আটকের শিকার হচ্ছে। ঠিক কি জন্য চীনকে অভিযুক্ত করা হচ্ছে? হিউম্যান রাইটস ওয়াচ এবং অ্যামনেস্টি ইন্টারন্যাশনাল সহ অন্যান্য আন্তর্জাতিক মানবাধিকার সংস্থা জাতিসংঘের মানবাধিকার বিষয়ক কমিটির কাছে দেওয়া তাদের রিপোর্টে বলেছে, উইগুর মুসলিমদের গণহারে ধরে বিভিন্ন বন্দীশিবিরে নেয়া হচ্ছে। এরপর সেসব শিবিরে তাদেরকে জোর করে চীনা প্রেসিডেন্ট শি জিনপিংয়ের প্রতি আনুগত্য প্রকাশে বাধ্য করা হচ্ছে। নির্বাসিত উইগুর মুসলিমদের সংগঠন ওয়ার্ল্ড উইগুর কংগ্রেস তাদের এক রিপোর্টে বলেছে, কোনো অভিযোগ ছাড়াই উইগুরদের ধরে অনির্দিষ্টকালের জন্য আটকে রাখা হচ্ছে, এবং তাদেরকে জোর করে চীনা কম্যুনিস্ট পার্টির পক্ষে স্লোগান দিতে বলা হচ্ছে। ওয়ার্ল্ড উইগুর কংগ্রেস দাবি করছে, বন্দীদের ঠিকমত খাবার দেওয়া হয়না এবং নানাভাবে নির্যাতন করা হয়। বলা হচ্ছে, অধিকাংশ বন্দীকে দীর্ঘদিন আটকে রাখলেও তাদেরকে অভিযুক্ত করা হয়না এবং কোনো আইনি সহায়তা নিতেও দেওয়া হয়না। ধর্মীয় কট্টরবাদ মোকাবেলার যুক্তিতে চীনা কর্তৃপক্ষ এভাবে গণ-আটকের পথ নিয়েছে। আরও পড়ুন: চীনে মসজিদ ভাঙ্গার বিরুদ্ধে দাঁড়িয়েছে মুসলিমরা সামরিক শক্তিতে মার্কিন ভাবনারও সীমা ছাড়িয়েছে চীন তুরস্কের ইস্তাম্বুলে চীনা কনস্যুলেটের বাইরে নির্বাসিত উইগুরদের বিক্ষোভ (ফাইল ফটো) চীন কি বলে? চীনের সরকার সবসময় বলে এ ধরনের কোনো বন্দীশিবিরের কোনো অস্তিত্বই সেখানে নেই। এপ্রিলে মার্কিন একজন সিনিয়র কূটনীতিক ল্যরা স্টোন বলেছিলেন, ""পুনঃ-শিক্ষা কেন্দ্রগুলোতে"" লাখ লাখ মানুষকে আটকে রাখা হয়েছে। প্রতিক্রিয়ায় চীনের পররাষ্ট্র মন্ত্রণালয়ের মুখপাত্র তখন বলেছিলেন, ""সবাই জানে এবং দেখে যে শিনজিয়াংয়ে সব জাতিগোষ্ঠী শান্তি এবং সমৃদ্ধির মাঝে পাশাপাশি বসবাস করছে।"" পর্যবেক্ষকরা বলছেন, চীনা মুসলিম সমাজে মধ্যপ্রাচ্যের ঘরানার ইসলামী ভাবধারা ঢুকে পড়ছে বলে বেইজিংয়ের মধ্যে বেশ কিছুদিন ধরে উদ্বেগ শুরু হয়েছে। গতকাল (শুক্রবার) উত্তর-পশ্চিমের নিংশিয়া প্রদেশের উইজু শহরে কর্তৃপক্ষ একটি ""অননুমোদিত"" মসজিদ ভেঙ্গে ফেলার উদ্যোগ নিলে এলাকার শত শত মুসলিম তাতে বাধা দেয়। চীনা মুসলিমরা শত শত বছর ধরে মসজিদ বা অন্যান্য ধর্মীয় স্থাপনা নির্মাণের সময় চীনের ঐতিহ্যবাহী নকশা এবং স্থাপত্য অনুসরণ করে আসছে। কিন্তু উইজুতে যে মসজিদ নিয়ে গণ্ডগোল বেঁধেছে সেটিতে মধ্যপ্রাচ্যের মত মিনার এবং গম্বুজ তৈরি করা হয়। কর্তৃপক্ষ বলছে এই নকশার কোনো অনুমোদন দেওয়া হয়নি।","চীনের জিনজিয়াং প্রদেশে উইগুর মুসলিমদের গণআটক ও নির্যাতনের অভিযোগ উঠেছে। জাতিসংঘ ও মানবাধিকার সংস্থাগুলো দাবি করেছে, লাখো উইগুরকে বিনা অভিযোগে বন্দীশিবিরে আটক রেখে জোরপূর্বক চীনা কমিউনিস্ট পার্টির প্রতি আনুগত্য প্রকাশে বাধ্য করা হচ্ছে, যেখানে তারা নির্যাতন ও খাদ্য সংকটে ভুগছেন। চীন এসব অভিযোগ অস্বীকার করে বলছে, শিনজিয়াংয়ে শান্তি ও স্থিতিশীলতা বজায় রয়েছে। ধর্মীয় কট্টরবাদ দমনের অজুহাতে চীন উইগুরদের দমন করছে বলে সমালোচকরা মনে করেন।"
"ভারতের অন্য অঞ্চলেও কোক, পেপসি নিষিদ্ধ করার দাবি জানাচ্ছেন কর্মীরা। স্থানীয় পণ্যের ব্যবহার নিশ্চিত করার জন্যই এই উদ্যোগ গ্রহণ করেছে ব্যবসায়ীরা। রাজ্যের শীর্ষ দুটি ব্যবসায়ী এসোসিয়েশন এই দুটি পানীয় নিষিদ্ধ করার প্রস্তাব করেছিল। তারই প্রেক্ষাপটে আজ বুধবার থেকে তামিলনাডু রাজ্যে নিষিদ্ধ হলো কোকা-কোলা ও পেপসি। প্রতিষ্ঠানগুলো বলছে, কোমল পানীয়ের প্রতিষ্ঠানগুলো নদী থেকে প্রচুর পানি ব্যবহার করে, সেকারণে কৃষকদের জমি সেচের সময়ও ব্যাপক ভোগান্তিতে পড়তে হয়। বিশেষ করে খরার সময় সেচে পানি সমস্যা প্রকট হয়ে দাঁড়ায়। রাজ্যের দশ লাখেরও বেশি দোকানদার এ নিষেধাজ্ঞা মেনে চলবে বলে ধারণা করা হচ্ছে। গত মাসে তামিলনাডুতে 'জাল্লিকাটু' নামে ঐতিহ্যবাহী ষাঁড়ের লড়াই নিষিদ্ধের বিরুদ্ধে ব্যাপক বিক্ষোভের ঘটনা দেখে রাজ্যে পেপসি, কোকা-কোলা নিষিদ্ধের প্রস্তাব করে শীর্ষ দুটি ব্যবসায়ী সংগঠন ফেডারেশন অব তামিলনাডু ট্রেডার্স এসোসিয়েশন (এফটিএনটিএ) এবং তামিলনাডু ট্রেডার্স এসোসিয়েশন। বিক্ষোভের সময় অনেকে বলছিলেন 'জাল্লিকাটু' নিষিদ্ধ করা মানে স্থানীয় ঐতিহ্য ও সংস্কৃতিকে অবমাননা করা। ""আমরা কয়েক মাস আগে কোমল পানীয়ের বিরুদ্ধে আমাদের প্রচারণা শুরু করি, কিন্তু যখন আমরা 'জাল্লিকাটু' নিষিদ্ধের প্রতিবাদে বিক্ষোভ শুরু করি, কোমল পানীয়ের বিরুদ্ধে আমাদের প্রচারণাও ভিন্ন রূপ পায়""- বিবিসি তামিল সার্ভিসকে দেয়া এক সাক্ষাৎকারে বলছিলেন এফটিএনটিএ'র প্রেসিডেন্ট থা ভেলায়ান। ""পেপসি এবং কোকা-কোলার মতো পানীয় কিন্তু আপনার স্বাস্থ্যের জন্য ভালো নয়। কারণ এর মধ্যে বিভিন্ন ধরনের কেমিকেল থাকে এবং অতিরিক্ত চিনি থাকে এসব পানীয়তে। আমরা ভারতীয় কোমল পানীয়ের প্রচার চালাচ্ছি এবং ফলের জুসের বিক্রি যেন আরও বাড়ে সেই চেষ্টাও আমরা চালাবো""-বলছিলেন ব্যবসায়ী থা ভেলায়ান। স্থানীয় ব্যবসা এবং কৃষকদের উন্নতির কথা ভেবে সুপারমার্কেট, রেস্টুরেন্ট ও হোটেলগুলো যেন এই নিষেধাজ্ঞা মেনে চলে সেই আহ্বানও জানিয়েছে এসোসিয়েশনগুলো। এই নিষেধাজ্ঞার বিষয়ে পেপসি ও কোকা-কোলা প্রতিষ্ঠানের পক্ষ থেকে এখনও কোনো মন্তব্য পাওয়া যায়নি। আরো পড়ুন: লিফট-গাড়ি নিয়ে ইন্দোনেশিয়া যাচ্ছেন সৌদি বাদশাহ ইয়াহিয়ার জন্য রান্না বন্ধ করে দিয়েছিলেন বাবুর্চিরা 'ভূত তাড়ানো'র নামে আগুনে পোড়ানো হলো এক নারীকে ফ্রান্সের নির্বাচনে ওবামাকে প্রার্থী হতে আহ্বান","ভারতের তামিলনাডু রাজ্যে কোকা-কোলা ও পেপসি নিষিদ্ধ করা হয়েছে, কারণ এসব প্রতিষ্ঠান নদীর পানি ব্যবহার করে কৃষকদের সেচে সমস্যার মুখে ফেলে। স্থানীয় ব্যবসায়ীদের সংগঠনগুলো এই নিষেধাজ্ঞা জারি করে, যা রাজ্যের দশ লাখেরও বেশি দোকানে মানা হবে বলে ধারণা করা হচ্ছে। তারা স্থানীয় পণ্য ও ফলের জুসের প্রচারে জোর দিচ্ছে। ব্যবসায়ীরা দাবি করেছেন, এসব কোমল পানীয় স্বাস্থ্যকর নয় এবং এতে অতিরিক্ত চিনি ও কেমিক্যাল থাকে। পেপসি ও কোকা-কোলা নিষিদ্ধের দাবিটি তামিলনাডুর ঐতিহ্যবাহী ‘জাল্লিকাটু’ নিষিদ্ধের বিরুদ্ধে বিক্ষোভের সময় আরও জোরালো হয়। তবে এখনো প্রতিষ্ঠানগুলোর পক্ষ থেকে কোনো প্রতিক্রিয়া জানানো হয়নি।"
"সোহরাওয়ার্দী হাসপাতালের চিত্র সাধারণত সেপ্টেম্বর পর্যন্ত ডেঙ্গুর এই প্রকোপ দেখা যায়। ডেঙ্গুতে আক্রান্ত হয়ে প্রতিদিনই অসংখ্য মানুষ চিকিৎসার জন্য দেশের বিভিন্ন হাসপাতালে ছুটছেন। ডেঙ্গু পরিস্থিতি সামাল দিতে হিমশিম খাচ্ছে রাজধানীর সরকারি- বেসরকারি সব ধরনের হাসপাতাল। এমন অবস্থায় পরিস্থিতি সামাল দিতে বিভিন্ন ধরণের পদক্ষেপের কথা জানিয়েছেন বাংলাদেশের স্বাস্থ্য অধিদপ্তরের মহাপরিচালক আবুল কালাম আজাদ। তিনি বলেন, ""খুব বেসামাল পরিস্থিতি তৈরি হয়নি। তবে ডেঙ্গু নিয়ে যেহেতু আতঙ্ক তৈরি হয়েছে, তাই অনেকেই আছেন যাদের হাসপাতালে ভর্তি হওয়ার দরকার নাই, কিন্তু তারা হাসপাতালে ভর্তি হতে চাচ্ছেন।"" ""আর ডাক্তারদের উপরও মানসিক একটা চাপ তৈরি হয়েছে, যার কারণে তারা রোগী ভর্তি করাতে বাধ্য হন।"" রাজধানী ঢাকার বেশ কয়েকটি হাসপাতাল ঘুরে দেখেছেন বিবিসির প্রতিবেদক। তিনি জানান, অনেক বেসরকারি হাসপাতালে রোগী ধারণ ক্ষমতা পূর্ণ হয়ে যাওয়ায় হাসপাতালের বাইরে সাইনবোর্ড লাগিয়ে দেয়া হয়েছে। আরো পড়তে পারেন: ডেঙ্গু নিয়ন্ত্রণে ব্যর্থতার দায় মানতে রাজি না সরকার 'কোন হাসপাতালেই জায়গা নেই, এত বেশী ডেঙ্গু রোগী' 'অন্য বছরের চেয়ে এবারে জটিলতাগুলো অনেক বেশি' হাসপাতাল গুলোতে প্রতিদিনই বাড়ছে ডেঙ্গুতে আক্রান্ত রোগীর সংখ্যা। জানিয়ে দেয়া হয়েছে যে, সেখানে আর রোগী ভর্তি করা হবে না। ফলে ফিরে যেতে হচ্ছে অনেক রোগীকে। মিস্টার আজাদ বলেন, ""এ ধরণের কথা আমরা কিছুটা হলেও শুনেছি।"" বিভিন্ন বেসরকারি হাসপাতাল ক্লিনিক এবং বেসরকারি ক্লিনিক বণিক সমিতির প্রতিনিধিদের সাথে আজ বৈঠক করার কথা রয়েছে স্বাস্থ্য অধিদপ্তরের। ওই বৈঠকে বিভিন্ন পরীক্ষা-নিরীক্ষার মূল্য তালিকা পর্যালোচনা করে দাম নির্ধারণ করে দেয়া হবে। এছাড়া আজ থেকে স্বাস্থ্য অধিদপ্তরের পক্ষ থেকে ১০টি তদারকি টিম তৈরি করা হবে। যারা শুধু ঢাকা শহরের সরকারি ও বেসরকারি হাসপাতাল এবং ক্লিনিক পরিদর্শন করে খোঁজ নেবে যে, স্বাস্থ্য অধিদপ্তর যেসব নির্দেশনা দিচ্ছে তা সঠিকভাবে পালন করা হচ্ছে কি-না। স্বাস্থ্য অধিদপ্তরের মহাপরিচালক বলেন, ""রোগীর চাপ বেড়ে গেছে। এসব রোগীর প্রত্যেকের প্রতি অনেক বেশি মনোযোগ দরকার। চিকিৎসক নার্স যারা স্বাস্থ্য সেবা দিচ্ছেন তাদের উপর শারীরিক-মানসিক চাপও প্রচুর বেড়ে গেছে।"" 'এতো রোগী আসবে...আমরা স্বাভাবিকভাবেই প্রস্তুত ছিলাম না' তবে সরকারি হাসপাতালের চিত্র কিছুটা ভিন্ন। সেখানে চিকিৎসা নিতে আসা ডেঙ্গু রোগীদের ফিরিয়ে দেয়া হচ্ছে না। প্রায় সবাইকে ভর্তি করা হচ্ছে। তবে পর্যাপ্ত বিছানা না থাকায় তাদের থাকতে হচ্ছে বারান্দা কিংবা মেঝেতে। এক্ষেত্রে রোগীরা কেমন চিকিৎসা পাচ্ছে-এমন প্রশ্নে মিস্টার আজাদ জানান, ""ঢাকা মেডিকেল কলেজে বাড়তি একটা জায়গার ব্যবস্থা করে অতিরিক্ত বিছানা দিয়ে সেখানে যাতে বেশি রোগী ভর্তি হতে পারে, তার ব্যবস্থা করা হয়েছে।ৱ ""দ্বিতীয়ত, দুটি বড় হাসপাতালে এখনো তাদের আন্তঃবিভাগ বা ইনডোর চালু হয়নি। এই হাসপাতাল দুটিকে প্রস্তুত করে রাখা হবে। যাতে ডেঙ্গু রোগী আসা বেড়ে গেলে তাদের চিকিৎসা কার্যক্রম সেখান থেকে দিতে পারি।"" বাংলাদেশে জুন-জুলাই মাসেই এডিস মশা-বাহিত ডেঙ্গুতে আক্রান্ত হয়েছে দশ হাজারের মতো মানুষ। তিনি বলেন, ""এতো রোগী আসবে তার জন্য আমরা স্বাভাবিকভাবেই প্রস্তুত ছিলাম না। কাজেই কিছু রোগীকে বিছানা ছাড়াই চিকিৎসা নিতে হবে। কারণ চিকিৎসা পাওয়াটাই বড় কথা। আর এটা সাথে অনেক রোগী থাকলে অনেক রোগীর প্রতিই মনোযোগ দিতে হবে।"" ""হাসপাতালের অন্য বিভাগের চিকিৎসকদের এই বিভাগে যোগ দেয়ার অনুরোধ জানাচ্ছি। এমনকি বেসরকারি মেডিকেল কলেজগুলোর প্রতি অনুরোধ জানানো হয়েছে যে, তাদের যে শিক্ষক ও শিক্ষার্থী রয়েছেন তাদেরকেও যাতে এই কাজে নামায়,"" তিনি বলেন। ঢাকার বাইরেও ডেঙ্গু ছড়িয়ে পড়ার খবর পাওয়া গেছে। মিস্টার আজাদ বলেন, ওইখানে যেসব রোগী ভর্তি হচ্ছে তাদের চিকিৎসার বিষয়টিও পর্যালোচনা করা হচ্ছে। তিনি বলেন, ""যেসব হাসপাতালে ডেঙ্গু রোগী ভর্তি হয়েছে বলে শুনেছি সেই হাসপাতাল কর্তৃপক্ষের সাথে ভিডিও কনফারেন্সে কথা বলেছি।"" তিনি আশা প্রকাশ করেন, ঢাকার মতো চিকিৎসা যাতে ঢাকার বাইরেও হয় তা নিশ্চিত করে সম্মিলিত প্রচেষ্টায় এই 'দুর্যোগ' কাটিয়ে উঠবেন তারা।","বাংলাদেশে ডেঙ্গু পরিস্থিতি ব্যাপকভাবে বৃদ্ধি পেয়েছে, বিশেষ করে ঢাকায়, যেখানে সরকারি-বেসরকারি হাসপাতালগুলো রোগীদের চাপ সামলাতে হিমশিম খাচ্ছে। স্বাস্থ্য অধিদপ্তরের মহাপরিচালক আবুল কালাম আজাদ জানিয়েছেন, অনেক রোগী হাসপাতালে ভর্তি না হয়েও ভর্তি হতে চাইছেন, যা চিকিৎসকদের উপর মানসিক চাপ তৈরি করছে। ঢাকার বেশ কয়েকটি বেসরকারি হাসপাতালে রোগী ধারণক্ষমতা পূর্ণ হওয়ায় সাইনবোর্ডে লেখা হয়েছে, “আর রোগী ভর্তি করা হবে না।” তবে সরকারি হাসপাতালগুলো রোগীদের ফিরিয়ে দিচ্ছে না, তবে পর্যাপ্ত বিছানা না থাকায় রোগীরা বারান্দায় বা মেঝেতে থাকতে বাধ্য হচ্ছে। স্বাস্থ্য অধিদপ্তর ১০টি তদারকি টিম গঠন করেছে এবং ডেঙ্গু আক্রান্ত রোগীদের চিকিৎসার চাপ সামলাতে অতিরিক্ত বিছানা ও ইনডোর সুবিধা বাড়ানোর ব্যবস্থা নিয়েছে। দেশের বাইরেও ডেঙ্গু ছড়িয়ে পড়ায়, স্থানীয় হাসপাতালগুলোর সঙ্গে ভিডিও কনফারেন্সের মাধ্যমে চিকিৎসা পরিস্থিতি পর্যবেক্ষণ করা হচ্ছে।"
"ডোনাল্ড ট্রাম্প অভিযোগ করেছেন টু্‌ইটার আমেরিকার ২০২০ নির্বাচনে নাক গলাচ্ছে। মি. ট্রাম্প কোনরকম তথ্যপ্রমাণ না দিয়ে টুইট করেছিলেন: ''ডাকযোগে পাঠানো ব্যালটপত্রে যে ব্যাপক কারচুপি হবে এটা অস্বীকার করার কোন পথই নেই।'' টুইটার এই পোস্টের সাথে একটি সতর্কবার্তা জুড়ে দিয়েছে এবং এটির সাথে একটি পেজ যুক্ত করে দিয়েছে যাতে ব্যাখ্যা করা হয়েছে এই দাবি ""ভিত্তিহীন""। প্রেসিডেন্ট ট্রাম্প এর উত্তর আবার টুইট করে বলেছেন সামাজিক মাধ্যমের এই বিশাল প্রতিষ্ঠানটি ''বাক স্বাধীনতার পুরো কণ্ঠরোধ করছে''। কয়েক বছর ধরেই টুইটারের বিরুদ্ধে প্রেসিডেন্ট ট্রাম্পের বিতর্কিত টুইট পোস্ট করা নিয়ে সমালোচনা উঠেছে। এসব টুইটে মি. ট্রাম্প তার রাজনৈতিক প্রতিদ্বন্দ্বীদের বিরুদ্ধে ব্যক্তিগত আক্রমণ করেছেন এবং ষড়যন্ত্র তত্ত্ব বলে অনেক কিছু উড়িয়ে দিয়েছেন। করোনাভাইরাস মহামারির মধ্যে এ মাসে টুইটার বিভ্রান্তিমূলক তথ্য বিষয়ে তাদের নতুন নীতিমালা চালু করেছে। টুইটারে মি. ট্রাম্পের অনুসারীর সংখ্যা ৮ কোটির বেশি। তবে সম্প্রতি মি. ট্রাম্প তার রাজনৈতিক সহযোগী লোরি ক্লাউসুটিসের মৃত্যু নিয়ে একটি ষড়যন্ত্র তত্ত্ব দিয়ে টুইট করেছিলেন যেখানে তার মৃত্যুর জন্য একজন সুপরিচিত সমালোচককে তিনি দায়ী করেছেন- সেই পোস্টটি নিয়ে টুইটার কোন সতর্কবার্তা দেয়নি। বিবিসি বাংলায় আরও পড়তে পারেন: ট্রাম্প বলছেন আমেরিকায় সবচেয়ে বেশি করোনা আক্রান্ত 'সম্মানের' করোনাভাইরাস নয়, চীন এখন আমেরিকার মূল টার্গেট যুক্তরাষ্ট্রের গ্রিন কার্ড সাময়িকভাবে স্থগিত করা হবে - ট্রাম্প টুইটার কী বলছে? মি. ট্রাম্প পোস্টাল ব্যালট নিয়ে যে টুইট করেছেন টুইটার সংস্থা তার সঙ্গে একটি নীল রংয়ের বিস্ময়বোধক চিহ্ণ জুড়ে দিয়েছে সতর্কবার্তা হিসাবে এবং সেইসঙ্গে একটি লিংক দিয়েছে যাতে পাঠকদের বলা হয়েছে ''মেল-ইন-ব্যালট বা ডাকে পাঠানো ব্যালট নিয়ে তথ্য যাচাই করে নিন''। এই লিংক পাঠকদের নিয়ে যাচ্ছে একটি পাতায় যেখানে মি. ট্রাম্পের দাবিকে বর্ণনা করেছে ''ভিত্তিহীন'' বলে এবং সেখানে সিএনএন, ওয়াশিংটন পোস্ট এবং অন্যান্য গণমাধ্যমে এ সংক্রান্ত খবরের কথা তুলে ধরা হয়েছে। মহামারির কারণে আমেরিকার অঙ্গরাজ্যগুলোর ওপর ডাকযোগে ভোট দেবার জন্য চাপ বাড়ছে, কারণ মানুষ ভোটকেন্দ্রে যেতে শংকিত বোধ করছেন সংক্রমণের ভয়ে। একটি গবেষণা সংস্থার সাম্প্রতিক জরিপে দেখা গেছে আমেরিকার ৬৬% মানুষ করোনাভাইরাস মহামারির মধ্যে ভোটকেন্দ্রে গিয়ে ভোট দিতে স্বচ্ছন্দ বোধ করছে না। তার টুইটে প্রেসিডেন্ট ট্রাম্প আরও লিখেছেন: ''মেল বক্সে ডাকাতি করা হবে, ব্যালটে কারচুপি হবে, এমনকী অবৈধভাবে সেগুলো ছাপানো হবে এবং জাল সই দেয়া হবে। ক্যালিফোর্নিয়ার গর্ভনর লক্ষ লক্ষ মানুষকে ব্যালটপত্র পাঠাচ্ছেন।'' টুইটার তাদের পাতায় ''আপনার যা জানা প্রয়োজন'' এই শিরোনামে লিখেছে যে, ''মি. ট্রাম্প ভুয়া দাবি করেছেন ডাকে পাঠানো ব্যালটের মাধ্যমে 'একটা কারচুপির নির্বাচন' হবে।'' ''তথ্য যাচাইকারীরা বলছেন ভোট কারচুপির সাথে ডাকযোগে ব্যালট পেপার পাঠানোর কোন যোগাযোগ আছে এমন তথ্যপ্রমাণ পাওয়া যায়নি,'' তারা বলছেন। টুইটার প্রতিশ্রুতি দিয়েছে তাদের সাইটে মিথ্যা এবং বিভ্রান্তিকর তথ্য দিলে তারা সতর্কবার্তা দিয়ে লেবেলের ব্যবহার আরও বাড়াবে। কিন্তু প্রেসিডেন্ট ট্রাম্পের ক্ষেত্রে এধরনের পদক্ষেপ তারা নিয়েছে দেরি করে। মি. ট্রাম্প ফেসবুকেও ডাকযোগে ভোটের কাগজ সম্পর্কে একই দাবি করেছেন। কিন্তু ফেসবুকে তথ্য যাচাইয়ের ব্যাপারে কোন সতর্ক বার্তা দেয়া হয়নি। মি. ট্রাম্প উত্তরে কী বলছেন? মি. ট্রাম্প এর উত্তরে আমেরিকার নির্বাচনে নাক গলানোর জন্য টুইটারের বিরুদ্ধে অভিযোগ করেছেন। এবছর তেসরা নভেম্বর আমেরিকায় নির্বাচন হবার কথা। তিনি বলেছেন, ''টুইটার বাক স্বাধীনতার পুরো কণ্ঠরোধ করছে, এবং, আমেরিকার প্রেসিডেন্ট হিসাবে আমি এটা হতে দেব না।'' ডোনাল্ড ট্রাম্প তার অনুসারীদের কাছ থেকে সমর্থন আদায়ে প্রায়ই টুইটার ব্যবহার করেন। মি. ট্রাম্প এ যাবৎ ৫২ হাজারের বেশি টু্‌ইট করেছেন। লক্ষ লক্ষ মানুষের কাছে তার মত পৌঁছে দেবার জন্য তিনি প্রায়ই টুইটার ব্যবহার করেন। তিনি প্রতিপক্ষের বিরুদ্ধে আক্রমণের জন্য টুইটার ব্যবহার করেন - উত্তর কোরিয়ার নেতা কিম জং আনকে লক্ষ্য করে পোস্ট দেয়া থেকে শুরু করে আমেরিকায় তার রাজনৈতিক প্রতিদ্বন্দ্বীদের বিরুদ্ধে মন্তব্য করার জন্য সামাজিক যোগাযোগের এই মাধ্যমকে তিনি খুবই বেশি পছন্দ করেন। ২০১৭ সালে লন্ডনের মেয়র সাদিক খানকে লক্ষ্য করে তিনি মুসলিম বিদ্বেষী টুইট করেছিলেন। বিবিসির উত্তর আমেরিকা সংবাদদাতা অ্যান্টনি জার্চার তখন বলেছিলেন এর মূল লক্ষ্য ছিল আমেরিকাবাসীকে হুঁশিয়ার করে দেশের ভেতরে আসলে একটা রাজনৈতিক বার্তা দেয়া। বিবিসির প্রযুক্তি বিষয়ক বিশ্লেষক জোয়ি টমাস বলছেন মি. টাম্প তার রাজনৈতিক প্রতিপক্ষ, রাজনীতিক ও অন্যান্য ব্যক্তিত্বকে ঘায়েল করতে এতদিন টুইটারকে হাতিয়ার হিসাবে ব্যবহার করে আসলেও এখন তিনি খোদ এই প্ল্যাটফর্মকে ঘায়েল করার লড়াইয়ে নামবেন। আমেরিকায় অনেক মানুষই কোভিড সংক্রমেণর কারণে ভোটকেন্দ্রে যেতে ভয় পাচ্ছেন। প্রেসিডেন্ট ট্রাম্প যদিও বলেছেন টুইটারের ""এই বাক স্বাধীনতা হরণের নীতি তিনি বরদাস্ত করবেন না"" কিন্তু বিবিসির বিশ্লেষক বলছেন টু্‌ইটার একটি বেসরকারি সংস্থা এবং তাদের মাধ্যম নিয়ে তাদের নিজস্ব নীতি প্রণয়নের অধিকার তাদের আছে। কিন্তু সমস্যা হল টুইটার আমেরিকান প্রেসিডেন্ট বা অন্য কোন বিশ্ব নেতার টুইট নিয়ে এধরনের কোন পদক্ষেপ আগে কখনও নেয়নি। অন্যদিকে মি. ট্রাম্পের বিস্ফোরক মন্তব্যের একটা আকর্ষণ রয়েছে তার অনুসারী এবং অন্য টু্ইটার ব্যবহারকারীদের কাছেও। ফলে টুইটার প্রেসিডেন্টের মন্তব্যের যে বিরাট পাঠককূল আছে সেটাও হারাতে আগ্রহী হবে না। বিবিসির জোয়ি টমাস বলছেন তাদের এই নতুন সর্তকবার্তা দেয়ার পদ্ধতি দুয়ের মধ্যে ভারসাম্য রাখার একটা নীতি হতে পারে, যেখানে মি. ট্রাম্পের মত বিশ্ব নেতারা অবাধে তাদের মন্তব্য করতে পারবেন, পাঠকও সেগুলো পড়ার সুযোগ পাবে, অন্যদিকে টু্‌ইটারও ভুয়া বা বিভ্রান্তিকর তথ্য সম্পর্কে পাঠকদের হুঁশিয়ার করে দেবার দায়িত্বটাও পালন করতে পারবে।","ডোনাল্ড ট্রাম্প টুইটারে অভিযোগ করেছেন যে ২০২০ সালের নির্বাচনে ডাকযোগে ব্যালটপত্রে ব্যাপক কারচুপি হবে। তার পোস্টের সঙ্গে টুইটার সতর্কবার্তা জুড়ে দিয়েছে, যা দাবি করেছে এটি ""ভিত্তিহীন""। ট্রাম্প টুইটারকে বাক স্বাধীনতার কণ্ঠরোধ করার অভিযোগ তুলে বলেন, তাদের এ ধরনের পদক্ষেপ তিনি বরদাস্ত করবেন না। তিনি সামাজিক মাধ্যমের মাধ্যমে তার অনুসারীদের কাছ থেকে সমর্থন আদায়ের জন্য টুইটার ব্যবহার করে থাকেন। তবে, টুইটার তাদের নীতি অনুযায়ী বিভ্রান্তিকর তথ্যের বিরুদ্ধে সতর্কবার্তা দেয়, যদিও ট্রাম্পের ক্ষেত্রে এটি দেরিতে নেওয়া হয়েছে। ফেসবুকে একই দাবি করলেও, সেখানে কোন সতর্কবার্তা দেয়া হয়নি। ট্রাম্পের সমালোচকরা বলছেন, টুইটার একটি বেসরকারি সংস্থা হওয়ায় তাদের নিজস্ব নীতিমালা প্রণয়নের অধিকার রয়েছে, তবে ট্রাম্পের মত বিশ্ব নেতাদের মন্তব্যের ক্ষেত্রে ভারসাম্য রাখা দরকার।"
"বন্যার প্রকোপ ছড়িয়ে পড়ছে সারা দেশে। বাংলাদেশের উত্তরের জেলারগুলোর মধ্যে বন্যায় সবচেয়ে বেশি প্লাবিত হয়েছে কুড়িগ্রামের চিলমারী উপজেলা। চিলমারীর একজন বাসিন্দা বসির আহমেদ বলছিলেন, এখন চিলমারী শতভাগ এলাকা বন্যা প্লাবিত। ""আমি যে বাড়িতে থাকি সেটি বেশ উঁচুতে। আমার বাড়িওয়ালা বলছেন ৮৮ সালের বন্যায় এই বাড়িতে পানি ওঠেনি,"" তিনি জানান, ""কিন্তু আজ সকালে আমাদের বাড়িতে পানি উঠেছে। বাড়ির বাইরে কোমরের উপরে পানি।"" ""ডিঙ্গি নৌকায় করে এই মাত্র আমার স্ত্রীকে একটা আশ্রয় কেন্দ্রে রেখে এলাম।। চিলমারীর সব জায়গায় এখন পানি আর নৌকায় যাতায়াত করতে হচ্ছে"" - বলছিলেন বসির আহমেদ। কুড়িগ্রামের মতই দেশের মধ্যাঞ্চলের চারটি জেলা আগামী ২৪ ঘণ্টার মধ্যে বন্যায় প্লাবিত হওয়ার পূর্বাভাস দিচ্ছে বন্যা পূর্বাভাস এবং সতর্কীকরণ কেন্দ্র। তার বলছে, এসব জেলাগুলো হচ্ছে ফরিদপুর, মানিকগঞ্জ, মুন্সিগঞ্জ এবং রাজবাড়ী। বন্যা পূর্বাভাস এবং সতর্কীকরণ কেন্দ্রের কর্মকর্তা মো.শাহেদ কাওসার জানান, উজান থেকে পানি বিভিন্ন নদনদী দিয়ে এখন এসব এলাকা প্লাবিত করবে। তিনি বলছিলেন, ""উজান থেকে যে পানিটা আসছে বিশেষ করে জামালপুর, কুড়িগ্রামের তিস্তা নদী - সেখান থেকে পানিটা এখন মধ্যাঞ্চলে চলে আসছে।"" গাইবান্ধায় শুকনো জায়গার সন্ধানে বানভাসী মানুষ। আরও পড়তে পারেন: জনদুর্ভোগ কমাতে কি ভিআইপি সংস্কৃতি বদলাতে হবে? রোগীকে বেশি ঔষধ দেয়া ঠেকাতে মোবাইল কোর্ট ইংল্যান্ডের বেন স্টোকস হতে পারেন 'সেরা নিউজিল্যান্ডার'? যে চারটি নতুন জেলা প্লাবিত হবে তার মধ্যে সবচেয়ে ক্ষতিগ্রস্ত হওয়ার আশঙ্কা রয়েছে ফরিদপুরের। ফরিদপুরের অতিরিক্ত জেলা প্রশাসক রোকসানা রহমান জানান, বন্যার পূর্বাভাসের পরেই তারা আশ্রয়কেন্দ্রসহ দুর্যোগকালীন প্রস্তুতি নিয়ে রেখেছেন। মিজ রোকসানা বলছিলেন, ""আমরা বন্যার পূর্বাভাস পাওয়ার পর থেকেই জেলার সংশ্লিষ্ট সকল অফিস মিটিং করেছি। ৫৫টি আশ্রয়কেন্দ্র প্রস্তুত রাখা হয়েছে। এছাড়া নিকটবর্তী স্কুলগুলোকে প্রস্তুত রাখা হয়েছে। ৯২টি মেডিকেল টিম গঠন করা হয়েছে। এছাড়া ত্রাণের জন্য ইতিমধ্যে উপজেলাগুলোতে শুকনা খাবার চাল পাঠানো হয়েছে। আরো যে চাহিদা রয়েছে সেটা আমরা ঢাকায় জানিয়েছি।"" বাংলাদেশের মোট ২২টি জেলা এখন বন্যাপ্লাবিত। তবে কত মানুষ এই বন্যায় ক্ষতিগ্রস্ত তার হিসেব এখনো পাওয়া যাচ্ছে না। পূর্বাভাস কেন্দ্র বলছে, এ বছর বাংলাদেশ ছাড়াও ভারতের আসাম, মেঘালয়, ত্রিপুরা, বিহার এবং মিয়ানমারে একই সময়ে বৃষ্টিপাত হয়েছে। যার কারণে বন্যার প্রকোপটা বেশি দেখা যাচ্ছে। এমনিতে বাংলাদেশে জুলাই মাসে বৃষ্টিপাতের কারণে এবং উজান থেকে নদীর পানির ঢলে বন্যা হয়। পানি বাড়ার পরও নিজের ভিটামাটি ছাড়তে চাইছেন না অনেকেই। বাংলাদেশের দুর্যোগ ব্যবস্থাপনা অধিদপ্তরের একজন পরিচালক মো. ইফতেখারুল ইসলামের কাছে জিজ্ঞেস করা হয়েছিল, প্রতি বছরই বন্যার সময় পর্যাপ্ত পরিমাণ ত্রাণ সহায়তা না পাওয়ার অভিযোগ ওঠে। এবছর কি তারা আগাম সতর্কতামূলক কোন ব্যবস্থা নিয়েছেন? জবাবে মি. ইসলাম বলেন, তারা বিষয়টা খতিয়ে দেখছেন। এই মুহূর্তে টাঙ্গাইলের বেশ কয়েকটি এলাকা বন্যা কবলিত এবং কালকের তুলনায় পরিস্থিতি আজ আরো খারাপ হয়েছে। কালিহাতিতেও বন্যা হচ্ছে। ""সেখানে তালিকা তৈরি করতে হবে কাদের ত্রাণসামগ্রী দিতে হবে। কিন্তু প্রশ্ন হচ্ছে ত্রাণ পৌঁছাতে তো মিনিমাম একটা সময়ের প্রয়োজন। এখন যদি কেউ বলে ত্রাণসামগ্রী তারা পাচ্ছে না, বিষয়টা তেমন না। তারা অবশ্যই পাবে।"" এদিকে পূর্বাভাস কেন্দ্র জানাচ্ছে, যদি আবারো ভারী বৃষ্টিপাত না হয় তাহলে এসব জেলায় আগামী দুই সপ্তাহ সময় পর্যন্ত বন্যার পানি থাকবে। কেন্দ্র বলছে, যমুনা এবং পদ্মা নদীর পানি বিভিন্ন পয়েন্টে এখন বিপদসীমার উপর দিয়ে বয়ে যাচ্ছে।","বাংলাদেশে বন্যার প্রকোপ ব্যাপকভাবে ছড়িয়ে পড়ছে, বিশেষ করে কুড়িগ্রামের চিলমারী উপজেলা সবচেয়ে বেশি প্লাবিত হয়েছে। চিলমারী বাসিন্দা বসির আহমেদ জানান, ৮৮ সালের বন্যার পর এবারই প্রথম তাদের বাড়িতে পানি ওঠে। বর্তমানে চিলমারীসহ আরও চারটি জেলা—ফরিদপুর, মানিকগঞ্জ, মুন্সিগঞ্জ, এবং রাজবাড়ী—প্লাবিত হওয়ার পূর্বাভাস রয়েছে। বন্যা পূর্বাভাস এবং সতর্কীকরণ কেন্দ্রের কর্মকর্তা মো. শাহেদ কাওসার জানিয়েছেন, উজান থেকে পানি এসে এসব এলাকার নদীসমূহে পানি বৃদ্ধি করছে। ফরিদপুরে সবচেয়ে বেশি ক্ষতির আশঙ্কা, তবে জেলা প্রশাসন ইতিমধ্যে আশ্রয়কেন্দ্র এবং মেডিকেল টিম প্রস্তুত রেখেছে। বর্তমানে বাংলাদেশে মোট ২২টি জেলা বন্যাপ্লাবিত, এবং বন্যার প্রকোপে ভারত এবং মিয়ানমারেও অতিরিক্ত বৃষ্টিপাতের কারণে পরিস্থিতি আরও খারাপ হয়েছে। দুর্যোগ ব্যবস্থাপনা অধিদপ্তরের পরিচালক মো. ইফতেখারুল ইসলাম জানিয়েছেন, তারা আগাম সতর্কতার অংশ হিসেবে ত্রাণ প্রস্তুতি নিয়ে কাজ করছেন।"
"মাওবাদী এলাকায় পুলিশের টহল (ফাইল ফটো) ভারতে যে রাজ্যগুলোতে মাওবাদীদের দাপট বেশি, সেগুলোর মুখ্যমন্ত্রী ও পুলিশ-প্রধানদের সঙ্গে বৈঠকেই তিনি সোমবার এ মন্তব্য করেন। মাওবাদীদের সঙ্গে শান্তি-আলোচনার কথা যে সরকার আদৌ ভাবছে না, সেটাও তিনি স্পষ্ট করে দিয়েছেন। দুসপ্তাহ আগে ছত্তিশগড়ের সুকমায় মাওবাদীদের হামলায় ২৫জন সিআরপিএফ জওয়ান নিহত হওয়ার পরই ভারতের কেন্দ্রীয় সরকার তড়িঘড়ি আজকের এই বৈঠক ডেকেছিল। সেখানে স্বরাষ্ট্রমন্ত্রী রাজনাথ সিং স্পষ্ট করে দেন মাওবাদীদের দমনে সরকারি কৌশলে বিরাট কোনও পরিবর্তন হচ্ছে না। তিনি বলেন, ""সিলভার বুলেট দিয়ে এই সমস্যা মিটবে না - অর্থাৎ ঝটিতি কোনও জাদুবলে এর সমাধান মিলবে না, আর এর কোনও শর্টকাটও নেই। স্বল্প, মাঝারি ও দীর্ঘমেয়াদে নানা ধরনের হাতিয়ার ব্যবহার করেই আমাদের এগোতে হবে।"" ইংরেজিতে সমাধান শব্দের এস, এ, এম ইত্যাদি সবগুলো বর্ণের জন্য স্মার্ট লিডারশিপ, অ্যাগ্রেসিভ স্ট্র্যাটেজি, মোটিভেশন এজাতীয় নানা শব্দ ব্যবহার করে স্বরাষ্ট্রমন্ত্রী দাবি করেন, এই সমাধান শব্দেই লুকিয়ে আছে মাওবাদীদের জবাব। আরও পড়ুন: নির্বাচনের পালে হাওয়া, নেই আগাম ভোটের ইঙ্গিত কিভাবে সনাক্ত করবেন ফেসবুকের ভুয়া খবর মাওবাদী বিদ্রোহ দমনের সহজ সমাধান নেই - স্বরাষ্ট্রমন্ত্রী রাজনাথ সিং তবে কলকাতায় কনফ্লিক্ট স্টাডিজের বিশেষজ্ঞ অধ্যাপক সমীর কুমার দাস মনে করছেন, সামরিক পথই মাওবাদী দমনের একমাত্র পথ হতে পারে না। তিনি বলছিলেন, ""একটা দিক দিয়ে রাষ্ট্রের চোখ দিয়ে দেখলে রাষ্ট্র সব সময়েই একে সামরিক পথেই মোকাবিলা করতে চাইবে, কিন্তু মাওবাদী সমস্যা আসলে হল অনুন্নয়নের সমস্যা - এবং অপশাসনের, যেটাকে বলতে পারি গভর্ন্যান্স ডেফিসিট।"" ""টাকা খরচ এক জিনিস, আর উন্নয়নের সুফল এলাকার মানুষের হাতে পৌঁছনো, তাদের প্রত্যাশা অনুযায়ী উন্নয়ন আর এক জিনিস। এ দুয়ের মধ্যে একটা অসামঞ্জস্য রয়েই গেছে, যেটা আমরা অ্যাড্রেস করতে পারিনি"", বলছিলেন অধ্যাপক দাস। তিনি আরও মনে করেন, যখনই হিংসা কমে গেছে - এবং পরিসংখ্যানগত দিক থেকে সেটা সত্যিও - তখনই সরকার ভেবেছে এর সমাধান হয়ে গেছে। কিন্তু সমস্যার মূলোৎপাটন করতে না-পারায় মাওবাদী হিংসা বারবার ঘুরেফিরে এসেছে। ভারতের সাবেক স্বরাষ্ট্র সচিব জি কে পিল্লাই এদিন বিবিসি বাংলাকে বলছিলেন, নকশাল অধ্যুষিত এলাকায় মূল সমস্যা হল যোগাযোগের অভাব - অদূর ভবিষ্যতে তিনটি নির্মীয়মান ব্রিজের কাজ শেষ হলে এলাকার ছবিটা বদলাতে বাধ্য। ""আর দু-এক বছরের মধ্যে ইন্দ্রাবতী নদীর ওপর একটি ব্রিজ, মোটু ব্রিজ আর ওড়িশার দিকে আর একটা ব্রিজের কাজ শেষ হলেই বিস্তীর্ণ একটা অঞ্চল তথাকথিত সভ্যতার মধ্যে চলে আসবে।"" ""আমি হোম সেক্রেটারি থাকার সময়ে এমন এলাকাতেও গেছি, যেখানে ভারতের প্রধানমন্ত্রী কে, জিজ্ঞেস করার পর উত্তর পেয়েছি লেনিন বা স্টালিন। কারণ মাওবাদীরা তাদের সেরকমই বুঝিয়েছে, আর স্বাধীনতার সত্তর বছরেও সেখানে পা পড়েনি কোনও সরকারি কর্মকর্তার"", বলছিলেন তিনি। আরও বেশি সংখ্যায় সেনা মোতায়েন বা সেতু-সড়কের নির্মাণ সেই ছবি কতটা পাল্টাতে পারবে তা দেখার বিষয়, তবে অ্যাক্টিভিস্ট ও গবেষক নন্দিনী সুন্দরের মতে সঙ্কট সমাধানের জন্য শান্তি-আলোচনার কোনও বিকল্প নেই। তার কথায়, ""ভারতীয় রাষ্ট্রের খুব পুরনো সমস্যা হল তারা শান্তিপূর্ণ সমাধানে বিশ্বাসই করে না। অথচ সারা দুনিয়ায় এর কত উদাহরণ আছে - এমন কী কলম্বিয়াতে সফল শান্তি আলোচনার পর গত বছর সে দেশের প্রেসিডেন্ট যখন নোবেল পুরস্কার পেলেন, তখন ভারতের সুপ্রিম কোর্ট বলেছিল এ দেশেও তেমন কোনও উদ্যোগ নেওয়া উচিত। কিন্তু সরকার যে আদৌ উৎসাহী নয়!"" মাওবাদীদের সঙ্গে না-হোক, অন্তত ওই সব এলাকার গ্রামবাসীদের সঙ্গে বসে তাদের মানবাধিকার লঙ্ঘনের অভিযোগগুলোর - খুন-ধর্ষণ-ঘরবাড়ি জ্বালিয়ে দেওয়ার ঘটনাগুলোর প্রতিকার করা হোক সেই দাবিই জানাচ্ছেন মিস সুন্দরের মতো আরও অনেকে। কিন্তু মাওবাদী বিদ্রোহীদের দমনে সরকারের নীতি এখনও হল আরও জোরদার অভিযান এবং ব্যাপকতর উন্নয়ন, আর সেই উন্নয়নটাও সরকারের মতো করেই।","ভারতে মাওবাদী বিদ্রোহ মোকাবিলায় সরকারের নীতি নিয়ে বিতর্ক চলছে। সম্প্রতি, ভারতের স্বরাষ্ট্রমন্ত্রী রাজনাথ সিং মাওবাদীদের দমনে সামরিক শক্তি ও উন্নয়ন পরিকল্পনার সমন্বয়ে একটি দীর্ঘমেয়াদী কৌশলের কথা বলেছেন। তিনি উল্লেখ করেন, মাওবাদীদের সমাধানে কোনও শর্টকাট বা দ্রুত সমাধান নেই, এবং একাধিক হাতিয়ার ব্যবহার করে এই সমস্যা মোকাবিলা করতে হবে। তবে, অনেক বিশেষজ্ঞ ও একটিভিস্টদের মতে, শুধুমাত্র সামরিক পদক্ষেপ মাওবাদী সমস্যার সমাধান দিতে পারবে না। কলকাতার কনফ্লিক্ট স্টাডিজ বিশেষজ্ঞ অধ্যাপক সমীর কুমার দাস মনে করেন, মাওবাদী বিদ্রোহের মূল কারণ হল অনুন্নয়ন এবং অপশাসন। তাদের বক্তব্য, মাওবাদী সমস্যার সমাধান উন্নয়নমূলক পদক্ষেপের মাধ্যমে সম্ভব, যেখানে স্থানীয় জনগণের চাহিদা ও প্রত্যাশার প্রতি মনোযোগ দেওয়া হবে। ভারতের সাবেক স্বরাষ্ট্র সচিব জি কে পিল্লাইও উল্লেখ করেন, মাওবাদী অধ্যুষিত অঞ্চলে যোগাযোগের অভাব অন্যতম প্রধান সমস্যা, এবং সেতু ও রাস্তার উন্নয়ন সেই এলাকাগুলোর চিত্র পরিবর্তন করতে পারে। অন্যদিকে, কিছু অ্যাক্টিভিস্ট ও গবেষক, যেমন নন্দিনী সুন্দর, শান্তিপূর্ণ সমাধানের প্রতি জোর দিয়েছেন। তারা দাবি করছেন, মাওবাদীদের সঙ্গে নয়, অন্তত ওই অঞ্চলের গ্রামবাসীদের সঙ্গে বসে তাদের মানবাধিকার লঙ্ঘনের অভিযোগসমূহের প্রতিকার করা উচিত। তবে সরকারের অবস্থান এখনও সামরিক অভিযান ও উন্নয়নমূলক কার্যক্রমের দিকে বেশি। মোটকথা, মাওবাদী সমস্যার সমাধানে বিভিন্ন মতামত ও পদক্ষেপের মধ্যে ভারসাম্য স্থাপন করা এক চ্যালেঞ্জ হয়ে দাঁড়িয়েছে।"
"খালেদা জিয়ার মুক্তির দাবিতে বিক্ষোভের পাশাপাশি নিয়মিত বিদেশী কূটনীতিকদের সাথে কথা বলছেন বিএনপি নেতারা যুক্তরাষ্ট্র এবং ভারতসহ ১৯টি দেশের দূতাবাস বা হাইকমিশন থেকে প্রতিনিধিরা বিএনপি নেতাদের আমন্ত্রণে এই বৈঠকে অংশ নেন। দলের নেত্রী খালেদা জিয়া গ্রেফতার হওয়ার পর গত সাত মাসের প্রায় প্রতি মাসেই বিদেশি কূটনীতিকদের সাথে বসেছেন বিএনপি নেতারা। বিএনপি বলছে দেশের রাজনৈতিক পরিস্থিতি সম্পর্কে বিদেশি কূটনীতিকদের অবহিত করছেন। কিন্তু এতে কী উদ্দেশ্য হাসিল হচ্ছে বিএনপির? বিএনপির মহাসচিব মির্জা ফখরুল ইসলাম আলমগীর বিবিসিকে বলেন, দেশের রাজনৈতিক পরিস্থিতি নিয়ে তারা তাদের অবস্থান সম্পর্কে বিদেশি কূটনীতিকদের কাছে একটা ধারণা দেয়ার চেষ্টা করেন। ""লক্ষ্য একটাই - আন্তর্জাতিক সম্প্রদায়ের জানা উচিত, দেশে কী ঘটছে। এবং এখানে গণতন্ত্রের অবস্থা কী? গণতান্ত্রিক স্পেস কতটুকু আছে। কীভাবে সরকার সমস্ত রাষ্ট্রযন্ত্রকে নিজেদের স্বার্থে ব্যবহার করছে । এই বিষয়গুলোই আমরা তুলে ধরার চেষ্টা করি।"" সর্বশেষ বৈঠকে বিএনপি নেতারা তাদের নেত্রীর জেলে থাকা এবং নির্বাচন নিয়েই মূলত: কথা বলেছেন। বিশ্লেষকরা মনে করেন, আগামী নির্বাচনের আগে বিভিন্ন রাজনৈতিক ইস্যুতে প্রভাবশালী দেশগুলো যাতে সরকারের উপর চাপ সৃষ্টি করে, সেই প্রত্যাশা থেকে বিএনপি এখন ঘন ঘন কূটনীতিকদের নিয়ে বৈঠক করছে। ""আন্তর্জাতিক সম্প্রদায়ের জানা উচিত, দেশে কী ঘটছে,"" বিএনপি মহাসচিব ফখরুল ইসলাম আলমগীর রাজনৈতিক বিশ্লেষক অধ্যাপক দিলারা চৌধুরী মনে করেন। এর মাধ্যমে সরকারের উপর যাতে একটা চাপ সৃষ্ট হয়, সেটাই বিএনপির প্রত্যাশা। ""বিএনপি চায় একটা অংশগ্রহণমূলক, স্বচ্ছ, অবাধ নির্বাচন করতে বিদেশিরা সরকারকে পরামর্শ দেবে। এটা বিএনপি আশা করে।"" বাংলাদেশের রাজনীতিতে যখন যারাই বিরোধী দলে থাকে, তারাই দেশে কোনো বিশেষ পরিস্থিতি তৈরি হলে বিদেশি কূটনীতিকদের শরণাপন্ন হয়। এমনকী অনেক সময় সরকারের পক্ষ থেকেও বিদেশিদের কাছে বিশেষ কোনো পরিস্থিতি তুলে ধরা হয়। যেমন নিরাপদ সড়কের দাবিতে শিক্ষার্থীদের আন্দোলনের পর সরকারের পক্ষ থেকেও বিদেশি কূটনীতিকদের ব্রিফ করতে দেখা গেছে। অধ্যাপক দিলারা চৌধুরী বলেন, ""বাংলাদেশের রাজনীতিতে বাইরের শক্তির প্রভাব এখনও যে আছে, সে বিষয়ে সন্দেহের তেমন কোনো অবকাশ নাই।"" তবে বিএনপি যে কয়েকমাস ধরে নিয়মিত বিদেশি কূটনীতিকদের সাথে বৈঠক করছে তা নিয়ে সরকারের সিনিয়র মন্ত্রীদেরও অনেকে বলেছেন, বিদেশীদের কাছে দেশের রাজনীতি নিয়ে নালিশ করা হচ্ছে। বিএনপি মহাসচিব মি: আলমগীর এমন কথা খারিজ করে দিলেন। ""কোনো নালিশের ব্যাপার এটার মধ্যে থাকে না। আমরা শুধু অবহিত করি যে কি ঘটছে এদেশে। এখনতো কোনো দেশই বিচ্ছিন্ন না। একটা টোটাল ভিলেজের মত। সেক্ষেত্রে যারা ডেভেলপমেন্ট পার্টনার আছে, যারা গণতান্ত্রিক দেশ আছে, বাংলাদেশের প্রতি সহানুভূতিশীল দেশ যেগুলো আছে, তাদের আমরা বিষয়গুলো অবহিত করি।"" অনেক বিশ্লেষক মনে করেন, বিদেশি কূটনীতিকদের সাথে বিএনপির এই নিয়মিত গণসংযোগ সরকারের উপর কিছুটা হলেও এক ধরণের মনস্তাত্ত্বিক চাপ তৈরি করছে। আরও পড়ুন: জালালুদ্দিন হাক্কানির মৃত্যু: কত বড় এই নেটওয়ার্ক? ট্রাম্পের হুঁশিয়ারী কেন তোয়াক্কা করছে না রাশিয়া","বিএনপি নেতারা খালেদা জিয়ার মুক্তি ও বাংলাদেশের রাজনৈতিক পরিস্থিতি নিয়ে নিয়মিত বিদেশী কূটনীতিকদের সাথে বৈঠক করছেন। তারা আন্তর্জাতিক সম্প্রদায়কে দেশের গণতন্ত্রের অবস্থা এবং সরকারের কর্মকাণ্ড সম্পর্কে অবহিত করতে চাচ্ছেন। বিএনপির লক্ষ্য হল, এসব বৈঠকের মাধ্যমে সরকারের উপর চাপ সৃষ্টি করে একটি অবাধ ও সুষ্ঠু নির্বাচন নিশ্চিত করা। যদিও সরকার এটি নালিশ হিসেবে দেখছে, বিএনপি দাবি করছে তারা শুধু তথ্য প্রদান করছে। অনেক বিশ্লেষক মনে করেন, বিদেশি কূটনীতিকদের সাথে বিএনপির এই যোগাযোগ সরকারে মনস্তাত্ত্বিক চাপ তৈরি করছে।"
"বাংলাদেশেও করোনাভাইরাস সংক্রমণের দ্বিতীয় ঢেউ আসতে পারে আশঙ্কা দেশটিতে গত তিন সপ্তাহ ধরে দৈনিক শনাক্তের সংখ্যা দুই হাজারের নিচে নেমে এসেছে, অর্ধেকে নেমে এসেছে দৈনিক মৃত্যুর সংখ্যাও। পরীক্ষার সংখ্যা অনেক কম হলেও পরীক্ষার তুলনায় শনাক্তের হারও নেমে এসেছে দৈনিক ১০% এর কাছাকাছিতে। এরকম পরিস্থিতিতে, রবিবারই দেশটির প্রধানমন্ত্রী শেখ হাসিনা এক বক্তব্যে আশঙ্কা প্রকাশ করেন শীতকালে সংক্রমণের হার বাড়ার। আর এদিন রাতেই নিজেদের মধ্যে বৈঠক করে রাতে জাতীয় কারিগরি পরামর্শক কমিটি সংবাদ বিজ্ঞপ্তি দিয়ে জানায়, রোডম্যাপ তৈরির প্রয়োজনীয়তার কথা। স্বাস্থ্য মন্ত্রণালয় পরামর্শক কমিটির এসব সুপারিশ নিয়ে আজ একটি জরুরি বৈঠক করবে বলেও জানা যাচ্ছে। বাংলাদেশে রবিবার পর্যন্ত বাংলাদেশে করোনাভাইরাসে আক্রান্ত হিসেবে শনাক্ত হলেন মোট ৩ লাখ ৪৮ হাজার ৯১৬ জন। করোনাভাইরাসে আক্রান্ত হয়ে এ পর্যন্ত দেশটিতে মারা যাওয়া মানুষের সংখ্যা ৪,৯৩৯ জন। মে, জুন, জুলাই মাসে প্রতিদিন সাড়ে তিন হাজার করে রোগী শনাক্ত হলেও এই মাসে প্রতিদিন রোগী শনাক্তের সংখ্যা প্রায় দেড় হাজারে নেমে এসেছে। শীতের যেসব রোগ থেকে সাবধান থাকা জরুরি শীতকালে করোনাভাইরাস পরিস্থিতি কতটা খারাপ হতে পারে? পরিবারের কারো কোভিড-১৯ হলে বাকিরা যে সাতটি কাজ করবেন করোনাভাইরাসের টিকা নিয়ে কেন ছড়াচ্ছে এত গুজব আর ষড়যন্ত্র তত্ত্ব নিজেকে যেভাবে নিরাপদ রাখবেন করোনাভাইরাস থেকে বিশ্ব মহামারি শেষ হতে কতদিন লাগবে? কোথায় কতোক্ষণ বেঁচে থাকে কোভিড-১৯ এর জীবাণু, নির্মূলের উপায় জাতীয় পরামর্শক কমিটি মনে করে, সংক্রমণের হার নিম্নমুখী হলেও এখনো হার স্বস্তিকর পর্যায়ে যায়নি। জাতীয় কারিগরি পরামর্শক কমিটি যা বলছে: কমিটির সংবাদ বিজ্ঞপ্তিতে বলা হয়েছে, প্রতিবেশী ভারত বিভিন্ন দেশে দ্বিতীয় দফায় সংক্রমণ দেখা যাচ্ছে। বৈদেশিক যোগাযোগ উন্মুক্ত হয়েছে এবং হচ্ছে। কিন্তু বাংলাদেশে স্বাস্থ্যবিধি মানার ব্যাপারে জনসাধারণের মধ্যে এক ধরণের শৈথিল্য দেখা যাচ্ছে। এসব কারণে বাংলাদেশেও পুনরায় সংক্রমণের আশঙ্কা রয়েছে। দ্বিতীয় দফার সংক্রমণ প্রতিরোধের পাশাপাশি, সংক্রমণ হলে স্বাস্থ্য সেবা নিশ্চিত করার জন্য পূর্ণ প্রস্তুতি নেয়ার পরামর্শ দিয়েছে পরামর্শক কমিটি। এছাড়া দ্বিতীয় দফার সংক্রমণ দ্রুত নির্ণয় করার জন্যও সতর্ক থাকতে বলা হয়েছে। যেহেতু জীবিকার স্বার্থে লকডাউন সম্ভব নয়, তাই একটি কার্যকর টিকা না পাওয়া পর্যন্ত নিরাপদ থাকার জন্য মাস্ক ব্যবহার করা, সাবান দিয়ে বারবার হাত ধোয়া এবং সামাজিক দূরত্ব মেনে চলাই কোভিড-১৯ প্রতিরোধের একমাত্র উপায় বলে মন্তব্য করেছে বিশেষজ্ঞ চিকিৎসকদের এই কমিটি। দ্বিতীয় দফার সংক্রমণ দ্রুত নির্ণয় এর জন্য আরো বেশি করে টেস্ট করা প্রয়োজন বলে মনে করছে পরামর্শক কমিটি। এছাড়া জেলা পর্যায়ের হাসপাতালগুলোয় এক্স-রে, রক্তের কিছু পরীক্ষার সম্প্রসারণ করা জরুরি বলে মত দিয়েছে। কমিটি বলছে, কোভিড-১৯ এর নমুনা পরীক্ষার জন্য জনগণকে উদ্বুদ্ধ করার জন্য পদক্ষেপ নিতে হবে। সংক্রমিত ব্যক্তিকে দ্রুত চিহ্নিত করে আইসোলেট করতে হবে। বিদেশ থেকে আসা যাত্রীদের স্ক্রিনিং, কোয়ারেন্টিন নিশ্চিত করাসহ প্রবেশ পয়েন্টে প্রতিরোধ কার্যক্রম আরো জোরদার করার পরামর্শ দিয়েছে পরামর্শক কমিটি। হাসপাতালে যে স্বাস্থ্যকর্মীরা কাজ করছেন, তাদের নিরাপত্তার জন্য কোয়ারেন্টিন ব্যবস্থা নিয়েও সভায় আলোচনা হয়েছে। কারণ স্বাস্থ্যকর্মীদের পাশাপাশি তাদের পরিবার-পরিজনও কোভিড-১৯ সংক্রমণের ঝুঁকিতে পড়ে। সেই সঙ্গে রোগীদের তথ্য বিনিময় করার জন্য আন্তঃ হাসপাতাল রেফারেল নেটওয়ার্ক তৈরি করার জন্যও পরামর্শ দেয়া হয়েছে। জাতীয় পরামর্শক কমিটি মনে করে, সংক্রমণের হার নিম্নমুখী হলেও এখনো হার স্বস্তিকর পর্যায়ে যায়নি। তাই হাসপাতালে কোভিড-১৯ শয্যা সংকোচন করা হলেও পুরোপুরি বন্ধ না করে ভবিষ্যতে যাতে পুনরায় ব্যবহার করা যায়, সেই প্রস্তুতি নিয়ে রাখার পরামর্শ দিয়েছে। বিবিসি বাংলার অন্যান্য খবর: ২১শে নয়, পশ্চিমবঙ্গে নতুন মাতৃভাষা দিবস চালুর চেষ্টায় বিজেপি মৃত ব্যক্তিদের না বলা কথা জানিয়ে দেন যে ব্যক্তি হাটহাজারী মাদ্রাসার পরিবেশ কি স্বাভাবিক হতে শুরু করেছে যে ছয়টি কাজ করলে ছয় বছরে পেঁয়াজে স্বয়ংসম্পূর্ণ হবে বাংলাদেশ শীতকালীন পরিবেশে করোনাভাইরাস সংক্রমণ ত্বরান্বিত হতে পারে শীতকালে সংক্রমণ বাড়ার আশঙ্কা স্বাস্থ্য অধিদপ্তরের সদ্য সাবেক অতিরিক্ত মহাপরিচালক এবং অণুজীব বিশেষজ্ঞ অধ্যাপক ড. সানিয়া তাহমিনা বিবিসি বাংলাকে বলছেন, ''কোভিড-১৯ এর সংক্রমণ কিন্তু গত বছর শুরু হয়েছিল শীতকালেই, ডিসেম্বর মাসে। তখন দেখা গেছে, শীতপ্রধান দেশগুলোয় দ্রুত ছড়িয়ে পড়েছিল। ফলে সারা বিশ্বেই আশঙ্কা করা হচ্ছে যে, শীতকালে এই রোগটির প্রাদুর্ভাব আবার বেড়ে যেতে পারে।'' বিশ্ব স্বাস্থ্য সংস্থা এর মধ্যেই হুঁশিয়ারি দিয়ে বলেছে যে আসছে শীতে করোনাভাইরাস মহামারি আরও মারাত্মক রূপ নিতে পারে। বিশেষ করে শীতের আগে থেকেই উত্তর গোলার্ধের দেশগুলোয় করোনাভাইরাসের সংক্রমণ আবার বাড়তে শুরু করেছে। কিন্তু শীতকালের সঙ্গে করোনাভাইরাসের সম্পর্ক রয়েছে, এমন কোন বৈজ্ঞানিক তথ্যপ্রমাণ এখনো পাওয়া যায়নি। যুক্তরাজ্যের বিশেষজ্ঞরা বলছেন, করোনাভাইরাসের জন্য বিশেষ করে চার ডিগ্রি সেলসিয়াস তাপমাত্রা বিশেষ অনুকূল বলে দেখা গেছে। সূর্যের আলোয় যে অতিবেগুনি রশ্মি থাকে তা ভাইরাসকে নিষ্ক্রিয় করে ফেলে। কিন্তু শীতের সময় অতিবেগুনি রশ্মির পরিমাণও কম থাকে। ড. সানিয়া তাহমিনা বলছেন, যে তাপমাত্রায় এই ভাইরাসটি বাড়ে, সহজে সংক্রমিত করতে পারে বা নিজের দ্রুত বিস্তার ঘটাতে পারে, শীতকাল সেটার জন্য আদর্শ। এ কারণেই ধারণা করা হচ্ছে যে, শীতকালে এই ভাইরাসের বিস্তার বেশি হতে পারে।","বাংলাদেশে করোনাভাইরাসের দ্বিতীয় ঢেউ আসার আশঙ্কা তৈরি হয়েছে। গত তিন সপ্তাহে শনাক্তের সংখ্যা ও মৃত্যুর হার কমলেও, শীতকালে সংক্রমণের বৃদ্ধি হতে পারে বলে সতর্কতা প্রকাশ করেছে সরকার। জাতীয় পরামর্শক কমিটি সংক্রমণ প্রতিরোধে স্বাস্থ্যবিধি মেনে চলা, টেস্ট বৃদ্ধি এবং দ্রুত শনাক্তকরণের ওপর গুরুত্ব দিয়েছে। শীতকালে ভাইরাসের বিস্তার বাড়তে পারে, বিশেষ করে শীতপ্রধান অঞ্চলে এর প্রভাব বেশি দেখা যায়। বিশ্ব স্বাস্থ্য সংস্থা এবং বিশেষজ্ঞরা শীতকালে পরিস্থিতি আরও খারাপ হতে পারে বলে সতর্ক করেছেন।"
"ধাওয়া-পাল্টা ধাওয়ার পর গাড়িতে আগুন দেয়ার ঘটনা ঘটে। পল্টনের বিএনপি কার্যালয়ে তৃতীয় দিনের মতো মনোনয়নপত্র সংগ্রহ করতে যাওয়া নেতা-কর্মীদের সাথে পুলিশের সাথে বাকবিতণ্ডার এক পর্যায়ে এই সংঘর্ষ শুরু হয়। বিএনপির সমর্থকরা সেখানে পুলিশের একট গাড়িতে আগুন দেয় এবং রাস্তার পাশে দাড়িয়ে থাকা কয়েকটি গাড়ি ভাঙচুর করে বলে জানিয়েছে পুলিশ। আরো পড়ুন: কোন ভরসায় নির্বাচন করতে চাইছেন খালেদা জিয়া? প্রস্তুতি শুরু বিএনপির, ধানের শীষ আর কারা পাচ্ছে সংসদ নির্বাচন: কেন নতুন তারিখেও আপত্তি? বিবিসি বাংলার সংবাদদাতা কাদির কল্লোল ঘটনাস্থল থেকে জানান, জলকামান ও সাঁজোয়া যানসহ পুলিশ পল্টন এলাকা ঘিরে বিভিন্ন পয়েন্টে অবস্থান নিয়েছে। বিএনপি অফিসের সামনের রাস্তায় বিএনপি সমর্থকরা খন্ড খন্ড বিক্ষোভ মিছিল করছে বলেও জানান তিনি। বিএনপি যুগ্ম-মহাসচিব রুহুল কবির রিজভী বলেছেন, এ ধরণের সহিংসতার ঘটনা পরিকল্পিতভাবে ঘটানো হয়েছে। মি. রিজভী বলেছেন, ""আগুন দেয়া বা ভাঙচুরের কোনো ঘটনার সাথে বিএনপি জড়িত নয়।"" তিনি অভিযোগ করেন বিএনপি নেতাকর্মীদের মধ্যে থেকে পুলিশের 'এজেন্ট'রা এই সহিংসতার ঘটনা ঘটিয়েছে। নেতাকর্মীদের উদ্দেশ্যে মি. রিজভী বলেছেন, সরকারের ফাঁদে যেন তারা পা না দেয়। দলের নেতাকর্মী ও সমর্থকদের শান্তিপূর্ণভাবে নির্বাচনী প্রস্তুতি নেয়ার আহ্বান জানান মি. রিজভী। পুলিশের সাথে সংঘর্ষের পর বিএনপি সমর্থকরা বিক্ষোভ করে। মতিঝিল অঞ্চলের পুলিশের উপ-কমিশনার আনোয়ার হোসেন কাদির কল্লোলকে বলেছেন, ""বিনা উস্কানিতে পুলিশের ওপর আক্রমণ করা হয়েছে।"" পুলিশ অভিযোগ করেছে বিএনপি নেতাকর্মীরা পুলিশের গাড়িতে অগ্নিসংযোগ করেছে। মি. আনোয়ার হোসেন বলেছেন হামলাকারীরা ২-৩ জন পুলিশ সদস্যকে আটক করে রাখে; আটক করে রাখা পুলিশ সদস্যদের ছাড়িয়ে নিতে পুলিশ বিএনপি নেতাকর্মীদের ওপর হামলা করে বলে জানান মি. হোসেন। নয়া পল্টন এলাকায় বিএনপি কার্যালয়ের কাছে বিএনপি নেতাকর্মীদের সাথে পুলিশের ধাওয়া-পাল্টা ধাওয়ার ঘটনার পর পুলিশ মোতায়েন করা হয়েছে। ওদিকে বিএনপি নেতাকর্মীরাও অভিযোগ করেছে যে পুলিশ বিনা উস্কানিতে তাদের ওপর হামলা করেছে। পল্টনে উপস্থিত থাকা বিএনপি'র মাঠ পর্যায়ের সমর্থকরা জানায় মনোনয়নপত্র সংগ্রহ করতে বিভিন্ন এলাকা থেকে আসা কয়েক হাজার বিএনপি নেতাকর্মীদের নিজেদের মধ্যে একপর্যায়ে কিছুটা ধাক্কাধাক্কি হয়। সেসময় কোনো কারণ ছাড়াই পুলিশ তাদের ওপর কাঁদানে গ্যাস ছোড়ে বলে অভিযোগ করে তারা। পরে পুলিশ তাদের দিকে রাবার বুলেট ছোড়ে বলেও জানান তারা। এ মুহুর্তে ঐ এলাকায় দুই পক্ষের ধাওয়া-পাল্টা ধাওয়া বন্ধ থাকলেও যান চলাচল বন্ধ রয়েছে। বিবিসি বাংলায় আরো পড়ুন: সিট ভাগাভাগি - কতটা ভোগাতে পারে বিএনপিকে? ১০ বছর পর জাতীয় নির্বাচনের আমেজ বিএনপিতে","পল্টনে বিএনপি অফিসের সামনে মনোনয়নপত্র সংগ্রহ করতে যাওয়া নেতাকর্মীদের সাথে পুলিশের সংঘর্ষ ঘটে। পুলিশ অভিযোগ করে বিএনপি সমর্থকরা একটি পুলিশ গাড়িতে আগুন দেয় এবং কয়েকটি গাড়ি ভাঙচুর করে। বিএনপি নেতারা অভিযোগ করেন, সহিংসতা পুলিশের এজেন্টদের পরিকল্পিত কাজ। পুলিশ জানিয়েছে, বিনা উস্কানিতে হামলা হয়েছে এবং কয়েকজন পুলিশ সদস্যকে আটক করা হয়েছিল। পরবর্তীতে পুলিশ রাবার বুলেট ছুড়েছে এবং এলাকায় পরিস্থিতি নিয়ন্ত্রণে রাখা হয়েছে।"
"বাংলাদেশে আইনশৃঙ্খলা বাহিনীর সঙ্গে বন্দুকযুদ্ধের ঘটনা অনেকটা নিয়মিত ব্যাপার হয়ে দাঁড়িয়েছে মানবাধিকার সংস্থা আইন ও সালিশ কেন্দ্রের তথ্য অনুযায়ী, জুলাই মাসের ২৬ তারিখ পর্যন্ত বাংলাদেশে কথিত 'বন্দুকযুদ্ধে' ৩৬ জনের মৃত্যুর ঘটনা ঘটেছে। সোমবার সকালেও র‍্যাবের সঙ্গে 'বন্দুকযুদ্ধে' মারা গেছেন দুই জন। আইন ও সালিশ কেন্দ্রের তথ্য অনুযায়ী, জানুয়ারি থেকে জুন মাস পর্যন্ত বাংলাদেশে পুলিশ, র‍্যাব ও বিজিবিসহ আইনশৃঙ্খলা বাহিনীর সঙ্গে 'বন্দুকযুদ্ধে' মোট ১৪৩ জনের মৃত্যু হয়েছে। অর্থাৎ জুলাই মাসের ২৭ তারিখ পর্যন্ত বন্দুকযুদ্ধে মোট নিহত হয়েছে ১৭৯ জন। এছাড়া নির্যাতনে মৃত্যুর ঘটনাও ঘটেছে। আর আরেকটি মানবাধিকার সংস্থা অধিকারের তথ্য অনুযায়ী, জানুয়ারি থেকে জুন পর্যন্ত ছয়মাসে 'বন্দুকযুদ্ধে' নিহত হয়েছেন মোট ১৪৬ জন। আইন ও সালিশ কেন্দ্রের জ্যেষ্ঠ উপ-পরিচালক নীনা গোস্বামী বিবিসি বাংলাকে বলছেন, ''বর্তমানে কোভিড-১৯ পরিস্থিতির কারণে ভার্চুয়াল আদালতে কাজ চলছে, সেখানে মামলা ফাইলিং আর জামিনের কাজগুলো হচ্ছে। অর্থাৎ বিচারের ক্ষেত্রে সাধারণ মানুষ কিন্তু বঞ্চিত হচ্ছে। সেই জায়গাগুলোর সুযোগ নেয়া হচ্ছে কিনা, গবেষণা না থাকায় তা নিশ্চিতভাবে বলা যাবে না। তবে এটা একটা কারণ হয়তো হতে পারে।'' বিবিসি বাংলার পর্যালোচনায় দেখা গেছে, জুলাই মাসে যারা কথিত 'বন্দুকযুদ্ধে' নিহত হয়েছেন, তাদের বিরুদ্ধে ডাকাতি, ধর্ষণ, মাদক ব্যবসার সঙ্গে জড়িত থাকার অভিযোগ ও মামলা রয়েছে। ব্রাহ্মণবাড়িয়ায় 'বন্দুকযুদ্ধে' নিহতদের বিরুদ্ধে পুলিশ হত্যায় জড়িত থাকার অভিযোগ রয়েছে। সবচেয়ে বেশি কথিত 'বন্দুকযুদ্ধের' ঘটনা ঘটেছে কক্সবাজারে। গত একমাসে এই জেলায় পুলিশ, র‍্যাব ও বিজিবির সঙ্গে বন্দুকযুদ্ধে নিহত হয়েছে অন্তত ১৭ জন, যাদের মধ্যে বেশ কয়েকজন রোহিঙ্গা রয়েছে। আরো পড়ুন: “বন্দুকযুদ্ধ নিয়ে স্বাধীন তদন্তের সুযোগ নেই” 'বন্দুকযুদ্ধের' ঘটনায় আইনি প্রতিকারের উপায় কী? অভিযোগ: মাদক বিস্তারের দায় এড়াতেই 'বন্দুকযুদ্ধ' 'ক্রসফায়ার' বিতর্ক: এমপিদের বক্তব্যে দ্বিমত কাদেরের সন্ত্রাসীরা হামলা চালালে আইনশৃঙ্খলা বাহিনী পাল্টা গুলি চালাতে বাধ্য হয় বলে র‍্যাব-পুলিশ দাবি করে ২০১৮ সালের চৌঠা মে থেকে শুরু হওয়া মাদকবিরোধী অভিযানে শুধু কক্সবাজার জেলাতেই নিহত হয়েছে ২৬৭ জন। মানবাধিকার কর্মী নীনা গোস্বামী বলছেন, ''তবে যে কারণেই হোক না কেন, যেভাবেই হোক না কেন, কোনভাবেই সেটাকে যথার্থ করা যাবে না। বিচার বহির্ভূত হত্যা যেকোনো সময়ে, যেকোনো ভাবেই হোক না কেন, সেটা আইনের শাসন প্রতিষ্ঠায় সুস্পষ্ট একটা বড় বাধা।'' মানবাধিকার সংস্থা অধিকারের সাধারণ সম্পাদক আদিলুর রহমান খান বলছেন, ''আমাদের পরিসংখ্যান অনুযায়ী, বন্দুকযুদ্ধের নামে বিচার বহির্ভূত হত্যাকাণ্ডের ঘটনা বাড়ছে। আমরা মনে করি, আইনের শাসনের অভাব এবং দায়মুক্তির সংস্কৃতির কারণে এই ধরণের বিচার বহির্ভূত হত্যাকাণ্ডগুলো ঘটছে।'' ''দেশের মধ্যে আইনের শাসনের যে অভাব রয়েছে, তার মধ্যে কোভিড-১৯ নিয়ে মানুষ ব্যতিব্যস্ত থাকার মধ্যে এই ধরণের ঘটনাগুলো প্রকট হয়ে উঠছে এবং সংখ্যার দিক থেকে বাড়ছে।'' তিনি বলছেন। 'বন্দুকযুদ্ধের' ঘটনাগুলোর পরে র‍্যাব, পুলিশ বা বিজিবির ব্যাখ্যাগুলো প্রায় একই রকম। সেসব ঘটনার ব্যাপারে বলা হয়, গোপন সূত্রে খবর পেয়ে তারা যখন আসামিকে গ্রেপ্তার করতে অভিযানে যান, তখন আইনশৃঙ্খলা বাহিনীর ওপর গুলি চালানো হলে তারা পাল্টা গুলি করেন। পরে হামলাকারীরা পালিয়ে গেলে একজন বা একাধিক ব্যক্তিকে গুলিবিদ্ধ অবস্থায় পাওয়া যায়। তাকে হাসপাতালে নিয়ে যাওয়া হলে চিকিৎসক মৃত ঘোষণা করেন। আবার কাউকে গ্রেপ্তারের পরের 'বন্দুকযুদ্ধের' ঘটনার ব্যাখ্যা বলা হয়, আসামিকে নিয়ে অস্ত্র উদ্ধার বা সহযোগীদের গ্রেপ্তার করতে গেলে পুলিশ বা র‍্যাবের দলের ওপর হামলা হয়। সেখানে গোলাগুলি হলে গুলিবিদ্ধ হয়ে আসামি নিহত হয়। পরে অস্ত্র, গুলির খোসা বা মাদক ইত্যাদি উদ্ধার করা হয়। তবে অনেক ক্ষেত্রেই নিহতদের পরিবারের অভিযোগ, তাদের স্বজনকে বাড়ি থেকে ধরে নিয়ে পরবর্তীতে বন্দুকযুদ্ধের নামে হত্যা করা হয়েছে। বিবিসি বাংলার অন্যান্য খবর: সাপ কাটলে যে তিনটি কাজ করবেন, যে পাঁচটি কাজ করবেন না চীনের কনস্যুলেট ছাড়ছেন মার্কিন কূটনীতিকরা ভারত সীমান্তে কংক্রিটের খুঁটি পুঁতে নিজেদের জমি দাবি করল নেপালিরা পরীক্ষামূলক টিকা নেয়া বাংলাদেশি রাহাত আহমেদের অভিজ্ঞতা কথিত বন্দুকযুদ্ধে শতাধিক মৃত্যুর প্রতিবাদে পেশাজীবীদের মানববন্ধন (ফাইল ফটো) ২০১৮ সালে চুয়াডাঙ্গায় 'বন্দুকযুদ্ধে' নিহত কামরুজ্জামান সাজুর স্ত্রী নাসরিন খাতুন বিবিসি বাংলাকে বলেছিলেন, ''সে কোনদিন পিস্তলের চেহারাও দেখে নি - এগুলা মিথ্যা, আমরা যখন যেটুক শুনসি তাই তাদেরকে বলসি- এখন এইভাবে ডাকি নিই যাই তারা আমার স্বামীরে মারি ফেলিসে।'' র‍্যাবের পক্ষ থেকে এর আগে বিবিসি বাংলাকে জানানো হয়েছে, প্রতিটি বন্দুকযুদ্ধের ঘটনা পরবর্তীতে তদন্ত করে দেখা হয়। বন্দুকযুদ্ধের ব্যাপারে বাংলাদেশ পুলিশের মুখপাত্র, পুলিশ সদর দপ্তরের এআইজি মোঃ সোহেল রানা বিবিসি বাংলাকে বলেছেন, ''আইনশৃঙ্খলা রক্ষায় দায়িত্ব পালন কর‌তে গি‌য়ে কিংবা অভিযান পরিচালনা কর‌তে গি‌য়ে হতাহতের ঘটনা ঘট‌তে পা‌রে। ''এক্ষেত্রে পুলিশ ও আইন শৃঙ্খলা রক্ষাকারী বাহিনীর দি‌কে যেমন হতাহতের ঘটনা ঘটে তেমনি অপরাধী বা সন্ত্রাসী‌দের দি‌কেও হতাহতের ঘটনা ঘটতে পা‌রে। আইনশৃঙ্খলা রক্ষা ও জনগ‌ণের সুরক্ষা নিশ্চিত কর‌তে গি‌য়ে পুলিশকে প্র‌য়োজনীয় আইনি পদক্ষেপ গ্রহণ কর‌তে হয়'' বলেন তিনি।","বাংলাদেশে আইনশৃঙ্খলা বাহিনীর সঙ্গে বন্দুকযুদ্ধের ঘটনা বেড়ে গেছে। ২০২১ সালের জানুয়ারি থেকে জুন পর্যন্ত ১৪৩ জন, এবং জুলাই মাসে আরও ৩৬ জন বন্দুকযুদ্ধে নিহত হয়েছে। এসব ঘটনায় পুলিশের দাবি, অভিযানে গুলি বিনিময় হলে আসামিরা নিহত হয়, তবে মানবাধিকার সংস্থাগুলি অভিযোগ করে, অনেক ক্ষেত্রেই আইনবহির্ভূত হত্যাকাণ্ড ঘটছে। বিশেষজ্ঞরা মনে করেন, আইনের শাসনের অভাব ও কোভিড-১৯ পরিস্থিতি এই ঘটনা বাড়িয়ে তুলছে। নিহতদের পরিবারের অভিযোগ, অনেককে বাড়ি থেকে ধরে নিয়ে বন্দুকযুদ্ধের নামে হত্যা করা হয়েছে।"
"আবহাওয়া অফিস বলছে, গত ৫০ বছরে ঢাকায় সবচাইতে বেশি গরম পড়েছে এবার। আর তাতেই হঠাৎ করে বেড়ে গেছে শীতাতপ নিয়ন্ত্রণের যন্ত্র বা এসি বিক্রি। বিক্রেতারা বলছেন, এসির চাহিদা এতই বেশি যে তারা সরবরাহ করতে পারছেন না। কিছু দোকান একবারেই খালি। বিক্রেতারা বলছেন, এক বা দেড়টনের এসি - যেটা সাধারণ মাপের ঘরের জন দরকার - তা বাজারে প্রায় নেই। পাওয়া যাচ্ছে শুধু দুই টনের এসি। ঢাকার একটি বিপণী বিতানে এসি কিনবেন বলে এসেছেন ব্যবসায়ী মোহাম্মদ হানিফ। তিনি বলছেন, বেশি চাহিদার কারণে দামও বাড়িয়ে দিয়েছেন বিক্রেতারা। ""আমি অনেক ঘুরেছি মার্কেটে। বাজারে এসি নেই। দেড়টনের এসি - যার দাম ৫২ হাজার টাকা ছিল - তা ৬০ হাজার টাকা দিয়ে কিনতে হচ্ছে।"" এসি কেনার পর তা লাগিয়ে দেবার লোকও পাওয়া যাচ্ছে না। ইমাম হোসেন নামে এক বিক্রেতা জানালেন যে পরিমাণ চাহিদা, সে পরিমাণ ফিটিংএর লোক নেই। দিনে ১০টার বেশি এসি ফিটিং করা সম্ভব হচ্ছে না। একটি স্কুলের কর্মকর্তা চৌধুরী ওবায়দুল হক বলছেন, পুরো এসিতে আর ঘর ঠান্ডা হচ্ছে না। কিন্তু নতুন এসি লাগাতে তাদের বেশ কয়েকদিন অপেক্ষা করতে হচ্ছে। অন্যদিকে এসির ঠান্ডা হাওয়া উপভোগ করতে বাড়ছে বিদ্যুতের ব্যবহার। ফলে এই গরমে তা আবার বাড়িয়ে দিচ্ছে লোডশেডিং।","ঢাকায় গত ৫০ বছরের মধ্যে এবারের গরম সবচেয়ে তীব্র আকার ধারণ করেছে। এই অস্বাভাবিক গরমের কারণে শীতাতপ নিয়ন্ত্রণ যন্ত্র (এসি)-এর চাহিদা হঠাৎ বেড়ে গেছে, ফলে বাজারে এসির ঘাটতি দেখা দিয়েছে। বিক্রেতারা জানিয়েছেন, সাধারণত ঘরের জন্য প্রয়োজনীয় এক বা দেড় টনের এসি পাওয়া যাচ্ছে না, বরং দুই টনের এসিগুলোই বেশি বিক্রি হচ্ছে। এসির দামও বেড়েছে—যেখানে আগে ৫২ হাজার টাকায় পাওয়া যেত, এখন সেটি ৬০ হাজার টাকায় বিক্রি হচ্ছে। এছাড়া এসি লাগানোর টেকনিশিয়ানদের সংকট থাকায় ফিটিংয়ে দীর্ঘ অপেক্ষা করতে হচ্ছে। অতিরিক্ত এসি ব্যবহারের ফলে বিদ্যুতের চাহিদা বেড়েছে, যার ফলে লোডশেডিংও বেড়ে যাচ্ছে।"
"রোববার দুপুরে গাউসিয়া-নিউমার্কেট ফুটওভার ব্রিজের ওপর সেই সঙ্গে করোনাভাইরাস আক্রান্ত হয়ে মৃত্যুর সংখ্যাও গত কয়েকদিন কিছুটা কম ছিল। যদিও স্বাস্থ্য অধিদপ্তরের সর্বশেষ তথ্যে দেখা গেছে, গত ২৪ ঘণ্টায় নতুন করে ১০১ জন মানুষ কোভিড-১৯ আক্রান্ত হয়ে মারা গেছেন। স্বাস্থ্য অধিদপ্তরের সাবেক অতিরিক্ত মহাপরিচালক অধ্যাপক সানিয়া তাহমিনা বলছেন, সংক্রমণের হার যতটুকুই কমেছে সেটি দেশে চলমান লকডাউনের কারণেই হয়েছে। তিনি বলেন, ""লকডাউনে মানুষ যেভাবেই স্বাস্থ্যবিধি মানুক, যত কমই মানুক না কেন, এর মাধ্যমে ন্যুনতম যে সুফল পাওয়া যায় তার প্রতিফলন আমরা দেখছি সংক্রমণ আর মৃত্যুর হারের পরিসংখ্যানে। এটা প্রমাণিত বৈজ্ঞানিক ব্যাপার যে জনসমাগম নিয়ন্ত্রণ করা গেলে ভাইরাসের সংক্রমণ নিয়ন্ত্রণ সম্ভব।"" সংক্রমণ শনাক্তের হার কিছুটা কমে আসাকে অধ্যাপক তাহমিনার মত স্বাস্থ্য বিভাগের কর্মকর্তারাও অগ্রগতি বলে মনে করেন। আরো পড়তে পারেন: যে শহরে শ্বাস নিতে পারাই এখন বিলাসিতা শুধু ভারত থেকে করোনাভাইরাসের টিকা আনার সিদ্ধান্ত কতটা ঠিক ছিল? দুই সপ্তাহের জন্য বাংলাদেশ-ভারত সীমান্তে যাতায়াত বন্ধ বাংলাদেশে কাল থেকে করোনাভাইরাসের প্রথম ডোজের টিকাদান বন্ধ করোনাভাইরাসের ভারতীয় ধরনটি আসলে ঠিক কী? কিন্তু ১৪ই এপ্রিল থেকে সর্বাত্মক লকডাউন শুরুর সময় থেকে ১০দিন বন্ধ থাকার পর রোববার থেকে সারাদেশে খুলে দেয়া হয়েছে দোকানপাট এবং শপিংমল। ২৮শে এপ্রিলের পর গণপরিবহনও খুলে দেয়া হতে পারে বলে ইঙ্গিত দিয়েছে সরকার। শপিংমল খোলার ব্যাপারে সরকারের পক্ষ থেকে যুক্তি দেয়া হয়েছে, ব্যাপক মানুষের জীবন-জীবিকার বিষয়টি বিবেচনা করে এ সিদ্ধান্ত নেয়া হয়েছে। এর ফলে সংক্রমণের ঝুঁকি নতুন করে বাড়বে বলে মনে করেন বিশেষজ্ঞরা। অধ্যাপক তাহমিনা বলেন, ""শপিংমল বা গণপরিবহন কয়েকদিন বন্ধ ছিল বলেই সংক্রমণটা কমতে দেখছিলাম আমরা। এখন এগুলো খুলে দেয়ায় সংক্রমণের ঝুঁকি বেড়ে যাবে, রোগ বাড়বে। রোগ বাড়লে মৃত্যুও বাড়বে।"" গত কয়েক মাসে দেশে করোনাভাইরাসের নতুন নতুন ভ্যারিয়েন্টের আবির্ভাব মানুষের ঝুঁকি বাড়িয়েছে। ইতিমধ্যে ভারতে শনাক্ত হওয়া করোনাভাইরাসের নতুন ধরনটি নিয়েও রয়েছে উদ্বেগ ও দুশ্চিন্তা। পাঞ্জাবির দোকানেও ছিল ভিড় অধ্যাপক তাহমিনা বলছেন, ""আমরা জানি না ভারতের নতুন ধরণটি বাংলাদেশে ইতিমধ্যে চলে এসেছে কিনা। কারণ যে পরিমাণ জিনোম সিকোয়েন্সিং ধারাবাহিকভাবে করে সেটা শনাক্ত করতে হয়, সে সক্ষমতা বাংলাদেশে এখন নাই। যেসব ল্যাবে এই পরীক্ষাগুলো হয়, তার অধিকাংশই এখন করোনাভাইরাসের নমুনা পরীক্ষায় ব্যস্ত।"" সেক্ষেত্রে ভারতের সাথে সীমান্ত বন্ধ করা একটি ভালো সমাধান হতে পারে, কিন্তু সীমান্ত পুরোপুরি বন্ধ করা কষ্টসাধ্য একটি ব্যাপার। ফলে অধ্যাপক তাহমিনা পরামর্শ হচ্ছে একমাত্র স্বাস্থ্যবিধি মেনে চলার মাধ্যমেই ঝুঁকি নিরসন সম্ভব। দোকানপাট খুললেও খুশি নন বিক্রেতারা দোকান খোলা সংক্রান্ত সরকারি প্রজ্ঞাপনে বলা হয়েছে, স্বাস্থ্যবিধি মেনে কেনাকাটা করতে যেতে হবে। সকাল ১০টা থেকে বিকাল পাঁচটার মধ্যে শেষ করতে হবে কেনাকাটা। দোকানপাট ও শপিংমল খোলার প্রথম দিনে, বিবিসি ঢাকার কয়েকটি বড় মার্কেট ঘুরে দেখেছে। ঢাকার গাউসিয়া মার্কেটে দেখা গেছে, ভেতরের দোকান এবং ফুটপাত---সবখানেই পণ্যের পসার সাজিয়ে বসেছেন দোকানিরা। ক্রেতাদেরও সতর্ক ভিড় দেখা গেছে। স্বাস্থ্যবিধি পালনে সংশ্লিষ্ট মার্কেট পরিচালনা কমিটির তৎপরতা ছিল। যদিও বেচাকেনা নিয়ে একেবারেই সন্তুষ্ট ছিলেন না বিক্রেতারা। তাদেরা দাবি দোকানপাট খোলা রাখার সময়-সীমা বাড়িয়ে দেয়া হোক। যদিও বিকেলে সরকারি সিদ্ধান্ত দোকান খোলা রাখার সময়সীমা বিকেল ৫টা থেকে বাড়িয়ে রাত ৯টা পর্যন্ত করার সিদ্ধান্ত নেয়া হয়েছে। চালু হচ্ছে গণপরিবহনও শপিংমলের পর এ সপ্তাহেই গণপরিবহন চালু হতে পারে এমন আভাস দিয়েছেন সড়ক পরিবহন ও সেতুমন্ত্রী ওবায়দুল কাদের। নিয়মিত ব্রিফিং ওবায়দুল কাদের এ কথা বলেছেন। তবে তিনি বলেছেন স্বাস্থ্যবিধি অনুসরণ না করে যদি করোনাভাইরাস পরিস্থিতির অবনতি ঘটে, তাহলে সরকারকে বাধ্য হয়ে আবারো লকডাউনে যেতে হবে। তিনি বলেন, ""আগেরবার গণপরিবহণ চালুর সময় দেখা গেছে সবাই স্বাস্থ্যবিধি মানেন নাই। কিন্তু এবার যখন সীমিত আকারে স্বাস্থ্যবিধি মেনে পরিবহন চালানোর সুযোগ দেয়া হবে সেই সুযোগের অপব্যবহার যেন গণপরিবহন না করে।"" তিনি বলে কোন গণপরিবহন যেন অর্ধেকের বেশি আসনে যাত্রী নেয়া, দাঁড়িয়ে যাত্রী নেয়া, বেশি ভাড়া নেয়া---এসব না করেন। এছাড়া স্বাস্থ্যবিধি মেনে, মাস্ক পড়ে পরিবহন চালান সে দিকে কড়া নজর রাখা হবে। সেতুমন্ত্রী ওবায়দুল কাদের বলেন, ""স্বাস্থ্য পরিস্থিতির অবনতি ঘটলে সরকারকে বাধ্য হয়ে আবারো লকডাউনে যেতে হবে।"" বাংলাদেশে করোনাভাইরাস সংক্রমণ এবং মৃত্যুর হারে ঊর্ধ্বগতি ঠেকাতে এ মাসের পাঁচ তারিখে সরকার প্রথম দফা লকডাউন আরোপ করে। এক সপ্তাহের ঘোষিত সে লকডাউন নয়দিন পর্যন্ত চলে। তাতে দোকানপাট ও গণপরিবহন চালু থাকার কারণে সংক্রমণ পরিস্থিতিতে তেমন পরিবর্তন দেখা যায়নি। এরপর সরকার ১৪ই এপ্রিল থেকে সর্বাত্মক লকডাউনে যায়, যাতে বন্ধ ছিল গণপরিবহন এবং দোকানপাট। স্বাস্থ্য অধিদপ্তরের সর্বেশষ তথ্য অনুযায়ী, গত ২৪ ঘণ্টায় বাংলাদেশে কোভিড-১৯ আক্রান্ত হয়ে মোট মৃত্যুর সংখ্যা ১১ হাজার ছাড়িয়ে গেছে। দেশে কোভিড-১৯ শনাক্ত মোট রোগীর সংখ্যা ৭ লাখ ৪৫ হাজার ৩২২ জন।","দেশে লকডাউন চলার কারণে করোনাভাইরাস সংক্রমণের হার কিছুটা কমেছিল, তবে সরকার দোকানপাট ও গণপরিবহন খুলে দেওয়ার সিদ্ধান্ত নিয়েছে, যা বিশেষজ্ঞদের মতে সংক্রমণের ঝুঁকি বাড়িয়ে দেবে। গত ২৪ ঘণ্টায় নতুন করে ১০১ জন কোভিড-১৯-এ আক্রান্ত হয়ে মারা গেছেন। স্বাস্থ্য বিভাগের মতে, সংক্রমণ কমার পেছনে লকডাউনের ভূমিকা থাকলেও দোকান ও শপিংমল চালু হওয়ায় আবার সংক্রমণ বাড়তে পারে। সীমান্ত বন্ধ থাকলেও ভারতে শনাক্ত হওয়া নতুন ভ্যারিয়েন্ট বাংলাদেশে প্রবেশ করেছে কি না, তা শনাক্তের যথাযথ ব্যবস্থা নেই। বিশেষজ্ঞরা স্বাস্থ্যবিধি কঠোরভাবে মেনে চলার পরামর্শ দিচ্ছেন।"
"তাজমহল, আগ্রা তাজমহলকে ঘিরে প্রতি বছর যে 'তাজ মহোৎসব' আয়োজন করা হয়ে থাকে, উত্তরপ্রদেশ সরকারের পর্যটন বিভাগ স্থির করেছে এবারে তার উদ্বোধন হবে হিন্দুদের ভগবান রামের জীবনগাথা-নির্ভর নৃত্যগীতের মধ্যে দিয়ে। ক্ষমতাসীন বিজেপির নেতারা এই সিদ্ধান্তকে স্বাগত জানালেও বিরোধী দলগুলো এর সমালোচনায় সরব হয়েছে, অনেক ঐতিহাসিকও বলছেন এটা তাজমহলের ঐতিহ্যকে জোর করে অস্বীকার করার চেষ্টা ছাড়া কিছুই নয়। প্রতি বছর শীতের শেষ দিকে আগ্রা মেতে ওঠে তাজ মহোৎসবকে ঘিরে - যেটা মূলত ভারতের সবচেয়ে বড় পর্যটক আকর্ষণকে কেন্দ্র করে এক সাংস্কৃতিক উৎসব, আর পাশাপাশি মুঘল সংস্কৃতির উদযাপনও বটে। কিন্তু সেই রেওয়াজ ভেঙে উত্তরপ্রদেশ সরকার এবার রামলীলা আর রাম-বন্দনাকেই তাজ মহোৎসবের মূল থিম হিসেবে বেছে নিয়েছে। রামলীলা উৎসবের দৃশ্য। আরও দেখুন: আদালতে মুখ খুললেন প্যারিসের একমাত্র জীবিত 'হামলাকারী' মেয়ের চিকিৎসার টাকা যোগাতে বুকের দুধ বিক্রি? গণজাগরণ মঞ্চ এখন কোথায়? কী করছে? আর বিজেপির মুখ্যমন্ত্রী যোগী আদিত্যনাথ আর রাজ্যপাল তথা সাবেক বিজেপি নেতা রাম নায়েক দুজনেই থাকছেন সেই মহোৎসবের উদ্বোধনে। বিজেপি এমপি সুব্রহ্মণ্যম স্বামীর বক্তব্য, ""রামলীলার মাধ্যমে তাজমহলকে মোটেই অবমাননা করা হচ্ছে না। তাজমহলের বিশাল প্রাঙ্গণে উৎসব আয়োজন সহজ বলেই ওই জায়গাটাকে বেছে নেওয়া হয়েছে।"" ""আর আমরা বিশ্বাস করি ভারতে হিন্দু ও মুসলিমদের ডিএনএ একই, আমরা একই পরিবারের - কাজেই এখানে মেরুকরণের প্রশ্নও আসে না।"" তবে ঐতিহাসিক পুষ্পেশ পন্থ আবার বলছেন, তাজমহল ভারতীয় সংস্কৃতির এক অবিচ্ছেদ্য অঙ্গ - আর এক-আধটা রামলীলা সেই ছবিটা মোটেও পাল্টাতে পারবে না। প্রফেসর পন্থের কথায়, ""শুধু স্কুলের পাঠ্যপুস্তকেই নয় - ভারতে যে বাচ্চাটি কখনও স্কুলে যায়নি সেও জানে তাজমহলের ঐতিহ্যটা কী। ফলে প্রতিবার যখন তা নিয়ে প্রশ্ন তোলার চেষ্টা হয়, আমার মনে হয় না তাতে প্রতিক্রিয়া দেখানোর দরকার আছে বলে। আমি বিশ্বাস করি না রাজনীতিকরা এভাবে ইতিহাসের ন্যারেটিভ বদলাতে পারবেন।"" তবে ঘটনা এটাই, তাজমহল আসলে একটি হিন্দু শিব মন্দির, যার আসল নাম ছিল 'তেজো মহল' - এই ধরনের প্রচারনা গত কয়েক মাস ধরে আবার জোরেশারে শুরু হয়েছে। ইউপির বিজেপি সরকারের মুখ্যমন্ত্রী যোগী আদিত্যনাথের (বাঁয়ে) সরকার এর আগেও রাজ্যের প্রধান দ্রষ্টব্যের তালিকা থেকে তাজকে বাদ দিতে চেয়েছে। আর এই প্রচারের এক প্রধান কান্ডারী বিজেপির এমপি বিনয় কাটিয়ার, যিনি তাজ মহোৎসব আয়োজকদের সিদ্ধান্তকে স্বাগত জানিয়েছেন। মি. কাটিয়ারের কথায়, ""তাজ মহোৎসবকে তেজ মহোৎসবও বলা যায়, একই কথা। আমাদের তেজো মহলকে মুসলিম শাসকরা দখল করে সমাধি বানিয়েছেন, এতে তো কোনও ভুল নেই। এখন একে কীভাবে আবার তেজো মন্দিরে রূপান্তরিত করা হবে, সেটাই আপনারা দেখতে থাকুন।"" আগামী ১৮ই ফেব্রুয়ারি তাজ মহোৎসবের উদ্বোধনী উৎসবে রামবন্দনা বাজবে, আয়োজকদের পরিকল্পনা সেটাই। রাজ্যের বিরোধী সমাজবাদী পার্টি অবশ্য এর জন্য এক হাত নিচ্ছেন বিনয় কাটিয়ারের মতো নেতাদের। ঐ দলের মুখপাত্র ঘনশ্যাম তিওয়ারি বলছেন, ""এই নেতারা বোধহয় হোয়াটসঅ্যাপ ইউনিভার্সিটি থেকে অপপ্রচার চালানোয় ডক্টরেট করেছেন। অন্য কোনও কাজ নেই, তাই এসব আবোলতাবোল বলে সাম্প্রদায়িক বিদ্বেষ ছড়াচ্ছেন।"" ""আমরা পরিষ্কার বলতে চাই তাজমহল একটি বিশ্বস্বীকৃত মনুমেন্ট, ফলে তাজের প্রতি দৃষ্টিভঙ্গিতেও সরকার যেন তা খেয়াল রাখে।"" তবে সন্ন্যাসী-নেতা আদিত্যনাথের উত্তরপ্রদেশ সরকার এর আগেও যেভাবে রাজ্যের প্রধান দ্রষ্টব্যের তালিকা থেকে তাজকে বাদ দিতে চেয়েছে এবং এখন তাজমহল চত্বরে রামলীলার আসর বসাতে চলেছে - তাতে তাদের আসল উদ্দেশ্য নিয়ে প্রশ্ন থাকছেই।","উত্তরপ্রদেশ সরকার ঐতিহ্যবাহী ‘তাজ মহোৎসব’-এ পরিবর্তন এনে এবছর রামলীলা ও হিন্দু ধর্মীয় গান-নৃত্যের মাধ্যমে উৎসবের উদ্বোধনের সিদ্ধান্ত নিয়েছে। বিজেপি নেতারা একে স্বাভাবিক সিদ্ধান্ত বলে সমর্থন করলেও, বিরোধী দল ও ঐতিহাসিকরা একে তাজমহলের ঐতিহ্য মুছে ফেলার চেষ্টা হিসেবে দেখছেন। কিছু বিজেপি নেতা দাবি করছেন, তাজমহল আসলে একটি প্রাচীন হিন্দু মন্দির ছিল, যা পরবর্তীতে মুঘল সম্রাটরা দখল করেন। তবে ঐতিহাসিকদের মতে, এটি সম্পূর্ণ রাজনৈতিক উদ্দেশ্যপ্রণোদিত প্রচারণা।"
"বাংলাদেশের সেনাবাহিনী প্রধান জেনারেল আজিজ আহমেদ (আল-জাজিরার প্রতিবেদন থেকে নেয়া ছবি)। ঢাকায় আর্মি অ্যাভিয়েশন গ্রুপের একটি অনুষ্ঠান শেষে উপস্থিত সাংবাদিকদের সাথে কথা বলেন বাংলাদেশের সেনাবাহিনী প্রধান এবং এ সময় তিনি আল জাজিরার প্রতিবেদনটি নিয়ে মন্তব্য করেন। ওই প্রতিবেদনে সেনাপ্রধানকে হেয় করার মাধ্যমে 'প্রধানমন্ত্রীকে হেয় করা' হয় বলেও তিনি মন্তব্য করেন। প্রতিবেদনটি সম্প্রচারের সময় জেনারেল আহমেদ যুক্তরাষ্ট্র সফরে ছিলেন। দেশে ফিরে প্রতিবেদনটি সম্পর্কে তিনি আজই (মঙ্গলবার) প্রথমবারের মতো প্রকাশ্যে কথা বলেন । আল জাজিরার প্রতিবেদনে বিদেশে তার 'পলাতক' ভাইদের সাথে দেখা করা এবং বাংলাদেশে একটি বিয়ের অনুষ্ঠানে তাদের উপস্থিতি সম্পর্কে প্রশ্নের উত্তরে তিনি বলেন, ""সেদিন আমার ভাইয়ের বিরুদ্ধে না কোন সাজা ছিল, না তার বিরুদ্ধে কোন মামলা ছিল।"" ""তার আগেই যে মামলাটি ছিল তা থেকে তাদের অব্যাহতি দেয়া হয়েছে।"" 'অল দ্য প্রাইম মিনিস্টার'স মেন' নামেরআল জাজিরার প্রতিবেদনটি সম্প্রচারের পর থেকে এ নিয়ে বাংলাদেশে ব্যাপক আলোচনা-সমালোচনা চলছে। সেনাপ্রধান বলেন, ""আমি যখন সরকারি কাজে কোথাও থাকবো তখন আমার নিরাপত্তা অফিসিয়ালি নিশ্চিত করা হয়। যে দেশে যাই সেই হোস্ট কান্ট্রি করে থাকে। ""কিন্তু যখন আমি কোথাও আমার ব্যক্তিগত সফরে থাকি ... হয়ত কোন আত্মীয় স্বজনের কাছে যাই, সেই সময় অফিশিয়াল কোন প্রোটোকল ব্যবহার করা আমি সমীচীন মনে করি না। আমি মনে করি সেটা অপচয়। সেই দুর্বলতার সুযোগ নিয়ে যদি কেউ কিছু করে থাকে, তাহলে সেটা অসৎ উদ্দেশ্য""। আল জাজিরার প্রায় এক ঘণ্টার প্রতিবেদনটির মূলকেন্দ্রে ছিলেন সেনাবাহিনী প্রধান জেনারেল আজিজ আহমেদ এবং তার তিন ভাই। জেনারেল আজিজ আহমেদের আপন তিন ভাই একাধিক হত্যাকাণ্ডের সঙ্গে জড়িত থাকার অভিযোগে আদালতে দণ্ডিত হয়েছিলেন। যাদের মধ্যে দুইজন হারিস আহমেদ এবং আনিস আহমেদ পলাতক রয়েছেন বলেআল জাজিরার প্রতিবেদনে উল্লেখ করা হয়। প্রতিবেদনে বলা হয়, আনিস আহমেদ থাকেন কুয়ালালামপুরে আর হারিস আহমেদ আছেন হাঙ্গেরির রাজধানী বুদাপেস্টে। প্রতিবেদনে আরও বলা হয়, হারিস আহমেদ এবং আনিস আহমেদ দুজনকেই জেনারেল আজিজ আহমেদের ছেলের বিয়েতে বাংলাদেশে দেখা গেছে। সম্পর্কিত খবর: আল জাজিরার প্রতিবেদনে কী আছে, কী বলছে বাংলাদেশ? সেনাবাহিনীর সরঞ্জাম কেনা নিয়ে জাতিসংঘ ও বাংলাদেশ সরকার যা বলছে ইসরায়েল থেকে 'নজরদারী প্রযুক্তি কিনেছে বাংলাদেশ': আল জাজিরা বারবার কেন তাকে 'টার্গেট' করা হয় একজন সাংবাদিকের এ রকম এক প্রশ্নের উত্তরে জেনারেল আজিজ আহমেদ বলেন, ""আপনারাই বুঝে নেন কেন সেনাবাহিনীর প্রধানকে টার্গেট করা হচ্ছে? কারণ এই সেনাপ্রধানকে বাংলাদেশ সরকারের প্রধানমন্ত্রী নিয়োগ দিয়েছেন। আমাকে হেয় প্রতিপন্ন করা মানে আমাদের প্রধানমন্ত্রীকে হেয় প্রতিপন্ন করা। আপনাদের এই জিনিসটা বুঝতে হবে।"" তিনি আরও বলেন, ""আমার কারণে আমার প্রতিষ্ঠান বাংলাদেশ সেনাবাহিনী এবং আমাদের সরকার যাতে করে বিব্রত না হয়, বিতর্কিত না হয়, আমি সে ব্যাপারে সম্পূর্ণ সচেতন।"" ""যা কিছু আপনারা শুনছেন এগুলোর কোন প্রমাণ....বিভিন্ন জায়গা থেকে কাট-পিস সংগ্রহ করে তারা এটা করতেই পারবে, তবে তাদের উদ্দেশ্য হাসিল হবে না।"" সোমবার রাতে সেনাবাহিনী একটি প্রতিবাদলিপিতেও উল্লেখ করে, সেনাপ্রধানের ভাইয়েরা আগেই মামলা থেকে অব্যাহতি পেয়েছিলেন এবং বাংলাদেশে সেনাপ্রধানের ছেলের বিয়েতে অংশগ্রহণের সময় তারা দণ্ডপ্রাপ্ত ছিলেন না।","আল-জাজিরার এক প্রতিবেদনে বাংলাদেশের সেনাবাহিনী প্রধান আজিজ আহমেদ ও তার পরিবারের বিরুদ্ধে বিভিন্ন অভিযোগ উত্থাপন করা হয়েছে। প্রতিবেদনে বলা হয়েছে, তার দুই ভাই হারিস ও আনিস আহমেদ বিভিন্ন অপরাধে দণ্ডপ্রাপ্ত এবং তারা বিদেশে পালিয়ে ছিলেন, কিন্তু বাংলাদেশে তার ছেলের বিয়েতে তাদের উপস্থিতি দেখা গেছে। সেনাপ্রধান এ অভিযোগ প্রত্যাখ্যান করে বলেন, তার ভাইদের তখন কোনো মামলা বা সাজা ছিল না। তিনি এটিকে উদ্দেশ্যপ্রণোদিত প্রচারণা বলে দাবি করেন এবং বলেন, তার ওপর আক্রমণ আসলে প্রধানমন্ত্রীকে হেয় করার শামিল।"
"কর্মকর্তারা বলেছেন, ঠাণ্ডাজনিত ফ্লুসহ নানা রোগ এবং কোভিড-১৯ এই দুই ভাগে ভাগ করে চিকিৎসার ব্যবস্থাপনা সাজানো হয়েছে। প্রথমত: ঠাণ্ডাজনিত নানা রোগের চিকিৎসার ঔষধ বা ভ্যাকসিনের যাতে সংকট না হয় সেজন্য সোমবার স্বাস্থ্য মন্ত্রণালয় থেকে স্বাস্থ্য অধিদপ্তরকে নির্দেশ দেয়া হয়েছে। আর কোভিড-১৯ চিকিৎসার জন্য নির্ধারিত যেসব হাসপাতাল রোগী না থাকার কারণে অন্যান্য রোগের চিকিৎসার জন্য ছেড়ে দেয়া হয়েছিল, শীতের সময় সংক্রমণ বেড়ে গেলে সেগুলোকে আবার কোভিড-১৯ এর চিকিৎসায় ব্যবহারের প্রস্তুতি নেয়া হয়েছে। এছাড়াও মুখে মাস্ক না পরলে কঠোরভাবে আইন প্রয়োগের কথাও বলা হয়েছে। গত প্রায় তিন সপ্তাহ ধরে প্রতিদিন করোনাভাইরাসে শনাক্তের সংখ্যা দুই হাজারের নিচে। পরীক্ষার সংখ্যাও অনেক কমে গেছে। অর্থনৈতিক কর্মকাণ্ডসহ মানুষের জীবন যাপন প্রায় স্বাভাবিক হয়ে গেছে এবং করোনাভাইরাস নিয়ে মানুষের মাঝেও শৈথিল্য এসেছে। এরই মাঝে প্রধানমন্ত্রী শেখ হাসিনা রোববার শীতের সময় সংক্রমণ বাড়ার আশংকা প্রকাশ করেছেন। এরপর ভাইরাসটি মোকাবেলায় শীত কালে কী করা যতে পারে তা নিয়ে স্বাস্থ্য বিভাগে জোর তৎপরতা শুরু হয়। সিনিয়র চিকিৎসক এবং বিশেষজ্ঞদের সমন্বয়ে গঠিত সরকারের পরামর্শক কমিটি রোববার প্রকোপ বাড়ার শংকা তুলে ধরে রোডম্যাপ তৈরির পরামর্শ দেয়। এর পরই স্বাস্থ্য মন্ত্রণালয় একটি পরিকল্পনা তৈরি করে। বিবিসি বাংলায় আরও পড়ুন: করোনাভাইরাস: শনাক্তের সংখ্যা সাড়ে তিন লাখ ছাড়ালো অ্যান্টিজেন টেস্টের অনুমতি - কীভাবে কাজ করবে, কতটা নির্ভরযোগ্য দ্বিতীয় দফা সংক্রমণ মোকাবেলায় রোডম্যাপ করুন - পরামর্শক কমিটি ঠাণ্ডাজনিত রোগের চিকিৎসা স্বাস্থ্য মন্ত্রণালয়ের সচিব মো: আব্দুল মান্নান বলেছেন, শীতজনিত রোগের চিকিৎসার ঔষধ এবং ভ্যাকসিনের মজুদ ও সরবরাহ ঠিক রাখার জন্য স্বাস্থ্য অধিদপ্তরকে নির্দেশ দেয়া হয়েছে। ""শীতের সময় সাধারণত মানুষের যেসব সমস্যা দেখা দেয় সেটা ঠাণ্ডাজনিত। যেমন নিউমোনিয়া, ইনফ্লুয়েঞ্জাসহ নানা রোগ যা শিশু এবং বয়স্কসহ সকল বয়সের মানুষের হয়ে থাকে। তার জন্য একটা প্রস্তুতির ব্যাপারে মাননীয় প্রধানমন্ত্রীর কার্যালয় থেকে আমাদের সচেতন করা হয়েছে যাতে ঔষধ বিশেষ করে ভ্যাকসিনের সংকট না হয়। আমরা যেন যথাসময়ে তা মজুদ করতে পারি বা আনতে পারি এবং হাসপাতালে সরবরাহ করতে পারি। আমরা সাথে সাথেই কর্তৃপক্ষকে এই নির্দেশনা প্রদান করেছি।"" বাংলাদেশে করোনাভাইরাস সংক্রমণের দ্বিতীয় ঢেউ আসার শংকা থেকে প্রতিরোধ এবং চিকিৎসায় নানা ব্যবস্থা নেয়ার কথা বলা হচ্ছে। শংকা: ব্যবস্থাপনা সচিব মো: আব্দুল মান্নান বলেছেন, ""আমরাও মনে করছি, বাংলাদেশে সেকেণ্ড ওয়েভ বা যে নামই বলেন না কেন, সেটা আসতে পারে। এর চেয়েও বেশি গুরুত্ব দিচ্ছি যে শীত আসলে এর প্রকোপটা একটু বেড়ে যেতে পারে।"" মি: মান্নান জানিয়েছেন, ঠাণ্ডাজনিত রোগের বাইরে করোনাভাইরাসের চিকিৎসার ব্যবস্থাপনাও কয়েক ভাগে ভাগ করা হয়েছে। তিনি বলেছেন,""রোগী না থাকায় আমরা যেসব হাসপাতাল নন-কোভিডের চিকিৎসার জন্য ছেড়ে দিয়েছিলাম, সেগুলোতে বিকল্প ব্যবস্থা করে রেখেছি। খুব বেশি যদি সংক্রমণ দেখা দেয়, তাহলে কোভিড-১৯ এর চিকিৎসায় আবার ঐ হাসপাতালগুলোকে ব্যবহারের প্রস্তুতি আমরা নিয়েছি।"" ""এটা গেলো হাসপাতালের ব্যবস্থাপনা। আর ডাক্তারদেরও একইভাবে একই অনুপাতে আমরা প্রস্তুত রেখেছি। টেলিমেডিসিনের মাধ্যমেও কিন্তু মানুষ বেশি চিকিৎসা নিচ্ছে। এর জন্যও পর্যাপ্ত ঔষধ যাতে সর্বত্র পাওয়া যায়, সেই ব্যবস্থাও কিন্তু আমরা করে রেখেছি।"" প্রতিরোধে শৈথিল্য বিশেষজ্ঞরা বলেছেন, মানুষের মাঝে এতটাই শৈথিল্য এসেছে যে এখন করোনাভাইরাস পরীক্ষা করানোর ব্যাপারেও তাদের আগ্রহ কমে গেছে। ফলে সংক্রমণের সঠিক চিত্র পাওয়া যাচ্ছে না। অবশ্য সরকারের পক্ষ থেকে বলা হয়েছে, পরীক্ষা বাড়ানোর জন্য সব সরকারি হাসপাতালে অ্যান্টিজেন টেস্ট শুরু করার অনুমতি দেয়া হয়েছে। ঢাকা বিশ্ববিদ্যালয়ের স্বাস্থ্য অর্থনীতি ইনস্টিটিউটের পরিচালক অধ্যাপক নাসরিন সুলতানা বলেছেন, মহামারি শুরুর পর চিকিৎসার ব্যাপারে বেশি নজর দেয়া হলেও সংক্রমণ ঠেকানো বা প্রতিরোধের বিষয়ে গুরুত্ব কম ছিল। সেকারণে সংক্রমণ একেবারে কমে না গিয়ে ছয় মাস ধরে স্থিতিশীল রয়েছে। তিনি মনে করেন এখন প্রতিরোধের ব্যাপারে বেশি গুরুত্ব দেয়া উচিত। ""শুরুর দিকে বিভিন্ন হাসপাতালকে ডেডিকেটেড ঘোষণা করা হলো, হটলাইনসহ বিভিন্ন পদক্ষেপ নেয়া হলো। কিন্তু এখন যেহেতু একটু স্বাভাবিক হয়েছে, তাই প্রতিরোধমূলক যেসব ব্যবস্থা নেয়া উচিত, যেমন নজরদারি, মানুষকে সজাগ করা- এনিয়ে সরকারের প্রচারণা কম। আবার মানুষেরও সচেতনতা কম। তারা এখন যেনো কেয়ারই করছে না।"" কর্মকর্তারা বলেছেন, মাস্ক ব্যবহার না করলে আইনী ব্যবস্থা নেয়া এবং সচেতনতামূলক কর্মসূচি জোরদার করা হচ্ছে।","বাংলাদেশে শীতের সময় সাধারণ সর্দি-কাশির পাশাপাশি কোভিড-১৯ সংক্রমণ বেড়ে যেতে পারে বলে আশঙ্কা করা হচ্ছে। তাই সরকার শীতজনিত রোগের চিকিৎসা ও ওষুধ সরবরাহ ঠিক রাখতে নতুন পরিকল্পনা গ্রহণ করেছে। যেসব হাসপাতাল সাধারণ রোগীদের চিকিৎসার জন্য ব্যবহার করা হচ্ছিল, সংক্রমণ বাড়লে সেগুলো পুনরায় কোভিড চিকিৎসার জন্য ব্যবহার করা হবে। মাস্ক পরা বাধ্যতামূলক করা হয়েছে এবং আইন প্রয়োগের কথা বলা হয়েছে। তবে সাধারণ মানুষের মধ্যে করোনার বিষয়ে শৈথিল্য দেখা যাচ্ছে এবং পরীক্ষা করানোর আগ্রহ কমে গেছে, যা সংক্রমণ পরিস্থিতি নিয়ন্ত্রণে বাধা সৃষ্টি করতে পারে।"
"বিরোধী নেতাদের সাক্ষাৎকার বন্ধ করে দেওয়ার পর একটি টিভি চ্যানেলের স্ক্রিন। এর প্রায় এক সপ্তাহ পর ঘটে এরকমই আরেকটি ঘটনা। আরেক বিরোধী রাজনীতিক মরিয়ম নওয়াজের সাক্ষাৎকারও মাঝপথে হঠাৎ করে বন্ধ হয়ে বিজ্ঞাপনের প্রচার শুরু হয়। সেই অসমাপ্ত সাক্ষাৎকারটি আর দেখানো হয়নি। ইসলামাবাদ থেকে বিবিসির সংবাদদাতা সেকান্দার কিরমানি বলছেন, পাকিস্তানের সংবাদ মাধ্যম বর্তমানে কতোটা স্বাধীনতা ভোগ করছে এই দুটো ঘটনাই থেকেই সেটা স্পষ্ট। গত সপ্তাহে দেশটির বড় বড় শহরগুলোতে প্রেস ক্লাবের সামনে জড়ো হয়ে সাংবাদিকরা সংবাদ মাধ্যমের ওপর এধরনের সেন্সরশিপের প্রতিবাদ করেছেন। সরকার অবশ্য সাংবাদিকদের এসব অভিযোগ অস্বীকার করে তাদেরকে 'পক্ষপাতদুষ্ট' বলে উল্লেখ করছে। ওয়াশিংটন সফরের সময় প্রধানমন্ত্রী ইমরান খানও মিডিয়ার ওপর সেন্সরশিপের অভিযোগ অস্বীকার করেছেন। সাংবাদিকদের তিনি বলেছেন: ""পাকিস্তানি প্রেসের উপর নিয়ন্ত্রণ আছে এটা বলা একটা কৌতুক।"" পাকিস্তানি সেনাবাহিনীও তাদের বিরুদ্ধে আনা মিডিয়া সেন্সরশিপের অভিযোগ অস্বীকার করেছে। সেকান্দার কিরমানি বলছেন, মিডিয়াতে ইমরান খানের সরকার ও সামরিক বাহিনীর সমালোচনা বন্ধ করার যে চেষ্টা চালানো হয় তার তথ্যপ্রমাণ খুবই পরিষ্কার। এমনকি তার রাজনৈতিক বিরোধীরা যখন দাবি করেন যে তাদেরকে 'অন্যায়ভাবে দুর্নীতির মামলায় অভিযুক্ত করা হয়েছে' - সেটাও চাপা দেওয়ার চেষ্টা করা হয়ে থাকে। রিপোর্টার্স উইদাউট বর্ডার্স সংবাদ মাধ্যমের স্বাধীনতার যে সূচক প্রকাশ করেছে সেখানেও পাকিস্তানের অবস্থান ১৮০টি দেশের মধ্যে ১৪২ নম্বরে। সংবাদ মাধ্যমের স্বাধীনতার ওপর এধরনের হস্তক্ষেপের কারণে পাকিস্তানের সাথে পশ্চিমা দেশগুলোর সম্পর্ক উন্নয়নের চেষ্টা ক্ষতিগ্রস্ত হচ্ছে। বিশেষ করে যুক্তরাষ্ট্র, আফগানিস্তান ও ভারতের সাথে। এই সেন্সরশিপের প্রধানতম লক্ষ্য সাবেক প্রধানমন্ত্রী নওয়াজ শরীফের মেয়ে মরিয়ম শরীফ। দুর্নীতির দায়ে তার পিতা কারাগারে সাজা ভোগ করছেন। এমাসের শুরুর দিকে মরিয়ম শরীফ গোপনে ধারণ করা একটি ভিডিও প্রকাশ করেন যা পাকিস্তানের রাজনীতি ও বিচার বিভাগে তোলপাড় ফেলে দেয়। ভিডিওতে দেখা যায় একজন বিচারক - যিনি নওয়াজ শরীফকে কারাদণ্ড দিয়েছেন - তিনি স্বীকার করছেন যে নওয়াজ শরীফকে দোষী সাব্যস্ত করার ব্যাপারে তাকে ব্ল্যাক-মেইল করা হয়েছিল। বিচারক বলছেন, তিনি এরকম কিছু বলেন নি, ভিডিওটি এডিট করা হয়েছে। তবে মরিয়ম শরীফের এই সংবাদ সম্মেলনটি যেসব টিভি সরাসরি সম্প্রচার করছিল, সেসব চ্যানেল কয়েকদিনের জন্যে বন্ধ করে দেওয়া হয়েছিল। মরিয়ম নওয়াজ। আরো পড়তে পারেন: অস্ত্রের মুখেও সাংবাদিক হওয়ার স্বপ্ন দেখেন মেয়েটি অবশেষে পাকিস্তান ছাড়লেন আসিয়া বিবি একাত্তরের যুদ্ধকে কোন চোখে দেখেছে বলিউড ? অন্যান্য সময়েও টিভি চ্যানেলগুলোতে যখন সমাবেশে দেওয়া মরিয়ম শরীফের বক্তব্য সম্প্রচার করা হয়েছে তখনও মাঝে মধ্যে টিভির আওয়াজ বন্ধ করে দেওয়া হয়েছে। নিরাপত্তার কারণে নাম প্রকাশ করতে চাননি এরকম একজন সাংবাদিক বিবিসিকে বলেছেন, কিভাবে মিডিয়ার ওপর সেন্সরশিপ চালানো হচ্ছে। তিনি বলছেন, কোন টিভি চ্যানেল যখন কোন কিছু লাইভ সম্প্রচার করে তখন সেটা কমপক্ষে ১০ সেকেন্ড সময় পিছিয়ে থাকে। একজন লোক বসে বসে সবকিছু দেখেন। সেখানে আপত্তিকর কিছু মনে হলে তিনি তখনই একটা ব্যবস্থা নিয়ে থাকেন। এই সাংবাদিক বলেন, ওই লোকের চোখে যখনই আপত্তিকর কিছু চোখে পড়ে তখনই সেটা থামিয়ে দিয়ে বিজ্ঞাপন চালিয়ে দেওয়া হয়। ফলে ওই অংশটুকু আর প্রচারিত হয় না। কিন্তু এরকম কিছু করতে ব্যর্থ হলে সরকারি লোকেরা ক্রুদ্ধ হয়ে ফোন করেন, কিম্বা সেনাবাহিনী কিম্বা গোয়েন্দা বিভাগ থেকে লোকজন ওই টিভি অফিসে যান। সাংবাদিকদের ওপর ব্যক্তিগতভাবে চাপ প্রয়োগের পাশাপাশি টিভি চ্যানেলটির ওপরেও নানা উপায়ে চাপ সৃষ্টি করা হয়। ""বিজ্ঞাপন সংস্থাগুলোকে বলে দেওয়া হয় যাতে তারা ওই টিভি চ্যানেলকে বিজ্ঞাপন না দেয়, ক্যাবল অপারেটরদের বলা হয় যে নম্বরে চ্যানেলটি দেখানো হচ্ছিল সেটা পুরোপুরি বন্ধ করে দিতে।"" ""তারা আমাদের গলার চারপাশে হাত দিয়ে রেখেছে। যখনই মনে করে তখনই চেপে ধরে,"" বলেন ওই সাংবাদিক। তবে রাজনৈতিক সমালোচনা যে একেবারেই নিষিদ্ধ সেটা বলাও ভুল। প্রধানমন্ত্রী ইমরান খান বলেছেন, সংবাদ মাধ্যমে তাকে আক্রমণ করা হয়েছে। মরিয়ম নওয়াজ ছাড়া অন্যান্য রাজনীতিকরা নিয়মিতই টেলিভিশনের টকশোতে অংশ নিচ্ছেন। ""কাগজে কলমে হলেও এখানে গণতন্ত্র আছে। মিশরের মতো এখানে করা যাবে না,"" বলেন মিডিয়া বিশ্লেষক আদনান রেহমাত। তিনি মনে করেন, পাকিস্তানে সেন্সরশিপ হচ্ছে বিরোধী দলগুলোর শীর্ষ নেতাদের সাক্ষাৎকার সম্প্রচার বন্ধ করে দেওয়া। কিন্তু এসব দলের দ্বিতীয় কিম্বা তৃতীয় স্তরের নেতারা কিন্তু টেলিভিশন অনুষ্ঠানে অংশ নিচ্ছেন। গত বছর অনুষ্ঠিত নির্বাচনে আগেও সাংবাদিকরা গোয়েন্দা বিভাগগুলো থেকে একই ধরনের চাপের মধ্যে ছিলেন। প্রধান সারির একটি টিভি চ্যানেলের সম্প্রচার কয়েক সপ্তাহের জন্যে বন্ধ করে দেওয়া হয়েছিল। হস্তক্ষেপ করা হয়েছিল অত্যন্ত সুপরিচিত একটি ইংরেজি দৈনিকের সার্কুলেশনেও। সাংবাদিক হামিদ মীর। নিরাপত্তা বাহিনীগুলো ইমরান খানকে ক্ষমতায় আসতে সাহায্য করছে- এধরনের অভিযোগের বিষয়ে তখন আলোচনা করা নিষিদ্ধ ছিল। অনেকেই বলছেন, তিনি ক্ষমতায় আসার পর এই পরিস্থিতি আরো খারাপ হয়েছে। টেলিভিশন উপস্থাপক হামিদ মীর ইমরান খানকে উল্লেখ করছেন 'বেসামরিক স্বৈরশাসক' হিসেবে। তিনি বলছেন, সংবাদ মাধ্যমের ওপর নিয়ন্ত্রণ দিনে দিনে বাড়ছে। তিনি বলছেন, বর্তমানের বিরোধী দলগুলো যখন ক্ষমতায় ছিল তখন তারাও সাংবাদিকদের একইভাবে নিয়ন্ত্রণের চেষ্টা করেছে। তিনি বলেন, ""এজন্যে তারা এখন তার মূল্য দিচ্ছে।"" সেন্সরশিপের অভিযোগ অস্বীকার করে প্রধানমন্ত্রী ইমরান খান বলেছেন, কিছু কিছু মিডিয়ার নিজেদের স্বার্থ আছে। তারা তার সরকারকে খাটো করার চেষ্টা করছে। বিরোধী নেতাদের বিরুদ্ধে করা মামলা নিয়ে তারা যেসব কথাবার্তা বলে সেগুলোও রাজনৈতিক উদ্দেশ্য-প্রণোদিত। পাকিস্তানে সরকার চাইছে মিডিয়াতে সাজাপ্রাপ্ত রাজনীতিকদের বক্তব্য প্রচার নিষিদ্ধ করতে। আসিফ আলী জারদারি, যার সাক্ষাৎকার সম্প্রচার হঠাৎ করেই বন্ধ করে দেওয়া হয়েছিল, দুর্নীতির অভিযোগে তার বিচার চলছে। অন্যদিকে মরিয়ম নওয়াজও দুর্নীতির একটি মামলায় জামিনে রয়েছেন। মি. জারদারির সাক্ষাৎকারের প্রচার বন্ধ করে দেওয়ার পর সম্প্রচার বিষয়ে সরকারের একজন উপদেষ্টা ফেরদৌস আশিক বলেছেন, বিচারাধীন থাকার কারণে মি. জারদারির সাক্ষাৎকার প্রচার করা হয়নি। তবে পাকিস্তানের সম্প্রচার নিয়ন্ত্রক সংস্থা থেকে বলছে, সাক্ষাৎকারটির প্রচার বন্ধ করার জন্যে তারা কোন নির্দেশ দেননি এবং সাজাপ্রাপ্ত লোকদের বক্তব্য প্রচারের ওপর কোন নিষেধাজ্ঞার কথাও তাদেরকে জানানো হয়নি। সম্প্রতি যুক্তরাষ্ট্র সরকারের অর্থে পরিচালিত ভয়েস অফ আমেরিকার টিভি বুলেটিন বন্ধ করে দেওয়া হয়েছে। অনেকেই মনে করেন নিরাপত্তা বাহিনীর হাতে মানবাধিকার লঙ্ঘনের অভিযোগ তুলে এর বিরুদ্ধে আন্দোলনের খবর প্রচার করার কারণেই ওই বুলেটিনের প্রচার বন্ধ করে দেওয়া হয়েছে। নাম প্রকাশ করতে চাননি যে সাংবাদিক তিনি বলেছেন, ""প্রত্যেকটি মিনিট মনিটর করা হচ্ছে। ইমরান খানের কথা ভুলে যান, ভুলে যান সেনা প্রধানের কথাও। তারা যদি তথ্য মন্ত্রণালয়ের কোন বিবৃতিও পছন্দ করে সেটার একটা স্ক্রিনশট পাঠিয়ে সেটা তারা ব্রেকিং নিউজ হিসেবে প্রচার করতে বলে।"" আরো পড়তে পারেন: 'সাঁওতাল পল্লীতে আগুনের ঘটনায় পুলিশের সংশ্লিষ্টতা নেই' পাঁচ সপ্তাহের জন্য নিষিদ্ধ ১৪টি ব্র্যান্ডের দুধ স্কয়ার হাসপাতালের বিলের বিষয়ে তদন্ত","পাকিস্তানে বিরোধী রাজনীতিবিদদের সাক্ষাৎকার মাঝপথে বন্ধ করে দেওয়া হচ্ছে, যা সংবাদ মাধ্যমের স্বাধীনতার ওপর কঠোর নিয়ন্ত্রণের ইঙ্গিত দেয়। সামরিক বাহিনী ও সরকারের সমালোচনামূলক খবর প্রচারের ক্ষেত্রে বাধা সৃষ্টি করা হচ্ছে। সাংবাদিকদের মতে, সেনাবাহিনীর নির্দেশে মিডিয়ায় সেন্সরশিপ আরোপ করা হচ্ছে, যাতে বিরোধীদের বক্তব্য প্রচার না পায়। এ কারণে রিপোর্টার্স উইদাউট বর্ডার্সের সূচকে পাকিস্তান মিডিয়া স্বাধীনতার ক্ষেত্রে পিছিয়ে রয়েছে। প্রধানমন্ত্রী ইমরান খান এসব অভিযোগ অস্বীকার করেছেন।"
"সিরাম ইনস্টিটিউট থেকে বাংলাদেশে প্রতিমাসে ৫০ লাখ ডোজ করে টিকা আসার কথা ছিল স্বাস্থ্য অধিদপ্তর একটি বিজ্ঞপ্তিতে জানিয়েছে, ২৬শে এপ্রিল সোমবার থেকে পরবর্তী নির্দেশ না দেয়া পর্যন্ত কোভিড-১৯ টিকাদান কার্যক্রমের প্রথম ডোজ টিকা প্রদান সাময়িকভাবে বন্ধ থাকবে। স্বাস্থ্য অধিদপ্তরের তথ্য অনুযায়ী, বাংলাদেশে ২৪শে এপ্রিল পর্যন্ত ৫৭ লাখ ৯৮ হাজার ৮৮০ জন প্রথম ডোজের টিকা নিয়েছেন। আর দ্বিতীয় ডোজের টিকা পেয়েছেন ২১ লাখ ৫৫ হাজার ২৯৬ জন। টিকা গ্রহণের জন্য এ পর্যন্ত নিবন্ধন করেছেন ৭২ লাখ ৬ হাজার ৫৬৫ জন। বাংলাদেশ এমন সময় এই সিদ্ধান্ত নিয়েছে, যখন ভারত টিকা রপ্তানির ওপর নিষেধাজ্ঞা আরোপ করায় দেশটি এক গভীর সংকটে পড়েছে। বেসরকারি সংস্থা বেক্সিমকোর মাধ্যমে ভারতের সেরাম ইন্সটিটিউটে তৈরি করা অক্সফোর্ড-অ্যাস্ট্রজেনেকার কোভিশিল্ড তিন কোটি ডোজ টিকা সংগ্রহের উদ্যোগ নিয়েছিল সরকার। কিন্তু প্রতিষ্ঠানটি থেকে এখন পর্যন্ত মাত্র ৭০ লাখ ডোজ টিকা পাওয়া গেছে। আরও ৩২ লাখ টিকা সরকার পেয়েছে উপহার হিসাবে। সেই হিসাবে বাংলাদেশের মোট এক কোটি ২ লাখ ডোজ টিকা পেয়েছে, যার একটি বড় অংশই দেয়া হয়ে গেছে। এমন প্রেক্ষাপটে প্রথম ডোজ টিকা দেয়া সাময়িকভাবে বন্ধ রাখার সিদ্ধান্ত নিয়েছে সরকার। আরও পড়ুন: ভারতকে বাদ রেখে চীনের টিকা স্টোরেজ উদ্যোগে বাংলাদেশের সম্মতি সিরামের কাছ থেকে টিকা আনার ব্যাপারে যা বললেন বেক্সিমকোর এমডি শুধু ভারত থেকে করোনাভাইরাসের টিকা আনার সিদ্ধান্ত কতটা ঠিক ছিল? বাংলাদেশে কি করোনাভাইরাসের টিকা উৎপাদন সম্ভব? টিকা নিয়ে সংকটে বাংলাদেশ নতুন করে কিছু টিকা পাওয়ার আশা এখন পর্যন্ত বাংলাদেশের হাতে যে পরিমান টিকা আছে তাতে প্রথম ডোজ নেয়া সব মানুষকে দ্বিতীয় ডোজ দিয়ে শেষ করা যাবে না। কিন্তু রবিবার স্বাস্থ্য অধিদপ্তরের মহাপরিচালক অধ্যাপক ডা: আবুল বাসার মোহাম্মদ খুরশীদ আলম বলেন, দুটি সূত্র থেকে আরো একুশ লাখ টিকা পাওয়া যাবে, যা মে মাসে পাওয়ার আশা করছেন তিনি। এর মধ্যে বৈশ্বিক উদ্যোগ কোভ্যাক্স থেকে পাওয়া যাবে এক লাখ ডোজ। আর ভারতের সিরাম ইনস্টিটিউট থেকে পাওয়া যাবে কুড়ি লাখ ডোজ, বলছেন স্বাস্থ্য অধিদপ্তরের মহাপরিচালক। কিন্তু, বাংলাদেশের স্থানীয় গণমাধ্যমগুলো খবর দিচ্ছে, ঢাকার ভারতীয় হাইকমিশন বাংলাদেশের পররাষ্ট্র মন্ত্রণালয়কে জানিয়ে দিয়েছে যে, ব্যাপক অভ্যন্তরীণ চাহিদা তৈরি হওয়ার কারণে তাদের পক্ষে আর বাইরের কোন দেশকে আপাতত সিরামের তৈরি টিকা দেয়া সম্ভব হচ্ছে না। এই খবরটি অবশ্য বিবিসির পক্ষ থেকে নিরপেক্ষভাবে যাচাই করা সম্ভব হয়নি। এ ব্যাপারে পররাষ্ট্র মন্ত্রনালয়ের কোন বক্তব্য এখন পর্যন্ত পাওয়া যায়নি। অবশ্য এর একদিন আগে শনিবার বেক্সিমকোর ব্যাবস্থাপনা পরিচালক নাজমুল হাসান সরকারের কাছে দাবি জানিয়েছিলেন সিরাম থেকে প্রাপ্য টিকার চালান আনার জন্য ভারত সরকারের ওপর চাপ দিতে। তিনি বলেন, ""সিরামকে দেড় কোটি ডোজ টিকার জন্য অগ্রিম অর্থ দিয়েছে বাংলাদেশ, তাই সেটি ভারত আটকাতে পারে না।"" ""সরকারের তাদেরকে স্পষ্ট বলা উচিৎ যে আমরা অগ্রিম টাকা দিয়েছি। এটা আমাদের অধিকার। ফোনে কথা বলা নয়। শক্ত স্টেপ নিতে হবে""। ""সিরাম জানিয়েছে যে তারা বাংলাদেশের জন্য ৫০ লাখ ডোজ রেডি করে রেখেছে কিন্তু মিনিস্ট্রি অফ এক্সটারনাল এফেয়ার্স ছাড়পত্র দিচ্ছে না। তাই ভ্যাকসিন আনার বিষয়ে এখন বাংলাদেশ সরকারের চুপ করে থাকার কারণ নেই। "" বলেন মি. পাপন। বিবিসি বাংলার অন্যান্য খবর: মে মাসে সিরাম ও কোভ্যাক্স থেকে কিছু টিকা পেতে পারে বাংলাদেশ ক্লাবগুলো চাইলেই ইএসএল ছাড়তে পারবে না - রেয়ালের প্রেসিডেন্ট ইন্দোনেশিয়ায় ৫৩ জন ক্রু নিয়ে নিখোঁজ সাবমেরিনটি ডুবে গেছে ভারতের হাসপাতালে অক্সিজেন বিপর্যয়ে আবারো বহু রোগীর মৃত্যু","বাংলাদেশ ভারতের সেরাম ইনস্টিটিউট থেকে প্রতি মাসে ৫০ লাখ ডোজ কোভিড-১৯ টিকা পাওয়ার কথা থাকলেও, ভারত রপ্তানি বন্ধ করায় টিকা সরবরাহে সংকট দেখা দিয়েছে। সরকারের ঘোষণা অনুযায়ী, নতুন নির্দেশ না দেওয়া পর্যন্ত প্রথম ডোজ টিকা দেওয়া বন্ধ থাকবে। বেক্সিমকো জানিয়েছে, তারা সিরামের কাছে আগেই টাকা পরিশোধ করেছে, কিন্তু ভারত সরকারের অনুমতি না পাওয়ায় টিকা আটকে আছে। বিকল্প উৎস থেকে টিকা আনার চেষ্টা করা হলেও তা পর্যাপ্ত হবে কি না, তা অনিশ্চিত।"
"স্পেস স্যুট পরে মহাকাশে যাওয়ার প্রশিক্ষণ নিচ্ছেন কেটি মেইসনরুজ একষট্টি-বছর বয়সী কেটি মেইজনরুজ একটি বিজনেস স্কুলের প্রফেসর। ২০০৫ সালে আড়াই লাখ ডলার দিয়ে মহাকাশে যাওয়ার জন্য টিকেট কাটেন। অর্থের বিনিময়ে এরকম মহাকাশ ভ্রমণের টিকেট বিক্রি করছিল ভার্জিন গ্যালাকটিক। তাদের প্রথম যে ফ্লাইট মহাকাশে যাবে, সেটিতে থাকবেন কোম্পানির প্রতিষ্ঠাতা স্যার রিচার্ড ব্র্যানসন। ভার্জিন গ্যালাকটিক বলছে, শেষ পর্যন্ত তাদের মহাকাশ ফ্লাইটের উদ্বোধন হবে এবছরই। মিসেস মেইসনরুজ আশা করছেন, তাদের মহাকাশ ভ্রমণটি হবে এক চমৎকার অভিজ্ঞতা। সবকিছু ঠিকঠাক চললে ভার্জিন গ্যালাকটিক হবে প্রথম কোন বেসরকারি কোম্পানি যারা পর্যটকদের মহাকাশে নিয়ে যাবে। এ পর্যন্ত ৬০০ লোক তাদের মহাকাশ ভ্রমণের টিকেট কিনেছে। এদের মধ্যে জাস্টিন বিবার এবং লিওনার্ডো ডিক্যাপ্রিওর মতো সেলিব্রেটিও আছে। তবে ভার্জিন গ্যালাকটিকের প্রতিদ্বন্দ্বী কোম্পানিগুলোও পিছিয়ে নেই। আমাজনের প্রতিষ্ঠাতা জেফ বেজোসের কোম্পানি 'ব্লু অরিজিন' আশা করছে তাদের মহাকাশ ফ্লাইটও এবছরই শুরু হবে। আর টেসলার প্রতিষ্ঠাতা ইলন মাস্ক এরই মধ্যে ঘোষণা করেছেন যে চাঁদকে প্রদক্ষিণ করতে তাদের স্পেস এক্সের ফ্লাইটের প্রথম যাত্রী হবেন একজন জাপানি ধনকুবের। মহাকাশের স্বপ্ন আন্তর্জাতিক মহাকাশ স্টেশন: ভবিষ্যতে কি পর্যটকরাও যেতে পারবেন এখানে? দু'হাজারউনিশ সালে সুইস ব্যাংক ইউবিএস একটি রিপোর্টে অনুমান করেছিল যে আগামী দশ বছরে মহাকাশ পর্যটন ৩০০ কোটি ডলারের ব্যবসায় পরিণত হবে। ভার্জিন গ্যালাকটিকের মহাকাশ ভ্রমণের টিকেট একেবারে শুরুতে যারা কেটেছিলেন, মিসেস মেইসনরুজ তাদের একজন। টিকেটের দাম আড়াই লাখ ডলার হওয়া সত্ত্বেও তা কেনার মতো লোকের অভাব ছিল না। খুব অল্প বয়স থেকেই মিসেস মেইসনরুজ মহাকাশের স্বপ্ন দেখতেন। তিনি এখনো পরিস্কার মনে করতে পারেন ১৯৬৯ সালে নীল আর্মস্ট্রং এবং বাজ অলড্রিন যখন প্রথম চাঁদে পা রাখেন। ভার্জিন গ্যালাকটিক যখন প্রথম ঘোষণা করলো যে তারা মহাকাশে সাধারণ পর্যটকদের নিয়ে যাবে, তখন সাথে সাথে তার টিকেট বুক করেন মিসেস মেইসনরুজ। তবে মহাকাশে যাওয়ার টিকেট কাটলেও এই পরিকল্পনা বেশ গোপনই রেখেছিলেন তিনি। কেবল তার পরিবার এবং ঘনিষ্ঠ বন্ধুরাই জানতেন তার মহাকাশে যাওয়ার পরিকল্পনার কথা। পর্যটকদের প্রথম যে দলটি মহাকাশে যাবে, ২০১৯ সালের নভেম্বরে তারা প্রথম তাদের 'স্পেসস্যুট' পরার সুযোগ পান। এই স্পেসস্যুট ডিজাইন করেছে স্পোর্টসওয়্যার ব্র্যান্ড 'আন্ডার আর্মার।' মহাকাশে যাওয়ার জন্য আড়াই লাখ ডলারে টিকেট কেটেছেন কেটি মেইসনরুজ এবং আরও অনেকে। ""আমার জন্য তখন ব্যাপারটা ছিল এমন, এটি তাহলে সত্যিই ঘটতে চলেছে"", বললেন মিসেস মেইসনরুজ। ""আপনি যখন ১৫ বছর ধরে অপেক্ষা করছেন, আপনি যখন এত বছর ধরে এই স্বপ্ন দেখছেন, তখন যতক্ষণ ব্যাপারটা না ঘটছে, ততক্ষণ আপনার মনে হতে থাকে, এটা কি সত্যিই ঘটবে? অ্যাপোলো মিশনের নভোচারীদের যেখানে মাসের পর মাস কঠোর প্রশিক্ষণ নিতে হয়েছে, সেখানে মিসেস মেইসনরুজ এবং তার সহযাত্রী পর্যটকদের দেয়া হবে মাত্র তিন দিনের প্রশিক্ষণ। ভার্জিন গ্যালাকটিক বলছে, প্রশিক্ষণের সময় এর চেয়েও কম হতে পারে। মহাকাশযাত্রীরা যেন তাদের এই ভ্রমণ অভিজ্ঞতা খুব ভালোভাবে উপভোগ করতে পারেন, সেটা বুঝিয়ে দেয়াই হবে এই প্রশিক্ষণের লক্ষ্য। আরও পড়ুন: মহাকাশ স্টেশনে রাত কাটাতে পর্যটক পাঠাবে নাসা মহাশূন্যে বর্জ্য তৈরির প্রধান উৎস হয়ে উঠছে ভারত? ২০১৯ সালের মহাকাশের সেরা কিছু ছবি এই মহাকাশ পর্যটকরা এরই মধ্যে নিউ মেক্সিকোর মরুভূমিতে 'স্পেসক্রাফট আমেরিকায়' ভার্জিন গ্যালাকটিকের টার্মিনাল পরিদর্শন করেছেন। এখান থেকেই পর্যটকরা ভার্জিন গ্যালাকটিকের স্পেসশিপে আরোহন করবেন। তাদের নিয়ে স্পেসশীপটি ৯০ মিনিট আকাশে থাকবে। এরমধ্যে তারা পৃথিবীর কক্ষপথে থাকবেন মাত্র কয়েক মিনিট। এরকম নব্বুই মিনিটের একটি ভ্রমণের জন্য আড়াই লাখ ডলার অনেক বেশি মনে হতে পারে, কিন্তু ভার্জিন গ্যালাকটিক বলছে, তাদের স্পেস ফ্লাইটের জন্য চাহিদা বাড়বে বলেই মনে করছে তারা। নিউ মেক্সিকোর মরুভূমিতে 'স্পেসক্রাফট আমেরিকায়' ভার্জিন গ্যালাকটিকের টার্মিনাল রাশিয়ার সয়ুজ স্পেসফ্লাইটের জন্যও কয়েক মিলিয়ন ডলার খরচ করে টিকেট কেটেছে সাতজন ব্যক্তিগত অভিযাত্রী। মার্কিন মহাকাশ সংস্থাও এরকম পথে যাচ্ছে। তারা স্পেসএক্স এবং বোয়িং এর সঙ্গে চুক্তি করেছে তাদের নভোচারীদের মহাকাশে নিয়ে যাওয়ার জন্য। তবে শুধু মহাকাশে যাওয়ার জন্যই নয়, পৃথিবীরই এক জায়গা থেকে আরেক জায়গায় দ্রুত যাওয়ার জন্য পৃথিবীর কক্ষপথ ব্যবহারের পরিকল্পনা চলছে। স্পেসএক্স নিউ ইয়র্ক থেকে মাত্র ৪০ মিনিটে সাংহাই পৌঁছানো যায় এমন এক ফ্লাইটের পরিকল্পনা প্রকাশ করেছে। তারা স্পেস ফ্লাইটের প্রযুক্তি ব্যবহার করবে, যেখানে আসলে স্পেসশিীপটি পৃথিবীর নীচু কক্ষপথ ব্যবহার করে দ্রুত গন্তব্যে পৌঁছাবে। সুইস ব্যাংক ইউবিএস এর মতে, ২০৩০ সাল নাগাদ এটি হবে দু হাজার কোটি ডলারের ব্যবসা।","একজন ৬১ বছর বয়সী মার্কিন অধ্যাপক কেটি মেইসনরুজ ২০০৫ সালে ২.৫ লাখ ডলারে ভার্জিন গ্যালাকটিকের মহাকাশ ভ্রমণের টিকিট কিনেছিলেন। কোম্পানিটি এবার তাদের প্রথম পর্যটন ফ্লাইট চালু করতে যাচ্ছে। বিভিন্ন ধনী ব্যক্তিরা ইতোমধ্যে টিকিট কিনেছেন, যার মধ্যে লিওনার্দো ডিক্যাপ্রিও ও জাস্টিন বিবারও রয়েছেন। মহাকাশ পর্যটন শিল্প আগামী ১০ বছরে ৩০০ কোটি ডলারের বাজারে পরিণত হতে পারে বলে অনুমান করা হচ্ছে।"
"ইতালিতে অবৈধভাবে খৎনা করানো নিয়ে অনেকের উদ্বেগ রয়েছে। জানা গেছে, মৃত শিশুটির ভাইকেও একই সাথে খৎনা করানো হয়, তবে সে হাসপাতালে সেরে উঠছে। শিশু দু'টির নাম প্রকাশ করা হয় নি। ঘটনাটি ঘটেছে রোমের উত্তর-পশ্চিমে মন্টেরন্ডো উপশহরে। তাদের মা নাইজেরিয়ান, এবং তিনি নিজে একজন ক্যাথলিক খৃস্টান হলেও নাইজেরিয়ার প্রচলিত ইসলামী রীতি অনুযায়ী সন্তানদের খৎনা করানোর উদ্যোগ নিয়েছিলেন। ইতালির সংবাদ মাধ্যম বলছে, এ ব্যাপারে ৬৬ বছর বয়স্ক এক ব্যক্তির বিরুদ্ধে হত্যা মামলা করা হয়েছে। যে ডাক্তার ওই খৎনা করিয়েছিলেন, তিনি লিবিয়ান বংশোদ্ভূত আমেরিকান বলে জানানো হয়। তাকে গ্রেফতার করা হয়েছে এবং পুলিশ এখন তার ডাক্তারি পড়াশোনা সম্পর্কে জিজ্ঞাসাবাদ করছে। তাদের মা নাইজেরিয়ান মহিলাটির নিজদেশে আরো পাঁচ সন্তান রয়েছে। একটি দাতব্য প্রতিষ্ঠানের পরিসংখ্যান অনুযায়ী ইতালিতে প্রতি বছর পাঁচ হাজার খৎনা করানো হয় এবং তার এক তৃতীয়াংশেরও বেশি করানো হয় অবৈধভাবে। কিন্তু এ কারণে অতিরিক্ত রক্তক্ষরণে মৃত্যুর ঘটনা খুব বিরল। বিবিসি বাংলায় আরো খবর ইসির বৈঠক থেকে ওয়াকআউট ঐক্যফ্রন্ট নেতাদের হিন্দু ভোটারদের ঘিরেই নাসিরনগরে যত সমীকরণ লম্বা চুলদাড়ি, নীল চোখ - এই কি যীশুর আসল চেহারা? ভাইরাল হওয়া ভিডিও ক্লিপ নিয়ে এখন যা বলছেন অঞ্জনা ""এটা এমন এক শোকাবহ ঘটনা যা আমাদের স্তব্ধ করে দিয়েছে"" - ফেসবুকে এক বার্তায় বলেছে আর্চি নামের একটি প্রতিষ্ঠান, যাদের পরিচালিত অভিবাসী কেন্দ্রে ওই ঘটনাটি ঘটে। সারা ইউরোপ জুড়েই ছেলেদর খৎনা বৈধ, কিন্তু ইতালির সরকারি স্বাস্থ্য সেবা প্রতিষ্ঠানে বর্তমানে খৎনা করানোর ব্যবস্থা নেই। বেসরকারি ক্লিনিকে এটা করাতে গেলে ২ হাজার থেকে ৪ হাজার ইউরো পর্যন্ত খরচ হতে পারে। এ কারণে দরিদ্র পরিবারগুলো অনেক সময়ই অদক্ষ লোকদের দিয়ে এ কাজ করায় - যাতে ২০ থেকে ৫০ ইউরো খরচ হয়। বিবিসির স্বাস্থ্য বিষয়ক সম্পাদক মিশেল রবার্টস বলছেন, খৎনা করানো একটি সরল ডাক্তারি প্রক্রিয়া তবে এতে যে কোন ঝুঁকি নেই তা নয়। কোন কোন ক্ষেত্রে ডাক্তাররা এটা করানোর পরামর্শ দেন। তা ছাড়া এটা করালে কিছু ক্ষেত্রে যৌনমিলনের মাধ্যমে এইচআইভি সংক্রমণের ঝুঁকি কমে বলে প্রমাণ পাওয়া গেছে। বিবিসি বাংলায় আরো পড়ুন: আইসল্যান্ডে কেন খৎনা নিষিদ্ধ করা হচ্ছে সিয়েরা লিওনের নারী 'হাজাম' মেমিনাতুর কথা ওয়েলসে মেয়েদের খৎনার ঘটনা ধরা পড়েছে ১২৩টি","ইতালির মন্টেরন্ডো শহরে এক নাইজেরিয়ান মহিলা তার দুই শিশুকে খৎনা করানোর সিদ্ধান্ত নেন, যার মধ্যে এক শিশু অতিরিক্ত রক্তক্ষরণে মারা গেছে। অবৈধভাবে অদক্ষ চিকিৎসক দিয়ে খৎনা করানোর ফলে এমন ঘটনা ঘটেছে। ইতালিতে প্রতি বছর পাঁচ হাজারের বেশি খৎনা করানো হয়, যার এক-তৃতীয়াংশ হয় অনিয়ন্ত্রিতভাবে। সরকার অবৈধ খৎনা বন্ধ করতে নতুন আইন প্রণয়নের কথা ভাবছে।"
"শামীমা বেগম যেহেতু তার বয়স ১৯ হয়েছে, তাই তিনি অন্য দেশের নাগরিকত্ব পাওয়ার যোগ্য। সে কারণেই শামীমা বেগমের ব্রিটিশ নাগরিকত্ব বাতিল হতে পারে। তার পারিবারিক আইনজীবী তাসনিম আকুঞ্জি বলেছেন, এ সিদ্ধান্ত তাদের হতাশ করেছে এবং তারা আইনি পথে বিষয়টি মোকাবেলার বিষয়টি বিবেচনা করছেন। ২০১৫ সালে ইস্ট লন্ডন ছেড়ে চলে গিয়েছিলেন শামীমা, যদিও এখন বলছেন - তিনি আবার ব্রিটেনে ফিরতে চান। গত সপ্তাহে তাকে সিরিয়ায় একটি শরণার্থী ক্যাম্পে তাকে পাওয়া যায়। সপ্তাহের শেষ দিকে একটি পুত্র সন্তানর জন্ম দিয়েছেন তিনি। বিবিসিকে দেয়া এক সাক্ষাতকারে তিনি বলেছেন, তিনি কখনো আইএসের 'পোস্টার গার্ল' হতে চাননি এবং এখন তিনি শুধু তার সন্তানকে যুক্তরাজ্যেই বড় করতে চান। তবে জানা গেছে, তার নাগরিকত্বের বিষয়ে কর্তৃপক্ষের চিঠি তার মায়ের কাছে পাঠিয়ে দেয়া হয়েছে মেয়েকে জানানোর জন্য। 'আইএস বধূ' ব্রিটিশ-বাংলাদেশী শামিমা দেশে ফিরতে চান সিরিয়ায় ব্রিটিশ-বাংলাদেশী শামীমার সন্তান প্রসব ভারত-পাকিস্তান দ্বন্দ্ব বিশ্বের জন্য কত বড় হুমকি? বাংলাদেশ যোগসূত্র ১৯৮১ সালের ব্রিটিশ ন্যাশনালিটি অ্যাক্ট অনুযায়ী, একজন নাগরিকত্ব হারাতে পারেন যদি তার রাষ্ট্রহীন হওয়ার ঝুঁকি না থাকে। শামীমা জানিয়েছেন, তিনি তার বোনের যুক্তরাজ্যের পাসপোর্ট নিয়ে সিরিয়া পাড়ি দিয়েছিলেন এবং সেই পাসপোর্ট তার কাছ থেকে কেড়ে নেয়া হয় সীমান্ত অতিক্রমের পরপরই। তাকে বাংলাদেশী বংশোদ্ভূত মনে করা হলেও তিনি বিবিসিকে বলেছেন, তার কখনো বাংলাদেশী পাসপোর্ট ছিলোনা ও তিনি কখনো সে দেশে যাননি। তবে নাগরিকত্ব হারানোর আগে ব্রিটিশ বাবা-মায়ের সন্তান হলে সে সন্তান ব্রিটিশ নাগরিক হিসেবেই বিবেচিত হতে পারেন। ব্রিটিশ হোম অফিসের একজন মুখপাত্র বলেছেন, সাম্প্রতিক সময়ে হোম সেক্রেটারি এটা পরিষ্কার করে বলছেন যে তার অগ্রাধিকার হলো ব্রিটেন ও এর জনগণের নিরাপত্তা নিশ্চিত করা। শামীমা বেগম বলেছেন, সিরিয়া যাওয়ার জন্য তিনি দু:খিত নন যদিও ওই গোষ্ঠীর সবার সাথে তিনি সবকিছু নিয়ে একমত ছিলেননা। ""আমি আসলে কিছু ব্রিটিশ মূল্যবোধকে সমর্থন করি এবং আমি স্বেচ্ছায় যুক্তরাজ্যে ফিরতে চাই,"" বিবিসিকে বলেন শামীমা। তিনি স্বীকার করেছেন যে ২০১৭ সালে ম্যানচেস্টার অ্যারেনা হামলার ঘটনায় তিনি আঘাত পেয়েছেন। ওই ঘটনায় ২২ জন নিহত হয়েছিলো যার দায় আইএস স্বীকার করেছিলো। ""আমি কষ্ট পেয়েছি। নিরীহ মানুষ খুন হয়েছে""। ২০১৫ সালে আরো দুই বান্ধবীর সাথে সিরিয়ায় পালিয়ে গিয়েছিলেন শামীমা (ডানে) তিনি অবশ্য ওই ঘটনাকে সিরিয়ায় সামরিক হামলার সাথে তুলনা করেন এবং বলেন, ""যদিও একজন সৈন্যকে হত্যা করা হয় তাহলে সেটি ঠিক আছে। এটি আত্মরক্ষা""। ""কিন্তু যদি বাগহুজে (সিরিয়ার শেষ আইএস ঘাঁটি) বোমা হামলায় যেভাবে নারী ও শিশু হত্যা করা হয় সেভাবে যদি নারী ও শিশু খুন করা হয় - এটা হলে দু'দিকের বিষয়""। ""এটা এক ধরণের প্রতিশোধ। তাদের যুক্তি হলো এটা প্রতিশোধ। তাই আমি মনে করি এটা যৌক্তিক প্রতিশোধ""। ম্যানচেস্টার হামলায় আহত রবি পটার শামীমা বেগমের মন্তব্যের পর তীব্র ক্ষোভ প্রকাশ করেছেন। তিনি বলেন, ""তাকে আসতে দিন ও হামলার শিকার ব্যক্তি ও যারা সন্তান হারিয়েছে তাদের সাথে সাক্ষাত করতে দিন""।","ব্রিটিশ-বাংলাদেশি বংশোদ্ভূত শামীমা বেগম ২০১৫ সালে আইএস-এ যোগ দেওয়ার জন্য যুক্তরাজ্য থেকে সিরিয়ায় পাড়ি জমান। সম্প্রতি তিনি সিরিয়ার একটি শরণার্থী ক্যাম্পে পাওয়া গেছেন এবং তিনি ব্রিটেনে ফিরে যেতে চান। তবে ব্রিটিশ সরকার তার নাগরিকত্ব বাতিল করেছে, কারণ আইন অনুযায়ী এটি করলে তিনি রাষ্ট্রহীন হবেন না। শামীমা দাবি করেছেন, তার কখনো বাংলাদেশি পাসপোর্ট ছিল না এবং তিনি বাংলাদেশে যাননি। এই সিদ্ধান্তের বিরুদ্ধে তার পরিবার আইনি লড়াইয়ের পরিকল্পনা করছে।"
"রেলওয়ে কর্তৃপক্ষের হিসাবে, গত পাঁচ বছরে ট্রেনে পাথর ছুড়ে ২,০০০ বেশি জানালা-দরজা ভাঙ্গার ঘটনা ঘটেছে। সেসময় রাজনৈতিক সংকটের জের ধরে একটি রাজনৈতিক দলের অবরোধ কর্মসূচি চলার সময় ঢাকায় ফেরার জন্য রেল ছাড়া আর কোন বিকল্প ছিলোনা তার কাছে। কিন্তু সে যাত্রায় অল্পের জন্যই বেঁচে গিয়েছিলেন তিনি। বিবিসি বাংলাকে প্রিয়াঙ্কা তরফদার বলেন, ""রাত বারটার দিকে সম্ভবত ট্রেনটা শ্রীমঙ্গলে থেকে ছাড়ে। ট্রেনে অনেক ভিড় ছিলো কারণ সব স্টেশন থেকেই অনেক লোক উঠেছিলো। ব্রাক্ষ্মনবাড়িয়া আসার পর কর্তৃপক্ষ থেকে বলা হচ্ছিলো জানালা বন্ধ করার জন্য। জানালা বন্ধ করতে যাবো তখনি ঢিল আসে আমাকে লক্ষ্য করে। ভাগ্য ভালো হাতে থাকা মোবাইলে এসে লাগে ঢিলটি আর বেঁচে যাই আমি""। কিন্তু ঢাকার মিরপুরের রূপনগর এলাকার শরীফ মোস্তফা কামালের ভাগ্য অতটা সুপ্রসন্ন ছিলোনা। বরং আরামদায়ক ভ্রমণের জন্য তার প্রিয় রেলে উঠে জীবন বিপন্ন হতে বসেছিলো তার। ""২০১২ সালের শীতকালের ঘটনা। আমি চট্টগ্রাম থেকে ঢাকায় আসছিলাম। ঢাকার কাছে পুবাইলের কোনো জায়গায় আসার পর হঠাৎ করে ট্রেন চলন্ত অবস্থায় প্রচণ্ড শব্দে জানালার গ্লাস ভেঙ্গে গেলো। এক কেজি ওজনের পাথর এসে আমার কপালে লাগলো। আমি অজ্ঞান হয়ে গেলাম। পরে যাত্রীরা আমার স্ত্রী ও মেয়েকে খবর দেয়। আমি জখম অবস্থায় বাসায় আসলাম""। বিবিসি বাংলায় আরও পড়ুন: ট্রেনে পাথর নিক্ষেপ ঠেকানোর পথ খুঁজছে রেলওয়ে ট্রেনের ছাদে উঠলে ছাড় নেই, রোববার থেকে কড়া দৃষ্টি লেভেল ক্রসিং-এর মরণফাঁদ বন্ধ হয় না কেন? কর্মকর্তারা বলছেন ট্রেনে পাথর নিক্ষেপের প্রবণতা কমছে বাংলাদেশের পথে প্রান্তরে ছড়িয়ে থাকা প্রায় তিন হাজার কিলোমিটার রেলপথ দিয়ে ট্রেন চলাচলের সময় এ ধরণের পাথর নিক্ষেপের ঘটনা প্রায়শই ঘটে। গত কয়েক বছরে এ ধরনের ঘটনায় নিহত হয়েছেন বেশ কয়েকজন। ২০১৩ সালে চট্টগ্রামে প্রীতি দাশ নামের একজন প্রকৌশলী নিহত হবার পর বেশ শোরগোল হয় বিষয়টি নিয়ে। গত বছর নিহত হয় রেলেরই একজন পরিদর্শক। আবার এ বছরের মে মাসে জিসান নামে একটি শিশুর আহত হবার ঘটনায় দেশজুড়ে আলোচনায় আসে রেলে পাথর নিক্ষেপের বিষয়টি। রেলওয়ে কর্তৃপক্ষের হিসাবে, গত পাঁচ বছরে ট্রেনে পাথর ছুড়ে ২,০০০ বেশি জানালা-দরজা ভাঙ্গার ঘটনা ঘটেছে। ঢাকা -সিরাজগঞ্জ রুটে নিয়মিত ট্রেনে যাতায়াত করেন মো: আব্দুল আজিজ। তিনি বলছেন রেল যাত্রায় এ কারণে কতটা সতর্ক থাকেন তিনি। ""আমার বাড়ি সিরাজগঞ্জের উল্লাপাড়া।কমলাপুর থেকে ট্রেনেই আসা যাওয়া করি। মাঝে মধ্যে ট্রেনে ঢিল বা পাথর ছোড়া হয়, বিশেষ করে রাতে। আমরা পরিবারসহ যখন যাই তখন জানালা বন্ধ রাখি। যদিও ইদানিং কিছু ট্রেন এসেছে তাতে জানালা একটু উপরে থাকায় সরাসরি যাত্রীর গায়ে লাগার সুযোগ কম। তারপরেও আতঙ্কিত থাকি। বিশেষ করে যখন পরিবার নিয়ে যাই""। কর্মকর্তারা বলছেন লালমনিরহাট, চট্টগ্রাম ও টাঙ্গাইল সহ বিশটি জেলায় পাথর নিক্ষেপের ঘটনা বেশি ঘটে। এমনকি নতুন আনা ট্রেনগুলো রেহাই পাচ্ছেনা। প্রিয়াঙ্কা তরফদার বৃষ্টি অল্পের জন্য রক্ষা পেয়েছিলেন একের পর এক ঘটনার জের ধরে এসব নিয়ে কাজ করে রেল বিভাগ গুরুত্বপূর্ণ স্পট হিসেবে ৬৫টি স্থানকে চিহ্নিত করলেও পাথর নিক্ষেপ বন্ধ করা যাচ্ছেনা কেন? এমন প্রশ্নের জবাবে রেলের পশ্চিমাঞ্চলীয় মহাব্যবস্থাপক মো: হারুণ অর রশীদ বলছেন বেশ কিছু ব্যবস্থা নেয়া সত্ত্বেও ঘটনার পর জড়িতদের খুঁজে পাওয়া কঠিন হয়। তিনি বলেন, ""ডিভিশনাল রেলওয়ে ম্যানেজার ও সদর দপ্তর থেকেও বেশ কিছু ব্যবস্থা নেয়া হয়েছে। মাইকিং করা হয়েছে। পুলিশকে জানানো হয়েছে। দু একটি ঘটনায় ব্যবস্থাও হয়েছে। কিন্তু পাথর যারা ছোড়ে তাদের চিহ্নিত করা কঠিন। শাস্তি দেয়াও কঠিন। কারণ ছেলেপেলেরা খেলার ছলে পাথর ছোড়ে""। রেলওয়ে আইনে ট্রেনে পাথর ছোড়ার জন্য সর্বোচ্চ যাবজ্জীবন কারাদণ্ডসহ ১০ হাজার টাকা জরিমানার বিধানের পাশাপাশি কারও মৃত্যু হলে ৩০২ ধারা অনুযায়ী মৃত্যুদণ্ডের বিধান রয়েছে। যদিও এসব আইনে কারও শাস্তির নজির নেই। যদিও রেলমন্ত্রী নূরুল ইসলাম সুজন বলছেন, তারা মনে করেন ট্রেনে পাথর নিক্ষেপের ঘটনা আগের তুলনায় অনেক কমে এসেছে। কর্মকর্তারা বলছেন পাথর নিক্ষেপ বন্ধের জন্য সচেতনতা জরুরি বিবিসি বাংলাকে তিনি বলেন, ""স্থানীয় প্রশাসন, জনপ্রতিনিধিদের নিয়ে মানুষকে সচেতন করার অনেক পদক্ষেপ নেয়া হয়েছে। ফলে পাথর নিক্ষেপের ঘটনা অনেক কমে এসেছে""। কিন্তু ঘটনাগুলো একেবারে বন্ধ করা যাচ্ছেনা কেন এমন প্রশ্নের জবাবে মন্ত্রী বলেন গ্রামের রাস্তা দিয়ে ট্রেন যাওয়ার সময় শিশু কিশোররা কৌতুহলবশত এসব ঘটায় আর এ কারণেই তারা স্থানীয়দের সম্পৃক্ত করে সচেতনতা বাড়ানোর কাজ করছেন বলে জানান তিনি। রেল পুলিশ থেকে অবশ্য বলা হয়েছে যে জনসচেতনতার পাশাপাশি যেসব জায়গায় রেল বেশি আক্রান্ত হয় সেসব জায়গায় পুলিশী নজরদাড়িও বাড়ানো হয়েছে। ফলে গত এক মাসে কয়েকটি জায়গায় পাথর নিক্ষেপের সময় ধরাও পড়েছে কয়েকজন।","গত পাঁচ বছরে ট্রেনে পাথর নিক্ষেপের ফলে ২০০০-এর বেশি জানালা ও দরজা ভেঙে গেছে। এই ঘটনাগুলোর কারণে অনেক যাত্রী আহত হয়েছেন এবং কয়েকজন মারা গেছেন। বিশেষ করে রাতের ট্রেনে যাত্রীরা আতঙ্কে থাকেন। রেলওয়ে কর্তৃপক্ষ কিছু এলাকায় নজরদারি বাড়ালেও অপরাধীদের শনাক্ত করা কঠিন। রেল আইনে যাবজ্জীবন কারাদণ্ড ও জরিমানার বিধান থাকলেও কার্যকর শাস্তির নজির নেই। সরকার জনসচেতনতা বৃদ্ধির চেষ্টা করছে, তবে সমস্যাটি পুরোপুরি সমাধান হয়নি।"
"মানসুর আব্বাস প্রধানমন্ত্রী বা তার প্রতিপক্ষ - কেউই আসলে ক্ষমতায় যাবার মতো নিরঙ্কুশ সংখ্যাগরিষ্ঠতা পাননি। আর এর মধ্যেই কিংমেকার হয়ে উঠেছে রাম (Raam) নামে একটি ইসলামপন্থী আরব দল (ইউনাইটেড আরব লিস্ট হিসেবেও দলটি পরিচিত)। এবারের নির্বাচনে পাঁচটি আসনে জয় পেয়েছে এ দলটি- যা মিস্টার নেতানিয়াহুকে ক্ষমতায় রাখা বা ক্ষমতা থেকে বিদায় করে দিতে ভূমিকা রাখার সুযোগ করে দিয়েছে। বিবিসি বাংলায় আরও পড়ুন: ফিলিস্তিনি-ইসরায়েলি সংঘাতের মূলে যে দশটি প্রশ্ন ইসরায়েলকে ইহুদি রাষ্ট্র ঘোষণার প্রতিক্রিয়া কী হবে? ইসরায়েলের কাছে আরবরা কেন পরাজিত হয়েছিল? ২০১৯ সাল থেকে নেতৃত্ব দিচ্ছেন মানসুর আব্বাস রাম: বিস্ময়কর কিংমেকার রক্ষণশীল মুসলিম মানসুর আব্বাসের নেতৃত্বে রাম দলটি মূলত ফিলিস্তিনের গাজা শাসন করা হামাসের ধর্মীয় ভাবধারায় গড়ে ওঠা একটি ইসলামপন্থী দল। ১৯৯৬ সালে প্রতিষ্ঠিত এই দলটি শুরু থেকে ইসরায়েলের পার্লামেন্ট আসন পেয়ে আসছে। যদিও ২০০৯ সালের নির্বাচনে অংশ নেয়ার ক্ষেত্রে তাদের ওপর নিষেধাজ্ঞা দিয়েছিলো দেশটির নির্বাচনী কর্তৃপক্ষ। পরে সুপ্রিম কোর্ট ওই নিষেধাজ্ঞা বাতিল করে দেয়। ২০২০ সালে ইসরায়েলের আরব রাজনৈতিক দলগুলোর জোট- জয়েন্ট আরব লিস্টের অংশ ছিলো যারা নজিরবিহীন ভাবে পনেরটি সিট পেয়েছে পার্লামেন্টে। তবে একাই নির্বাচনে লড়ার জন্য চলতি বছরের ২৮শে জানুয়ারি ওই জোট ছেড়ে আসে রাম। আরব সম্প্রদায়ের সামগ্রিক দরকষাকষির ক্ষমতাকে হুমকির মুখে ফেললেও এ সিদ্ধান্ত দলটির 'কিংমেকার' হয়ে ওঠার পথও তৈরি করে দিয়েছে। নির্বাচনে ভোট দিচ্ছেন এক ইসরায়েলি-আরব নারী দলটির পেছনে থাকা ব্যক্তি ৪৬ বছর বয়সী মানসুর আব্বাস হলেন দলটির মূল ব্যক্তি। ইসরায়েলের রাজনৈতিক ইতিহাসের গুরুত্বপূর্ণ সময়টিতে তিনি এখন রাজনীতির কেন্দ্রে রয়েছেন। জেরুজালেমের হিব্রু বিশ্ববিদ্যালয় থেকে পাশ করা দন্ত চিকিৎসক তিনি। যদিও পরে হাইফা বিশ্ববিদ্যালয় থেকে রাষ্ট্রবিজ্ঞানে মাস্টার্স ডিগ্রি লাভ করেন। ২০১৯ সালে তিনি ইউনাইটেড আরব লিস্টের নেতা মনোনীত হন এবং ওই জোটের অংশ হিসেবে পার্লামেন্টেও নির্বাচিত হন। অবশ্য বেনিয়ামিন নেতানিয়াহু ও তার লিকুদ পার্টির সাথে যোগাযোগ বাড়ানোর চেষ্টা করতে গিয়ে তিনি দলের মধ্যে বিভক্তিও তৈরি করেন। ইসরায়েলে আরব রাজনীতি ইসরায়েলের প্রায় নব্বই লাখ মানুষের মধ্যে উনিশ লাখের মতো আরব আছেন যারা ১৯৪৮ সালে ইসরায়েলের সীমানায় থেকে গিয়েছিলেন। ওই প্রায় সাড়ে সাত লাখ ফিলিস্তিনি তাদের বাড়িঘর ছেড়ে পালিয়েছিলো অথবা তাদের বহিষ্কার করা হয়েছিলো। যদিও ইসরায়েলের নাগরিক এমন অনেক আরব নিজেদের ফিলিস্তিনি বা ইসরায়েলি ফিলিস্তিনি হিসেবে পরিচিত হতে পছন্দ করেন আর অন্যরা নিজেদের ইসরায়েলি আরব হিসেবে উল্লেখ করে থাকে। ইসরায়েলের আরবদের বেশিরভাগই সুন্নি মতাদর্শে বিশ্বাসী আর দ্বিতীয় বড় অংশটি খ্রিস্টান। ইসরায়েলের দশ শতাংশ মুসলিম আরব বেদুইন গোত্র থেকে আসা। ১৯৪৯ সালের নির্বাচনে তারা অংশ নিয়েছিলো। আরব রাজনৈতিক দলগুলো দেশটিতে আরবদের সমান অধিকারের পক্ষে সোচ্চার ভূমিকা পালন করে এবং একই সাথে ফিলিস্তিনের প্রতিও তাদের সমর্থন আছে। বেনজামিন নেতানিয়াহু এখন রাম কোনো জোটে যাবে? গত বছর মিস্টার নেতানিয়াহুর প্রতিপক্ষ বেনি গান্টজ আরব দলগুলোর সাথে জোট করে সরকার গঠনের বিষয়টি প্রত্যাখ্যান করেছিলেন। এর আগে নেতানিয়াহু নিজেও রামের সাথে জোটের সম্ভাবনা উড়িয়ে দিয়েছিলেন। যদিও প্রচারণায় তার সুর ছিলো নরম। এখন যদি তারা একটি জোট করতে পারেন তাহলে মিস্টার নেতানিয়াহু ও মিস্টার আব্বাস- দুজনেই লাভবান হবেন। যদিও সংবাদদাতারা বলছেন, নেতানিয়াহুর অন্য শরীকদের সাথে তারা কিভাবে একযোগে কাজ করবেন তা এখনো পরিষ্কার নয়। জেরুজালেমে বিবিসি সংবাদদাতা অবশ্য বলছেন কোয়ালিশনে না থেকেও মিস্টার নেতানিয়াহুকে সমর্থন দেয়ার চুক্তি করতে পারে রাম। কিন্তু চুক্তি বা সমঝোতা যাই হোক- মিস্টার আব্বাস এখন নিশ্চিত যে দরকষাকষির সুযোগ তার হাতে। তিনি বলেছেন ইসরায়েলের আরব জনগোষ্ঠীর জন্য সেরা সিদ্ধান্তটিই তিনি নেবেন। যদিও অনেকেই এখনো এ নিয়ে নিশ্চিত নন। জেরুজালেম অধিকার কর্মী ইতাফ আওয়াদ বলছেন, লিকুদ ও রাম দলের জোট ফিলিস্তিনিদের জন্য ভালো হবে না।","ইসরায়েলের সাম্প্রতিক নির্বাচনে কোনো দলই একক সংখ্যাগরিষ্ঠতা পায়নি, ফলে ইসলামপন্থী আরব দল ‘রাম’ (Raam) প্রধান ‘কিংমেকার’ হয়ে উঠেছে। রাম দলটি ফিলিস্তিনি হামাসের মতো ধর্মীয় ভাবধারার অনুসারী এবং ১৯৯৬ সাল থেকে ইসরায়েলের পার্লামেন্টে আসন পেয়ে আসছে। এবার তারা পাঁচটি আসন জিতেছে, যা নেতানিয়াহুর লিকুদ পার্টি বা বিরোধী দলকে সরকার গঠনে সাহায্য করতে পারে। রাম দলটি কোন পক্ষকে সমর্থন করবে, তা নিয়ে জল্পনা চলছে।"
"এই সময়ে কিছু ব্যাংকের কয়েকটি বিশেষ শাখা ছাড়া সব ব্যাংকিং কার্যক্রম বন্ধ থাকবে বলে বাংলাদেশ ব্যাংকের এক নির্দেশনা বলা হয়েছে। তবে জরুরি প্রয়োজনে এটিএম ব্যাংক থেকে টাকা উত্তোলন করা যাবে। নিয়ন্ত্রক প্রতিষ্ঠান সূত্রে জানা গেছে, এই সময়ে যাতে এটিএম বুথগুলোতে নগদ অর্থের অভাব না হয় সেজন্য ব্যাংকগুলোকে ব্যবস্থা নিতে প্রয়োজনীয় নির্দেশ দেয়া হয়েছে। এছাড়া অনলাইন ব্যাংকিংও চালু রাখার কথা বলা হয়েছে। বিধিনিষেধ কার্যকর হবার আগে, আজই ব্যাংকগুলোতে হতে যাচ্ছে সর্বশেষ কর্মদিবস। আরো পড়ুন: গ্রামীন এলাকায় বাড়ছে এজেন্ট ব্যাংকিং, লেনদেন কীভাবে হয়? ব্যাংকে সাইবার হামলার আশংকা: কী ব্যবস্থা নেয়া হয়েছে প্রচলিত এবং ইসলামী ধারার ব্যাংকিং ব্যবস্থার মধ্যে পার্থক্য কী বুথ থেকে টাকা তুলতে পারবেন বাংলাদেশ ব্যাংক তফসিলি ব্যাংকগুলোকে যে তিনটি নির্দেশনা দিয়েছে: ১. সরকার ঘোষিত বিধি-নিষেধ চলাকালীন সময়ে সাধারণভাবে সব তফসিলি ব্যাংক বন্ধ থাকবে। এ সময়ে ব্যাংকের সব কর্মকর্তা/কর্মচারীকে নিজ নিজ কর্মস্থলে অবস্থান করতে হবে। ২. সমুদ্র/স্থল/বিমান বন্দর এলাকায় ( পোর্ট ও কাস্টমস এলাকা) অবস্থিত ব্যাংকের শাখা/উপশাখা/বুথসমূহ খোলা রাখার বিষয়ে বন্দর/কাস্টমস কর্তৃপক্ষের সাথে আলোচনাক্রমে যথাযথ ব্যবস্থা গ্রহণ করতে হবে। উক্ত ব্যাংকিং সেবা প্রদানের ক্ষেত্রে স্ব স্ব ব্যাংক প্রয়োজনিয়তার নিরিখে সংশ্লিষ্ট অনুমোদিত ডিলার শাখা এবং প্রধান কার্যালয়ের সংশ্লিষ্ট বিভাগ সীমিত সংখ্যক জনবল দ্বারা খোলা রাখতে পারবে। ৩. এটিএম ও কার্ডের মাধ্যমে লেনদেন চালু রাখার সুবিধার্থে সংশ্লিষ্ট প্রশাসনের সহায়তায় এটিএম বুথগুলোতে পর্যাপ্ত নোট সরবরাহসহ প্রযোজ্য ক্ষেত্রে ইন্টারনেট ব্যাংকিং সুবিধা সার্বক্ষণিক চালু রাখার প্রয়োজনীয় ব্যবস্থা নিশ্চিত করতে হবে। বাংলাদেশ ব্যাংক জানিয়েছে এসব নির্দেশনা ১৪ই এপ্রিল অর্থাৎ আগামীকাল থেকে কার্যকর হবে। বিবিসি বাংলায় আরো পড়ুন: মসজিদে তারাবীহসহ প্রতি ওয়াক্তে ২০জন নামাজ পড়তে পারবেন: ধর্ম মন্ত্রণালয় কোরানের ২৬টি আয়াত নিষিদ্ধের দাবি খারিজ ভারতের সুপ্রিম কোর্টে ইউরি গ্যাগারিন: মহাশূন্যে মানুষের প্রথম যাত্রায় অজানা যেসব বিপদ ছিল 'রোজা থাকার সময়েও টিকা নিতে পারবেন মুসলমানরা'","সরকারি বিধিনিষেধের কারণে বাংলাদেশ ব্যাংক বেশিরভাগ ব্যাংকিং কার্যক্রম বন্ধ রাখার নির্দেশ দিয়েছে, তবে জরুরি প্রয়োজনে এটিএম ও অনলাইন ব্যাংকিং চালু থাকবে। বন্দরের ব্যাংক শাখাগুলো সীমিতভাবে খোলা থাকবে এবং পর্যাপ্ত নগদ অর্থ সরবরাহের জন্য ব্যাংকগুলোকে নির্দেশ দেওয়া হয়েছে।"
"বিশেষজ্ঞরা বলেছেন, দেশে এখন পাঁচ কোটির বেশি মানুষের খাদ্য সাহায্য জরুরি হয়ে পড়েছে। প্রধানমন্ত্রী শেখ হাসিনা বৃহস্পতিবার মোবাইল ব্যাংকিংয়ের মাধ্যমে এই নগদ টাকা দেয়ার কার্যক্রমের উদ্বোধন করেছেন। এছাড়া সরকারের পক্ষ থেকে নিম্ন আয়ের মানুষকে খাদ্য সহায়তা দেয়ার বিভিন্ন কর্মসূচি চালানো হচ্ছে। কিন্তু খাদ্য সহায়তা দেয়ার ক্ষেত্রে অনেক জায়গায় অনিয়ম-দুর্নীতি এবং সমন্বয়হীনতার অভিযোগ উঠেছিল। নানা অভিযোগের মুখে ত্রাণ কার্যক্রম সমন্বয় এবং তদারকির বিষয়টা প্রশাসন বা আমলাদের নিয়ন্ত্রণে নিয়ে একজন করে সচিবকে একটি করে জেলার দায়িত্ব দেয়া হয় কয়েক সপ্তাহ আগে। এরপরও পর্যবেক্ষকদের অনেকে সমন্বয়ের অভাবের অভিযোগ করেন। এছাড়া যদিও সরকারের পক্ষ থেকে বলা হচ্ছে, ইতিমধ্যে প্রায় সাত কোটি মানুষকে খাদ্য সহায়তা দেয়া হয়েছে, কিন্তু চলমান লকডাউনের দুই মাস পর এসেও দেশের বিভিন্ন জায়গা থেকে অনেক মানুষ সহায়তা না পাওয়ার অভিযোগ করেছেন। উত্তরের বগুড়া জেলা শহরের বাসিন্দা মাসুদ রানা স্থানীয় একটি বেসরকারি প্রতিষ্ঠানে চাকরি করেন। সেটি এখন বন্ধ এবং দুই মাস ধরে বেতন না পেয়ে তিনি চরম সংকটে রয়েছেন। তিনি খাদ্য সহায়তা দেয়া এবং তালিকা তৈরির কথা শুনেছেন। তবে এর কোনটিই তিনি পাননি বলে জানান। ""আমার পরিবারে মা, দাদি, আমি এবং আমার ছোট ভাই-এই চারজনের পরিবারের পুরো দায়িত্বই আমার ঘাড়ে। আমরা যে পরিস্থিতির মধ্যে আছি, খাবার এবং অর্থসংকটে আছি। ধার করে চলছি। সরকারের খাদ্য সাহায্য বা তালিকা কিছুই আমরা পাইনি।"" বিভিন্ন জায়গা থেকেই অনেকে এমন অভিযোগ করছেন। নতুন করোনাভাইরাস কত দ্রুত ছড়ায়? কতটা উদ্বেগের? করোনাভাইরাস : কীভাবে বানাবেন আপনার নিজের ফেসমাস্ক টাকার মাধ্যমে করোনাভাইরাস ছড়াতে পারে কি? কোথায় কতোক্ষণ বেঁচে থাকে কোভিড-১৯ এর জীবাণু, নির্মূলের উপায় করোনাভাইরাস নিয়ে আপনার যা জানা প্রয়োজন সরকারের পক্ষ থেকে বলা হচ্ছে, ইতিমধ্যে প্রায় সাত কোটি মানুষকে খাদ্য সহায়তা দেয়া হয়েছে, কিন্তু অনেক মানুষ সহায়তা না পাওয়ার অভিযোগও করছেন। সহায়তা দেয়ার তালিকা তৈরির ক্ষেত্রে জটিলতা ঈদ উপলক্ষে ৫০ লাখ পরিবারকে যে নগদ আড়াই হাজার টাকা করে দেয়া হচ্ছে, সেজন্য তালিকা তৈরি করতে মাঠ পর্যায়ের প্রশাসনকে একদিন সময় দেয়া হয়েছিল। এছাড়া ১০টাকা কেজি দরে একেকটি পরিবারকে ৩০ কেজি করে চাল দেয়ার যে কর্মসূচি চলছে, ইউনিয়ন, উপজেলা এবং জেলা পর্যায়ে এর বিতরণে ডিলারদের বিরুদ্ধে নানা অনিয়ম দুর্নীতির অভিযোগ উঠেছিল। সেই প্রেক্ষাপটে কর্মসূচি কয়েকদিনের জন্য বন্ধও করা হয়েছিল। বিভিন্ন জেলায় ইউনিয়ন পরিষদের চেয়ারম্যান, মেম্বার এবং ডিলারদের বিরুদ্ধে কমপক্ষে ১৫টি মামলায় ৩৫ জনের মতো গ্রেফতার হয়েছে। তবে যে তালিকার ভিত্তিতে এই চাল দেয়া হয়, সেই তালিকাও ছিল বেশ কয়েকবছরের পুরনো। এই তালিকা নিয়েও অনেক প্রশ্ন ওঠায় এখন নতুন তালিকা করা হচ্ছে। কম সময়ের মধ্যে এসব তালিকা তৈরি মাঠ পর্যায়ের প্রশাসন ইউনিয়ন পরিষদের ওপরই নির্ভর করছে এবং তাতে ভোটের চিন্তা থেকে তালিকাভুক্ত করাসহ বিভিন্ন প্রশ্ন থাকছে বলে পর্যবেক্ষকরা বলছেন। বগুড়ার গাবতলী উপজেলার নির্বাহী কর্মকর্তা রওনক জাহান বলেছেন, ""মানবিক সহায়তার তালিকা আমরা এখনও শেষ করতে পারি নাই। এত অল্প সময় আমরা নিজেরা সরাসরি মাঠে কাজ করতে পারি নাই। আমরা ইউনিয়নগুলোর চেয়ারম্যানদের কাছ থেকে তালিকা নিয়েছি। ''আমার উপজেলায় প্রায় পাঁচ হাজার বরাদ্দ ছিল। এত লোকের তালিকা একদিন করা খুব কষ্টসাধ্য ছিল। তালিকাটি যখন আমরা জমা দিয়েছি, দেখা গেছে অসংখ্য মানুষের ফোন নম্বর নাই,"" জানান রওনক জাহান । তিনি আরও বলেছেন, ""আমরা চেষ্টা করি সঠিক ব্যক্তিকে দেয়ার। কিন্তু আমরা যাচাইয়ের সময়টুকু পাই না। ফলে স্থানীয় জনপ্রতিনিধিদের ওপর নির্ভর করতে হয়। অনেক সময় অনেক জটিলতা হয়।"" মাঠ পর্যায়ের এই কর্মকর্তসহ উর্ধতন কর্মকর্তারা দাবি করেন, এখন সরকারি এসব সহায়তা এবং বেসরকারি উদ্যোগ সাহায্য দেয়া সব ক্ষেত্রেই সমন্বয় করা হচ্ছে। তবে পর্যবেক্ষকদের অনেকে মনে করেন, মাঠপর্যায়ে রাজনৈতিক নেতৃত্ব এবং প্রশাসনের মধ্যে সহায়তার কর্মসূচি নিয়ে এখনও সমন্বয়ের অভাব রয়েছে। সরকার কী বলছে? ত্রাণ ও দুর্যোগ ব্যবস্থাপনা প্রতিমন্ত্রী ডা: এনামুর রহমান বলেছেন, এখন কোথাও সমন্বয়ের কোন ঘাটতি নেই। ""আমরা মোট এক লাখ ২৫ হাজার পারিবারের তালিকা করে তাদের ডাটাবেজ তৈরি করেছি। এই পরিবারগুলোকে আমরা নিয়মিত খাদ্য সহায়তা দেবো।"" তিনি আরও বলেছেন, ""এখন এই যে ৫০ লক্ষ পরিবারকে আড়াই হাজার টাকা করে দিচ্ছি। এই টাকা সরাসরি মোবাইল ব্যাংকিংয়ের মাধ্যমে তাদের কাছে চলে যাবে। এখানে মধ্যস্থতাকারীও কেউ নাই। এর চেয়ে সমন্বয় তো আর কিছু খুঁজে পাই না। আমরা মনে করছি, আমাদের সব কর্মসূচি সমন্বয়ের ভিত্তিতে হচ্ছে।"" কিন্তু সরকারের সহায়তা কী যথেষ্ট? ত্রাণ প্রতিমন্ত্রী দাবি করেছেন যে, তারা পর্যাপ্ত ত্রাণ সহায়তা দিয়েছেন। সরকারি গবেষণা সংস্থা বিআইডিএস এর সিনিয়র গবেষক ড: নাজনীন আহমেদ বলেছেন, ""আমাদের তিন কোটি ৮০ লাখ মানুষ দরিদ্র। তাদেরই সবাইকে আমরা বিভিন্ন সময় সামাজিক সুরক্ষার আওতায় সহায়তা দিতে পারি না। এখন করোনা পরিস্থিতিতে এই আকারটা অনেক বড়।"" ""শুধু ঐ দরিদ্র গোষ্ঠী নয়, তার সাথে নিম্ন মধ্যবিত্ত, হঠাৎ দরিদ্র হয়ে যাওয়া অনেক মানুষ কিন্তু যুক্ত হয়েছে। ফলে সরকার যত মানুষকে সাহায্য দিতে চাইছে, সেখানে সাহায্য পাওয়া উচিত-এমন মানুষের সংখ্যা কিন্তু অনেক বেশি।""","সরকার নিম্ন আয়ের মানুষদের জন্য খাদ্য সহায়তা কর্মসূচি চালু করলেও সমন্বয়হীনতা ও দুর্নীতির অভিযোগ উঠেছে। অনেক পরিবার সরকারি তালিকায় অন্তর্ভুক্ত হয়নি, ফলে তারা সাহায্য পাচ্ছে না। তালিকা তৈরির জন্য মাঠ প্রশাসন ইউনিয়ন পরিষদগুলোর ওপর নির্ভর করায় ভোটার রাজনীতি এতে প্রভাব ফেলছে। এছাড়া, কিছু চেয়ারম্যান ও ডিলারের বিরুদ্ধে দুর্নীতির অভিযোগে মামলা হয়েছে।"
"জামাল খাসোগজি ইস্তাম্বুলের সৌদি দূতাবাসের ভেতরেই যে জামাল খাসোগজি নিহত হয়েছেন তা স্বীকার করে নিয়ে গতকাল একটি বিবৃতি দিয়েছিল সৌদি কর্তৃপক্ষ। কিন্তু এখন একজন উর্ধ্বতন সৌদি কর্মকর্তা বার্তা সংস্থা রয়টার্সকে এ সম্পর্কে যে সর্বশেষ ভাষ্য দিয়েছেন, তা আগের বিবৃতির সঙ্গে মিলছে না। সৌদি আরবের আগের বিবৃতিতে বলা হয়েছিল, জামাল খাসোগজি সৌদি কনস্যুলেটে ঢোকার পরপরই সেখানে উপস্থিত সৌদি কর্মকর্তাদের সঙ্গে তার ঘুষোঘুষি শুরু হয়। সেসময় পেছন থেকে গলার ওপর দিয়ে হাত দিয়ে জাপটে ধরে নিরস্ত করার সময় তিনি শ্বাসরুদ্ধ হয়ে মারা যান। কিন্তু উর্ধ্বতন একজন সৌদি কর্মকর্তা রয়টার্সকে যে ভাষ্য এখন জানিয়েছেন তা একটু ভিন্ন। নাম প্রকাশে অনিচ্ছুক এই কর্মকর্তার বর্ণনা অনুযায়ী, যে পনের সদস্যের দল সৌদি আরব থেকে গিয়েছিল, তারা জামাল খাসোগজিকে ঔষধ দিয়ে অচেতন করে অপহরণের হুমকি দেয়। কিন্তু মিস্টার খাসোগজি তাতে বাধা দিলে তখন তাকে জাপট ধরলে তিনি শ্বাসরুদ্ধ হয়ে মারা যান। এরপর এই সৌদি দলের একজন সদস্য জামাল খাসোগজির কাপড় খুলে তা পরেন এবং কনস্যুলেট থেকে বেরিয়ে যাওয়ার ভান করেন যেন মনে হয় জামাল খাসোগজি আসলেই বেরিয়ে গেছেন। ১৫ সদস্যের কথিত সৌদি দল। এত বড় দল কেন পাঠিয়েছিল সৌদি আরব? উল্লেখ্য, এ নিয়ে জামাল খাসোগজির ঘটনা সম্পর্কে সৌদি ভাষ্য বেশ কয়েকবার পরিবর্তিত হলো। সৌদি আরব প্রথমে জোর গলায় এই খবর অস্বীকার করেছিল যে কনস্যুলেটের ভেতর থেকে জামাল খাসোগজি নিখোঁজ হয়েছেন। তারা দাবি করেছিলেন মিস্টার খাসোগজি কনস্যুলেট ভবন থেকে বেরিয়ে যান। ঘটনার ১৮ দিন পর সৌদি আরব স্বীকার করে যে জামাল খাসোগজি কনস্যুলেটের ভেতরেই মারা যান। অপহরণের পরিকল্পনা উর্ধ্বতন এক সৌদি কর্মকর্তা এখন এই ঘটনা সম্পর্কে এখন যে সর্বশেষ ভাষ্য দিচ্ছেন তা এরকম: কনস্যুলেটের বাইরে অপেক্ষায় ছিলেন জামাল খাসোগজির তুর্কি বান্ধবী হেতিস ""পনের সদস্যের সৌদি দলটি ইস্তাম্বুলে এসেছিল জামাল খাসোগজিকে অপহরণের উদ্দেশ্যে। তারা মিস্টার খাসোগজিকে কনস্যুলেট থেকে তুলে নিয়ে ইস্তাম্বুলের বাইরে একটি 'সেফ হাউজে' আটকে রাখবেন এমনই পরিকল্পনা ছিল। মিস্টার খাসোগজি যদি সৌদি আরবে ফিরে যেতে অস্বীকৃতি জানান, তখন তাকে ছেড়ে দেয়ার কথা ছিল।"" আরও পড়ুন: 'জামাল খাসোগজিকে খুন করে খণ্ড-বিখণ্ড করা হয়েছে' খাসোগজি হত্যার কথা স্বীকার করেছে সৌদি আরব কেন সৌদি আরবের বিরুদ্ধে নিষেধাজ্ঞা দেবে না পশ্চিমারা ""কিন্তু শুরু থেকে তাদের পরিকল্পনা ভেস্তে যেতে শুরু করে। কারণ তারা উপরের নির্দেশ অমান্য করে গায়ের জোর খাটাতে শুরু করে। কনস্যুলেটে ঢোকার পর জামাল খাসোগজিকে পথ দেখিয়ে নিয়ে যাওয়া হয় কনসাল জেনারেলের কক্ষে। সেখানে মাহের মুতরেব নামে একজন তার সঙ্গে কথা বলেন এবং তাকে সৌদি আরবে ফিরে যাওয়ার প্রস্তাব দেন। মিস্টার খাসোগজি এতে অস্বীকৃতি জানান। তিনি মাহের মুতরেবকে বলেন, তার প্রেমিকা বাইরে অপেক্ষা করছেন এবং এক ঘন্টার মধ্যে যদি তিনি ফিরে না আসেন তাহলে তুর্কি কর্তৃপক্ষের সঙ্গে যোগাযোগের কথা বলে এসেছেন তাকে।"" ""কথা কাটাকাটির এক পর্যায়ে মাহের মুতরেব যখন অপহরণের হুমকি দেন, তখন জামাল খাসোগজি তার গলা চড়াতে থাকেন। তখন সৌদি দলটি আতংকিত হয়ে তাকে থামানোর চেষ্টা করেন। তাকে জাপটে ধরা হয়, তার মুখের ওপর হাত চেপে ধরে চিৎকার বন্ধ করার চেষ্টা করা হয়। তখন তিনি শ্বাসরুদ্ধ হয়ে মারা যান। তাকে মেরে ফেলার কোন ইচ্ছে ছিল না।"" গাড়িতে করে কোথায় নিয়ে যাওয়া হয়েছে জামাল খাসোগজির দেহাবশেষ? ""এরপর জামাল খাসোগজির কাপড়, সানগ্লাস, অ্যাপল ওয়াচ খুলে তা পরেন মুস্তাফা মাদানি। কনস্যুলেটের পেছনের দরোজা দিয়ে তিনি এমনভাবে বের হন, যেন মনে হয় যে জামাল খাসোগজিই কনস্যুলেট থেকে বেরিয়ে গেছেন।"" মৃতদেহ কোথায় ঘটনা যদি এটাই হয়ে থাকে তাহলে জামাল খাসোগজির মৃতদেহ কোথায়? এই সৌদি কর্মকর্তার ভাষ্য অনুযায়ী, ঘটনার পর জামাল খাসোগজির মৃতদেহ একটি কম্বলে মুড়িয়ে কনস্যুলেটের একটি গাড়িতে তোলা হয়। এরপর একজন 'স্থানীয় সহযোগী'কে দায়িত্ব দেয়া হয় এই মৃতদেহ গুম করার। আর সৌদি দলের ফরেনসিক বিশেষজ্ঞ সালাহ তুবাইগি এই ঘটনার সমস্ত চিহ্ন মুছে ফেলার কাজ শুরু করেন। তুরস্কের কর্মকর্তাদের সন্দেহ জামাল খাসোগজির দেহাবশেষ হয়তো ইস্তাম্বুলের কাছের বেলগ্রাড জঙ্গলে ফেলে দেয়া হয়েছে। এটি খুঁজে পেলে অনেক রহস্যের জট খুলবে বলে মনে করা হচ্ছে। বড় প্রশ্ন এই পরিকল্পনা সম্পর্কে কতটা জানতেন যুবরাজ মোহাম্মদ বিন সালমান? জামাল খাসোগজিকে সৌদি আরবে ফিরে যেতে রাজী করানোই যদি এই পুরো মিশনটির উদ্দেশ্য হয়ে থাকবে, তাহলে সেই দলে কেন এত এত সামরিক কর্মকর্তা আর ফরেনসিক বিশেষজ্ঞ, সেই প্রশ্ন তুলছেন অনেকে। ঘটনার ব্যাপারে সৌদি ভাষ্য কেন বার বার বদলে যাচ্ছেও, সেটাও একটা বড় প্রশ্ন। এসব প্রশ্নের কোন বিশ্বাসযোগ্য উত্তর অবশ্য এই সৌদি কর্মকর্তার ভাষ্যে নেই। যেটি স্পষ্ট, তা হলো এই ঘটনা সৌদি আরবকে পুরো বিশ্বের সামনে কাঠগড়ায় দাঁড় করিয়ে দিয়েছে। জামাল খাসোগজির ঘটনা সৌদি রাজপরিবারের জন্য এক বিরাট সংকটে পরিণত হয়েছে।","সৌদি সাংবাদিক জামাল খাসোগজি হত্যাকাণ্ডে সৌদি সরকার বারবার তাদের ভাষ্য পরিবর্তন করেছে। প্রথমে তারা অস্বীকার করলেও পরে স্বীকার করে যে, তাকে কনস্যুলেটের ভেতরে হত্যা করা হয়েছে। নতুন তথ্য অনুযায়ী, সৌদি অপহরণ দল তাকে অচেতন করার চেষ্টা করেছিল, কিন্তু বাধা দিলে শ্বাসরোধে মারা যান। হত্যার প্রমাণ লুকাতে এক সদস্য তার পোশাক পরে বেরিয়ে যান। তুর্কি গোয়েন্দাদের মতে, তার দেহাবশেষ ইস্তাম্বুলের বেলগ্রাড জঙ্গলে ফেলে দেওয়া হয়েছে।"
"দিল্লি বিশ্ববিদ্যালয়: হিন্দুত্ব বিরোধী বই বাদ দেয়া হচ্ছে ওই বইগুলি পরিচিতভাবেই 'হিন্দুত্ব-বিরোধী'। এরমধ্যে তিনটি বইয়েরই রচয়িতা দলিত-চিন্তাবিদ কাঞ্ছা ইলাইয়া। বইগুলির মধ্যে রয়েছে তাঁর লেখা 'হোয়াই আই অ্যাম নট আ হিন্দু' বা 'কেন আমি হিন্দু নই' বইটিও। দিল্লি বিশ্ববিদ্যালয় আগামী শিক্ষাবর্ষ থেকে তাদের পাঠ্যক্রম নতুন ভাবে তৈরী করতে চলেছে। তারই অঙ্গ হিসাবে দীর্ঘদিন ধরে রাষ্ট্রবিজ্ঞানের এম এ ক্লাসের ছাত্রছাত্রীদের পড়তে বলা হয়, এমন চারটি বই তালিকা থেকে সরিয়ে দেওয়ার প্রক্রিয়া শুরু করেছে ওই বিশ্ববিদ্যালয়। এই বইগুলির মধ্যে রয়েছে দলিত লেখক, অধ্যাপক কাঞ্ছা ইলাইয়ার লেখা তিনটি বই - 'হোয়াই আই অ্যাম নট আ হিন্দু', 'বুদ্ধিজম - চ্যালেঞ্জ টু ব্রাহ্মিনিজম' এবং 'পোস্ট-হিন্দু ইন্ডিয়া'। এছাড়াও ক্রিস্টোফার জেফারলেটের লেখা 'মিলিশিয়াজ অফ হিন্দুত্ব' বইটিকেও পাঠ্যক্রম থেকে বাদ দেওয়ার পরিকল্পনা নেওয়া হয়েছে। দিন কয়েক আগে বিশ্ববিদ্যালয়ের স্ট্যান্ডিং কমিটি অন অ্যাকাডেমিক ম্যাটার্স-এর বৈঠকেই ওই চারটি বই নিয়ে প্রশ্ন তোলেন কয়েকজন সদস্য। ওই কমিটির সদস্য অধ্যাপক গীতা ভাট বিবিসিকে বলছিলেন কেন তাঁরা এই চারটি বইকে বাদ দিতে চাইছেন মিজ ভাটের কথায়, ""বইগুলি নিয়ে আপত্তির মূল কারণ হল : এগুলোর মধ্যে যথেষ্ট গবেষণালব্ধ উপাদান নেই, তথ্যেরও অভাব রয়েছে। এইসব বইগুলি ছাত্রছাত্রীদের পড়ানোটা অ্যাকাডেমিক দিক থেকে বিচার করলে অনুচিত। তাদের মধ্যে ভেদাভেদের মনোভাব তৈরী হবে।"" অধ্যাপক গীতা ভাট আরও ব্যাখ্যা করছিলেন, 'হোয়াই আই অ্যাম নট আ হিন্দু' বইটিতে কাঞ্ছা ইলাইয়া লিখেছেন, 'গেরুয়া ঝান্ডা আর কপালে তিলক আমার কাছে পীড়াদায়ক', কোথাও লিখেছেন 'হিন্দুত্ববাদী শক্তি মুসলমান আর খ্রীস্টানদের ঘৃণা করে'। অধ্যাপক গীতা ভাট মনে করেন, এগুলো কাঞ্ছা ইলাইয়ার নিজের মতামত - এগুলো লেখার পেছনে কোনও যুক্তি বা গবেষণালব্ধ জ্ঞান নেই। অধ্যাপক কাঞ্ছা ইলাইয়া দীর্ঘদিন পাঠ্যক্রমে থাকা তাঁর বইগুলি বাদ দেওয়ার ব্যাপারে কী বলছেন অধ্যাপক কাঞ্ছা ইলাইয়া? কাঞ্ছা ইলাইয়া বলেন, ""আমার ওইসব বইগুলি শুধু দিল্লি বিশ্ববিদ্যালয়ে যে পড়ানো হচ্ছে অনেকদিন ধরে, তা নয়। দেশের সেরা বিশ্ববিদ্যালয় - জে এন ইউ থেকে শুরু করে অনেক নামী-দামী পশ্চিমা বিশ্ববিদ্যালয়তেও এগুলো পড়ানো হয়।"" ""বইগুলিতে আসলে বিজেপি-আর এস এসের দর্শনকে চ্যালেঞ্জ জানানো হয়েছে, সেইজন্যই এখন তাঁর বইগুলোকে পাঠক্রম থেকে বাদ দেওয়া হচ্ছে। মতামতের বহুত্ব না থাক, সেটাই চায় বিজেপি,"" বলছিলেন কাঞ্ছা ইলাইয়া। বিজেপি নেতৃত্বাধীন সরকার ক্ষমতায় আসার পর থেকেই যে শিক্ষাক্ষেত্রে নিজেদের মত চালাতে চাইছে তারা, সেটাই বলছিলেন কলকাতার প্রেসিডেন্সি কলেজের অবসরপ্রাপ্ত অধ্যক্ষ অমল মুখোপাধ্যায়। তাঁর কথায়, ""যে কোনও ধরণের মতামত প্রকাশের আর সেগুলো পড়ার স্বাধীনতার নামই তো গণতন্ত্র। কোনও বিশ্ববিদ্যালয় কেন কোনও বিশেষ বই বাতিল করবে? গত ৫০ বছরে এ ঘটনা কখনও হয় নি, যা এখন শুরু হয়েছে বিজেপি আসার পর থেকে। তারা সব ক্ষেত্রে সেই সব লোক বেছে বেছে নিয়োগ করছে, যারা তাদের হিন্দুত্ববাদের স্বপক্ষে সওয়াল করবে। এটা অত্যন্ত দুর্ভাগ্যজনক, অবাঞ্ছনীয়।"" অধ্যাপক গীতা ভাট এবং ওই কমিটির আরেক সদস্য অধ্যাপক হংসরাজ সুমন যদিও এইসব অভিযোগ খন্ডন করছেন। তারা দুজনেই বলছেন, ওই কয়েকটি বই পাঠ্যক্রম থেকে বাদ দেওয়ার জন্য বাইরে থেকে কোনও চাপ আসে নি। বিশ্ববিদ্যালয় সম্পূর্ণ স্বায়ত্বশাসিত সংস্থা- তারা নিজেরাই সিদ্ধান্ত নিয়েছেন এই ব্যাপারে।","দিল্লি বিশ্ববিদ্যালয় তাদের পাঠ্যক্রম থেকে দলিত চিন্তাবিদ কাঞ্চা ইলাইয়ার তিনটি বই এবং ক্রিস্টোফার জেফারলেটের ‘মিলিশিয়াজ অব হিন্দুত্ব’ বই বাদ দেওয়ার সিদ্ধান্ত নিয়েছে। বিশ্ববিদ্যালয় কর্তৃপক্ষের মতে, বইগুলোতে যথেষ্ট গবেষণালব্ধ তথ্য নেই এবং এগুলো সাম্প্রদায়িক বিভাজন সৃষ্টি করতে পারে। তবে লেখক ও সমালোচকরা মনে করেন, বিজেপি সরকার ইচ্ছাকৃতভাবে সমালোচনামূলক চিন্তাধারা দমন করতে চাইছে।"
"আখিলা হাদিয়া এবং তার স্বামী শাফিন জাহান। আগামী ১১ মাস তিনি তামিলনাডুর একটি কলেজে তার ইন্টার্নশিপ শেষ করবে এবং সে সময় কলেজের ডিন-ই তার অভিভাবকের ভূমিকা পালন করবেন বলে শীর্ষ আদালত নির্দেশ দিয়েছে। এর আগে হাদিয়া নিজে কোর্টে বাবা-মার 'অন্যায় হেফাজত' থেকে মুক্তির জন্য আকুল আবেদন জানালে বিচারপতিরা তা কিছুটা মেনে নেন, কিন্তু তাকে তার মুসলিম স্বামীর ঘর করারও অনুমতি দেওয়া হয়নি। এই মামলায় পরবর্তী শুনানি হবে আগামী বছরের জানুয়ারি মাসে। সারা ভারতে কথিত 'লাভ জিহাদ' বিতর্কের প্রায় আইকনে পরিণত হওয়া কেরালার পঁচিশ বছরের মেয়ে আখিলা হাদিয়া সোমবার সুপ্রিম কোর্টের বিচারপতিদের সামনে কী বলেন, সে দিকে নজর ছিল প্রায় গোটা দেশের। এবং সোমবার বিকেলে দেশের সর্বোচ্চ এজলাসে দাঁড়িয়েও তিনি সে কথারই পুনরাবৃত্তি করেছেন, যা তিনি দু'দিন আগে দিল্লি আসার সময় কোচি এয়ারপোর্টে সাংবাদিকদের উদ্দেশে চিৎকার করে জানাতে চেয়েছিলেন। উগ্র হিন্দু দলগুলো তথাকথিত 'লাভ জিহাদ'-এর বিরুদ্ধে আন্দোলন করছে। আরও দেখুন: পিলখানা হত্যা: ১৩৯ জনের মৃত্যুদণ্ড বহাল বিয়ে করতে যাচ্ছেন যুক্তরাজ্যের প্রিন্স হ্যারি তুমুল গণ্ডগোলের মধ্যেই হাদিয়া সেদিন বলেছিলেন, কেউ তাকে ইসলামে ধর্মান্তরিত হওয়ার জন্য জোর করেনি, তিনি স্বেচ্ছায় মুসলিম হয়েছেন ও শাফিন জাহানকে বিয়ে করেছেন। এজলাসে দাঁড়িয়ে কালো হিজাবে মুখ ঢেকে তিনি বিচারপতিদের বলেন, তিনি নিজের সেই ধর্মবিশ্বাসেই অটল থাকতে চান ও বাবা-মার অন্যায় হেফাজত থেকে মুক্তি পেয়ে স্বামীর অভিভাবকত্বে নিজের ডাক্তারি পড়াশুনো শেষ করতে চান। সুপ্রিম কোর্ট এই অনুরোধ কিছুটা মেনে নিয়ে তাকে পরবর্তী ১১ মাস মেডিক্যাল ইন্টার্নশিপ শেষ করার সম্মতি দিয়েছে - কিন্তু পাশাপাশি এটাও জানিয়েছে এই সময় তার বাবা-মা বা স্বামী কেউই নন, বরং মেডিক্যাল কলেজের ডিনই তার অভিভাবক থাকবেন। বিচারপতিদের প্রশ্নের উত্তরে হাদিয়া বারবার বলেছেন, তার একমাত্র চাওয়া হল 'মুক্তি' - কিন্তু তার বাবার আইনজীবী শুনানিতে যুক্তি দিয়েছেন হাদিয়ার এমনভাবে মগজধোলাই করা হয়েছে যে এখন তার কথাবার্তার কোনও ঠিক নেই। আইনজীবী এ রঘুনাথ জানান, ""আমাদের প্রধান বক্তব্যই হল হাদিয়ার মাথায় পরিকল্পিতভাবে নানা জিনিসপত্র ঢোকানো হয়েছে - এবং সে আসলে একটা মানসিক অপহরণের শিকার।"" ""এই মানসিক পরিস্থিতিতে সে কোর্টে দাঁড়িয়ে কী বলল বা কী সাক্ষ্য দিল তার খুব একটা মূল্য নেই, আর তাতে গুরুত্ব দেওয়ার কোনও দরকার নেই।"" হিন্দু-মুসলমান বিয়ের নিন্দা করছে দুই পক্ষের কট্টরপন্থীরাই। কিন্তু হাদিয়ার স্বামী শাফিন জাহানের হয়ে যিনি সওয়াল করেন, সেই সিনিয়র আইনজীবী কপিল সিবালের বক্তব্য ছিল, হাদিয়া মানসিকভাবে সুস্থ কি না সেটা তার সঙ্গে কথা বলার পরই বিচারপতিদের স্থির করা উচিত। এমন কী, ভারতের যে ন্যাশনাল ইনভেস্টিগেশন এজেন্সি এই গোটা ঘটনার তদন্ত করেছে তাদের রিপোর্টের চেয়ে হাদিয়ার কথার গুরুত্ব অনেক বেশি বলেও যুক্তি দেন মি. সিবাল। হাদিয়ার হয়ে কেস প্রস্তুত করতে যিনি সাহায্য করেছেন কেরালার অ্যাক্টিভিস্ট সেই বর্ষা বসির বলছিলেন, ""আমাদের বুঝতে হবে পাঁচ মাস নিজের বাবা-মার হেফাজতে ও কেরালা পুলিশের সুরক্ষায় থাকার পর বেরিয়ে এসে প্রথম সুযোগেই সে জানিয়েছে সে স্বেচ্ছায় মুসলিম হয়েছে এবং শাফিন জাহানই তার স্বামী। তার এই বক্তব্যকে সুপ্রিম কোর্টের মেনে নেওয়া উচিত, কারণ এটা তার সাংবিধানিক অধিকার।"" কিন্তু বেঞ্চের অন্যতম বিচারপতি জাস্টিস খানউইলকর শুনানিতে মন্তব্য করেন, এটি একটি অস্বাভাবিক মামলা এবং হাদিয়ার কথা শুনেই সিদ্ধান্ত নেওয়া যাবে, বিষয়টা অত সরল নয়। দেশের প্রধান বিচারপতি দীপক মিশ্রও বলেন, তার জীবনে এত জটিল মামলা তিনি আর দেখেননি। এদিকে ভারতে শাসক দল বিজেপিও মনে করছে, লাভ জিহাদ ভারতে একটা বাস্তবতা। আরএসএস তথা বিজেপির প্রভাবশালী নেতা রাম মাধব সোমবার বলেছেন, ""কেরালাসহ দেশের নানা প্রান্তে এতগুলো ঘটনার কথা এখন সামনে এসেছে যে সুপ্রিম কোর্টেরও এখন নীরব থাকা সাজে না।"" তবে পর্যবেক্ষকরা মনে করছেন আখিলা হাদিয়ার ঘটনায় দেশের সর্বোচ্চ আদালত কার্যত একটা মধ্যপন্থাই বেছে নিয়েছে। হাদিয়াকে প্রেমের ফাঁদে ফেলে ধর্মান্তরিত করা হয়েছে কি না, সে বিষয়ে শীর্ষ আদালতের বিচারপতিরা কোনও মন্তব্য করেননি ঠিকই, তবে বাবা-মার হেফাজত থেকেও প্রাপ্তবয়স্ক তরুণী হাদিয়াকে মুক্তি দেয়া হয়েছে। দিল্লির জামে মসজিদের নামাজ পড়তে যাচ্ছেন একজন নারী।","কেরালার আখিলা হাদিয়া ইসলাম ধর্ম গ্রহণ করে মুসলিম পুরুষ শাফিন জাহানকে বিয়ে করেন, কিন্তু তার পরিবার ও হিন্দু সংগঠনগুলো দাবি করে, এটি ‘লাভ জিহাদ’। সুপ্রিম কোর্ট তাকে বাবা-মার হেফাজত থেকে মুক্তি দিয়ে কলেজের ডিনের তত্ত্বাবধানে পড়াশোনা চালিয়ে যাওয়ার অনুমতি দিলেও স্বামীর সঙ্গে বসবাসের অনুমতি দেয়নি।"
"ছবির ডান দিকের কোণায় লাল বৃত্ত দিয়ে চিহ্নিত কিম ইয়ং-চোলকে দেখা যাচ্ছে গত শুক্রবার খবর বেরোয় যে কিম ইয়ং-চোলকে শাস্তি হিসেবে শ্রম শিবিরে পাঠানো হয়েছে। কিন্তু উত্তর কোরিয়ার সংবাদ মাধ্যমে দেখানো হয় যে তিনি একটি সঙ্গীতানুষ্ঠানে বসে আছেন। তার সাথে একই সারিতে কিম জং আন এবং অন্যান্য কর্মকর্তারা আছেন। ছবিতে কিম ইয়ং-চোলের মুখের একাংশ তার দু-হাতে আড়াল করা, কিন্তু ওই অনুষ্ঠানে যোগ দেয়া অন্যান্য কয়েকজন তাকে সনাক্ত করেছেন। সাবেক গুপ্তচর প্রধান কিম ইয়ং-চোলকে সেদেশের সর্বময় ক্ষমতাসম্পন্ন নেতা কিম জং-আনেরর ডান হাত বলে মানা হতো। বিবিসি বাংলায় আরো পড়ুন: উত্তর কোরিয়ার শীর্ষ কর্মকর্তাদের মৃত্যুদণ্ড কার্যকর? প্রেসিডেন্ট ট্রাম্পের সাথে হোয়াইট হাউসে কিম ইয়ং-চোল উত্তর কোরিয়া বিষয়ে একজন বিশেষজ্ঞ বিবিসির কাছে বলেছেন, কিম ইয়ং-চোল যে ক্ষমতাশালী কোন পদে বহাল আছেন - ছবি দেখে এটা তার কাছে বিশ্বাস্য বলেই মনে হয়েছে। মার্কিন প্রেসিডেন্ট ডোনাল্ড্র ট্রাম্পের সাথে ভিয়েতনামে অনুষ্ঠিত সম্মেলনের প্রস্তুতির জন্য তিনি যুক্তরাষ্ট্র গিয়েছিলেন। এর পর দক্ষিণ কোরিয়ান এক পত্রিকায় অজ্ঞাত সূত্রের উদ্ধৃতি দিয়ে তার নিখোঁজ হবার খবর বেরোয় । সাথে আরো জানানো হয়, যুক্তরাষ্ট্রে উত্তর কোরিয়ার সাবেক রাষ্ট্রদূত কিম হায়ক-চোলকে হত্যা করা হয়েছে। তবে উত্তর কোরিয়ার পদচ্যুত কর্মকর্তাদের শাস্তির এসব খবর খুব একটা নির্ভরযোগ্য নয়। অতীতে নানা জনের নামে এরকম খবর বেরুনোর পরে তাদেরকে আবার জীবিত অবস্থায় দেখা গেছে। বিবিসি বাংলায় আরও পড়ুন: হরিণ শিকার রোধে সুন্দরবনে সতর্কতা: কতটা কাজ হবে? ট্রাম্প আর সাদিক খানের মধ্যে এই বাকযুদ্ধ কেন? বাংলাদেশে যেখানে জমজমাট কাঁকড়ার ব্যবসা ঈদের ছুটিতে ব্যাংক, বুথ, কার্ড কতটা নিরাপদ?","গুজব ছিল, কিম জং-উনের ঘনিষ্ঠ সহযোগী কিম ইয়ং-চোলকে শাস্তি হিসেবে শ্রম শিবিরে পাঠানো হয়েছে, কিন্তু পরবর্তী সময়ে তাকে এক সঙ্গীতানুষ্ঠানে দেখা গেছে। অতীতে উত্তর কোরিয়ার অনেক কর্মকর্তার মৃত্যুর খবর প্রকাশ পেলেও পরে তারা জীবিত অবস্থায় দেখা দিয়েছেন, যা প্রমাণ করে দেশটির রাজনৈতিক পরিস্থিতি খুবই গোপনীয় ও অনির্ভরযোগ্য।"
"জীবনের দুটি পর্যায়ে মস্তিষ্ক উদ্ভাবনী চিন্তার হটস্পটে পরিণত হয়। এটা ভেবে ভেবে আপনি হয়তো অবাকও হবেন। আসলে ওই বয়সে হয়তো আপনি আপনার সৃজনশীলতার যে দুটি শিখর রয়েছে তার প্রথমটি অতিক্রম করছিলেন। যুক্তরাষ্ট্রের ওহাইও স্টেট ইউনিভার্সিটির নতুন গবেষণায় দেখা গেছে যে ২০ এর আশেপাশের বয়সে অর্থাৎ ২০-২৬ বছর বয়সে আমাদের মস্তিষ্ক প্রথমবারের মতো উদ্ভাবনের জন্য উর্বর স্থল হয়ে ওঠে। অর্থনীতিতে আগে যারা নোবেল পুরষ্কার পেয়েছিলেন তাদের ওপর আলোকপাত করেন গবেষকরা। সেখানে দেখা যায় যে যারা তাদের ২০ এর আশেপাশের বয়সে জীবনের সবচেয়ে বড় কাজ করতে পেরেছেন, পরবর্তীতে তারাই নতুন ধারণার উদ্ভাবক হয়ে ওঠেন। বলা যেতে পারে যে সেটি তাদের জীবনে বাতি জ্বলে ওঠার মুহূর্ত ছিল এবং তারা সেই হিসেবেই কাজ করে গেছেন। কিন্তু আপনি যদি কোন নতুন ধারণার উদ্ভাবন ছাড়াই ২০-এর মাঝামাঝি সেই বয়স ফেলে আসেন, তাহলেও উদ্বিগ্ন হওয়ার কিছু নেই। আমাদের মধ্যে আবার এমন অনেকেই আছেন যাদের বয়স পঞ্চাশের কোটায় যাওয়ার আগ পর্যন্ত কোন কিছুই অনুপ্রেরণায় আঘাত করে না। আরও পড়তে পারেন: আলাপচারিতায় পারদর্শী হওয়ার কয়েকটি উপায় কম ঘুমে আয়ু কমে: রাতের ভালো ঘুম যেভাবে পাবেন একাকীত্ব কাটিয়ে ওঠার ৯টি উপায় ২৪ বছর বয়সী নানা জোন্স ডার্কো একটি ভ্রাম্যমাণ চুল কাটার ব্যবসা চালান। 'আমি সবচেয়েসৃজনশীল হয়েছি আমার ২০ এর দশকে' ২৪ বছর বয়সী নানা জোন্স ডার্কো একটি ভ্রাম্যমাণ চুল কাটার ব্যবসা চালান। অর্থাৎ তার এই চুলকাটার স্যালন চার চাকার ভ্যানের ভেতরে। যেটা প্রতিনিয়ত বিভিন্ন স্থানে ঘুরে ঘুরে মানুষকে সেবা দিয়ে থাকে। তিনি বলেন, তার ব্যবসার জন্য এখন তার মাথায় সবসময় নতুন সব ধারণা আসে। ২০ দশকের মাঝামাঝি এই বয়সে এসে তিনি মনে করেন যে তার সৃজনশীল সবচেয়ে শিখরে রয়েছে। ""আমি প্রযুক্তি এবং নেটওয়ার্কিং সম্পর্কে আরও শিখছি।"" ""আমার মনে হয় যখন মানুষের বয়স বাড়ে তখন লোকজনও তাকে আরও গুরুত্ব সহকারে গ্রহণ করে - এতে সব বাধাগুলো ভেঙ্গে যায় - যা আপনার সৃজনশীল মস্তিষ্কের প্রবাহকে গতিশীল রাখে এবং নতুন ধারণা আরও বেশি হারে জন্মায়।"" বিবিসি বাংলার অন্যান্য খবর: সংস্কারপন্থীদের নতুন দল নিয়ে কি চিন্তিত জামায়াত 'আমরা ভাবিনি এই লোকটা আমাদের মারতে এসেছে' শ্রীলঙ্কায় সন্দেহজনক জঙ্গি আস্তানায় ১৫টি মৃতদেহ এক লিটার সাগরের পানিতে লাখ লাখ জীবাণু! ঠিক যেমন- নানা মনে করে যে, ২০-এর দশকে সফল হওয়ার ব্যাপারে বাবা মা এবং সহকর্মীদের থেকে আমাদের ওপর অনেক চাপ থাকে। বিশেষ করে যদি আপনি ""স্বাভাবিক"" ক্যারিয়ারের পথ বেছে না নেন। তিনি বলেন, এই চাপটা টিভি দেখা থেকেও আসতে পারে। ""যখন আপনি টিভিতে দেখেন যে ফুটবল খেলোয়াড়রা তাদের ২০ এর দশকে সপ্তাহে দুই লাখ পাউন্ড আয় করছে, তখন নিজের ওপরেও চাপ অনুভব হয়।"" ""আমি সত্যিই বিশ্বাস করি যে ২০ এর দশকের মাঝামাঝি ব্যবসায়ে সফল হওয়ার জন্য একটি বড় চাপ থাকে।"" ""কারণ আক্ষরিক অর্থে ওই বয়সটাতে পরিবেশ এমন থাকে যেটা আমাদের অর্থোপার্জনের জন্য এবং আর্থিকভাবে সফল হওয়ার জন্য চাপ দিতে থাকে। যেন আমরা ২৫ বছর বয়সের মধ্যে সব অর্জন করতে পারি। ""কিন্তু ২০-এর দশকের মাঝামাঝি সময়ে নিজেকে গড়ে তোলার সময় হলেও আমি মনে করিনা যে এই বয়সটাই আপনার সৃজনশীলতার শিখর হবে।"" সৃজনশীলতার প্রথম শিখরে তেমন কোন অর্জন না থাকলেও, রয়েছে দ্বিতীয় শিখরে আহরণের সুযোগ। ""সৃজনশীল হওয়ার ক্ষেত্রে আপনি এখনও বুড়ো হয়ে যাননি"" আপনি জীবনের শুরুর দিতে যা চেয়েছিলেন তার যদি পুরোটা এই ২০ এর দশকে অর্জন করতে না পারেন তাহলে আপনি দ্বিতীয় সৃজনশীল শিখরের ওপর ভরসা রাখতে পারেন। যেটা আসে ৫০ এর দশকে। গবেষণাটির লেখক ওয়েইনবার্গ বলেছেন, "" বিশ্বের অনেক গুরুত্বপূর্ণ উদ্ভাবক বেশিরভাগ ক্ষেত্রেই তাদের জীবনের সেরা কাজটি করেছেন অনেক দেরীতে।"" ""যদি এমন হয়ে থাকে যে আপনি আপনার ২০ এর দশকে তেমন কোন বৈপ্লবিক কাজ করতে পারেননি। তার মানে এই নয় যে আপনি পরবর্তীতে গুরুত্বপূর্ণ কিছু করতে পারবেন না।"" প্রফেসর ওয়েইনবার্গ বলেছেন, ""তরুণরা যদি মনে করে যে তাদের আরও অনেক কিছু অর্জন করার আছে তাহলে তাদের এগিয়ে যাওয়া উচিত।"" ""যারা বিভিন্ন বিষয় নিয়ে পরীক্ষা-নিরীক্ষা করে এবং নিয়মিত কোন না কোন বিষয়ে জ্ঞান আহরণ করে তাহলে তাদের কখনোই চেষ্টা ছেড়ে দেয়া উচিত না।"" ""আমি বলতে চাচ্ছি যে তারা কতটা বিশিষ্ট হবে এবং তাদের অর্জন কীভাবে হবে তা অবশ্যই আমরা জানি না। ""তবে এই ধরণের মানুষগুলো তাদের জীবনের সেরা কাজটি - অন্তত তাদের সেরা উদ্ভাবনী কাজটি করে ক্যারিয়ারের শেষের দিকে- তাই এই বিষয়টি মাথায় রেখে তাদের অবশ্যই কাজ চালিয়ে যাওয়া উচিত।"" নানা জানান, তার মা'ও ঠিক এমনই একজন। যিনি তার বয়সের ৫০ এর দশকে এসে ফ্যাশন স্কুল খুলে নিজের ব্যবসা শুরু করছেন।","একটি গবেষণায় দেখা গেছে, মানুষের সৃজনশীলতার দুটি শীর্ষ সময়কাল রয়েছে—প্রথমটি ২০-২৬ বছর বয়সে এবং দ্বিতীয়টি ৫০ বছর বয়সের পর। তরুণ বয়সে নতুন ধারণা ও উদ্ভাবন সহজ হয়, তবে পরবর্তী জীবনে অভিজ্ঞতা ও বিশ্লেষণী ক্ষমতা বৃদ্ধির ফলে মানুষ আবার সৃজনশীল হয়ে ওঠে।"
"ইউরোপীয় কাউন্সিলের প্রেসিডেন্ট ডোনাল্ড টাস্কের সাথে টেরিজা মে যাতে করে তারা ব্রেক্সিট এর পরেও শিক্ষা ,চিকিৎসা সেবা এবং অন্যান্য সুযোগ সুবিধা পেতে পারে। তিনি আরও বলেন ইউকে কখনও চায় না যে বর্তমান ব্রিটেনের অভিবাসী কোন ইউরোপীয় নাগরিক দেশ ত্যাগ করুক । আর তিনি আশা করেন এই ব্যবস্থা পারস্পরিক হবে । ব্রাসেলসে ইউরোপীয় কাউন্সিলের সম্মেলনে মিসেস মে বলেন ""কেউ কোন ধরনের কষ্টকর পরিস্থিতির মুখোমুখি হবে না।"" বর্তমানে ইউকে তে ৩০ লক্ষ ২০ হাজার ইইউ নাগরিক রয়েছেন। যাদের অনেকের মনে ভয় রয়েছে যে তাদেরকে হয়তবা ফেরত পাঠানো হবে। মিসেস মে জোর দিয়ে ইউকে'র ২৭ টি ইইউ পার্টনারদের বলেন দেশটি চায় না কেউ সেখান থেকে চলে যাক বা কারো পরিবার দুভাগ হয়ে যাক। এদিকে তার এই প্রস্তাবে সতর্ক মন্তব্য করতে দেখা গেছে কয়েকজন বিশ্ব নেতাকে। জার্মান চ্যান্সেলর অ্যাঙ্গোলা মেরকেল এটাকে 'একটা ভাল শুরু' এই বলে বর্ণনা করেছেন। তবে তিনি বলেছেন ব্রেক্সিটকে ঘিরে অনেক ইস্যু রয়েছে যেগুলো সমাধান করতে হবে। ইইউ এর একজন সিনিয়র কর্মকর্তা বিবিসিকে জানিয়েছেন যখন ইউকের পুরো প্রস্তাব সোমবার প্রকাশিত হয় তখন তারা এর 'লাইন বাই লাইন' পড়ে দেখেছে। ইইউ থেকে বের হয়ে যাওয়ার জন্য ইউকের হাতে ২০১৯ সালের মার্চ মাস পর্যন্ত সময় রয়েছে।","রধানমন্ত্রী টেরিজা মে জানিয়েছেন, ব্রেক্সিটের পরও যুক্তরাজ্যে বসবাসরত ইউরোপীয় নাগরিকরা শিক্ষা ও চিকিৎসাসহ বিভিন্ন সুবিধা পাবেন এবং কাউকে জোর করে ফেরত পাঠানো হবে না। তবে ইউরোপীয় নেতারা তার প্রস্তাব নিয়ে সতর্ক প্রতিক্রিয়া জানিয়েছেন এবং আরও আলোচনা প্রয়োজন বলে মনে করছেন।"
"মংলায় আশ্রয়কেন্দ্রে যাওয়ার জন্য মাইকিং করা হচ্ছে এই মাত্রার ঝড় নিয়ে কতটা আতঙ্কের কারণ রয়েছে? বজলুর রশীদ বলছেন, ""আমি বলবো সাধারণ মাত্রার একটি ঘূর্ণিঝড় আসছে। গতি ৯০ কিলোমিটারের বেশি হলে আমরা তাকে অতি প্রবল ঝড় বলি। তবে ধীরে ধীরে এটি শক্তি হারাচ্ছে।"" ""ফণী পুরোপুরি ডাঙ্গায় উঠে গেছে। উড়িষ্যা থেকে এখন এটি পশ্চিমবঙ্গের দিকে এগুচ্ছে। মধ্যরাতের পরে যে কোনো সময় সেটি খুলনা, সাতক্ষীরায় ঢুকবে। যত এগুবে তত শক্তি হারাতে থাকবে।"" তারপরও ঝড়ের প্রভাবে বাংলাদেশের দক্ষিণ-পশ্চিমাঞ্চলের নিচু অঞ্চলগুলো প্লাবিত হতে পারে। বৃষ্টি হবে অনেক। ঝড়ো বাতাসে কাঁচা ঘরবাড়ি কিছু নষ্ট হতে পারে। ঝড়ো বাতাসে এবং জমি প্লাবিত হওয়ায় অনেক জায়গায় ফসল নষ্ট হবে। ""মারাত্মক কোনো বিপদের আশঙ্কা নেই। তবে মধ্যরাত থেকে পরদিন দুপুর পর্যন্ত সাবধানে থাকতে হবে।"" আবহাওয়া বিভাগ মংলা এবং পায়রা বন্দরের জন্য ৭ নম্বর সতর্ক সঙ্কেত অব্যাহত রেখেছে। খুলনা, সাতক্ষীরা, বরিশাল, পটুয়াখালীর উপকূলীয় এলাকাগুলো থেকে বহু মানুষকে নিরাপদে সরিয়ে নেওয়া হয়েছে। মংলায় একটি ঘূর্ণিঝড় আশ্রয় কেন্দ্রে কজন নারী শনিবার জুড়ে ঝড়ো বাতাস-বৃষ্টি বজলুর রশীদ বলছেন, বাংলাদেশের ঢোকার পর কুষ্টিয়া, পাবনা, রাজশাহী, ময়মনসিংহ, রংপুর, দিনাজপুর হয়ে ঝড়টি শনিবার সন্ধ্যা নাগাদ ভারতের মেঘালয়ে ঢুকে যাবে । এসময় এসব জায়গাগুলোত বৃষ্টি অব্যাহত থাকবে। সাথে থাকবে দমকা ঝড়ো বাতাস। তবে যত সময় যাবে, বৃষ্টি এবং বাতাসের তীব্রতা কমতে থাকবে। ""রোববার নাগাদ পরিস্থিতি স্বাভাবিক হয়ে যাবে বলে ধারণা করছি।"" মি রশীদ যখন একথা বলছিলেন তখন শুক্রবার বেলা চারটা। ধেয়ে আসা ঝড়ের প্রভাবে দক্ষিণ-পশ্চিমাঞ্চল ছাড়াও বাংলাদেশের বহু জায়গায় সকাল থেকে কম-বেশি বৃষ্টি হচ্ছে। বাগেরহাটের মংলায় রয়েছেন সংবাদদাতা আকবর হোসেন। সেখান থেকে বিকেলের দিকে তিনি জানান, আকাশ সারাদিন ধরেই মেঘলা, গুমোট এবং থেকে থেকে গুড়ি গুড়ি বৃষ্টি হচ্ছে। আবহাওয়া দপ্তরের সাবেক পরিচালক শাহ আলম বিবিসি বাংলাকে বলেন, বাংলাদেশে ঢোকার পর ফণীর তীব্রতা বেশী না হলেও, রাতের বেলায় ঢোকার কারণে কিছুটা বাড়তি বিপত্তি তৈরি হতে পারে। ""উড়িষ্যায় ঝড়টি ঢুকেছে দিনের বেলায়, ফলে প্রাণহানি বা ক্ষয়ক্ষতি সামলানো অনেক সহজ হবে। কিন্তু বাংলাদেশে এর মূল প্রভাবটি পড়বে মধ্যরাতের পর, সেটা একটি চিন্তার বিষয়।"" মি. আলম বলছেন, ""রাতে মানুষ আতঙ্কিত থাকে বেশি, যাতায়াত করা কঠিন হয়, রাস্তা খুঁজে পাওয়া কষ্টকর হয়।""","ঘূর্ণিঝড় ফণী উড়িষ্যায় আঘাত হানার পর শক্তি হারিয়ে বাংলাদেশের দক্ষিণ-পশ্চিমাঞ্চলে প্রবেশ করছে। এটি খুলনা, সাতক্ষীরা হয়ে দেশের উত্তর-পশ্চিমাঞ্চলে প্রবাহিত হবে এবং ভারী বৃষ্টি ও দমকা বাতাসের সম্ভাবনা রয়েছে। ঝড়ে ফসল ও কাঁচা ঘরবাড়ির ক্ষতি হতে পারে। মংলা ও পায়রা বন্দরে ৭ নম্বর সতর্ক সংকেত জারি করা হয়েছে, এবং উপকূলীয় এলাকার মানুষদের নিরাপদ আশ্রয়ে সরিয়ে নেওয়া হচ্ছে।  "
"পরিবারের বৃদ্ধ সদস্যরা বেশিরভাগ একাকী সময় কাটান। প্রবীণদের দেখভালের জন্য সরকারি বা বেসরকারি ব্যবস্থাপনায় যে সেবাগুলো আছে সেগুলো প্রয়োজনের তুলনায় অপ্রতুল। এছাড়া এ ব্যাপারে প্রশিক্ষিত জনবলের অভাব আছে। সেইসঙ্গে বৃদ্ধাশ্রম নিয়ে সমাজে প্রচলিত নেতিবাচক ধারণার কারণে প্রবীণদের নিরাপত্তা ক্রমশ ঝুঁকির মুখে পড়ছে বলে মনে করেন বিশেষজ্ঞরা। বাংলাদেশের প্রবীণরা তাদের শেষ বয়সে পরিবারের সাথেই থাকতে চান এবং সামাজিকভাবে সেটাই হয়ে আসছে। কিন্তু এই বয়স্কদের দেখভালের ক্ষেত্রে গৃহপরিচারিকাদের ওপর নির্ভর করতে বাধ্য হচ্ছেন পরিবারের সদস্যরা। এবং তাদের নিয়োগ দেয়া হয় সম্পূর্ণ আস্থার ভিত্তিতে। ফারজানা জামান এবং তার স্বামী দুজনেই চাকুরীজীবী হওয়ায় তার ৮৫ বছর বয়সী শ্বশুড়কে সারাদিন একজন গৃহপরিচারিকার তত্ত্বাবধানে রেখে যেতে হয়। অন্যদিকে তার নিজের মায়ের দেখ-ভাল করছেন খণ্ডকালীন গৃহপরিচারিকা। সম্প্রতি বৃদ্ধা নারীকে গৃহকর্মীর বেধড়ক পেটানোর ভিডিও দেখে এই প্রবীণ দুই সদস্যের নিরাপত্তা নিয়ে বেশ উদ্বিগ্ন হয়ে পড়েছেন তিনি। ""এই গৃহকর্মীর ওপরে ভরসা করা অনেকটা অদৃষ্টে ভরসা করার মতো। এজন্য প্রতিনিয়ত টেনশন হয়। আমার ভাইও অফিস চলে যাওয়ার পর আমার আম্মা বাসায় একা থাকেন। তো উনি যখন ফোন ধরেন না তখন কি যে মানসিক চাপে থাকি। আর এই চাপ নিয়েই চলতে হচ্ছে। কারণ কোন উপায় নেই।"" বলেন মিসেস জামান। বাংলাদেশে মানুষের গড় আয়ু বাড়তে থাকায় প্রবীণ জনগোষ্ঠীর সংখ্যাও বাড়ছে। কিন্তু এই প্রবীণদের সেবায় প্রয়োজনীয় অবকাঠামো এবং জনবল তেমন গড়ে ওঠেনি। বয়স্ক মানুষের জন্যে আছে হাতেগোনা কিছু প্রবীণ নিবাস। আরও পড়তে পারেন: বাংলাদেশে কেন প্রবীণদের স্বাস্থ্যসেবার ব্যবস্থা নেই? প্রবীণ জনগোষ্ঠি দ্রুত বাড়ছে, বাংলাদেশ কতটা প্রস্তুত? করোনাভাইরাস: ঝুঁকিতে প্রবীণরা, যেদিকে খেয়াল রাখতে হবে বাংলাপিডিয়ার তথ্য অনুযায়ী, বাংলাদেশের ২০% প্রবীণ একাকী থাকেন অথবা স্বামী-স্ত্রী এক সঙ্গে থাকেন। এই প্রবীণদের সেবায় সরকারের পক্ষ থেকে বয়স্কভাতা কর্মসূচি, জাতীয় প্রবীণ নীতিমালা ও পিতামাতার ভরণপোষণ আইন প্রণয়ন, পেনশন সুবিধা দেয়া হলেও তাদের সার্বিক দেখাশোনায় সরকারিভাবে বিশেষায়িত হাসপাতাল রয়েছে মাত্র একটি। এছাড়া সরকারি-বেসরকারি উদ্যোগে গড়ে ওঠা কিছু বৃদ্ধাশ্রম মিলিয়ে খুব অল্প কিছু প্রবীণের থাকার ব্যবস্থা রয়েছে। প্রবীণদের দেখভালের জন্য প্রশিক্ষিত সেবাদানকারীও তেমন নেই। যদিও এই অপ্রতুলতার বিষয়টি মানতে নারাজ সমাজকল্যাণ মন্ত্রণালয়ের প্রতিমন্ত্রী আশরাফ আলী খান খসরু। ""উন্নত দেশে সুযোগ বেশি থাকবেই। কারণ আমার দেশে কয়জন ট্যাক্স দেয়। শুধু সুযোগের কথা বলবেন কিন্তু সরকারের চাহিদা, আইন মানবে না, সেটাও তো হয় না। এগুলো আস্তে আস্তে করা হবে। রাতারাতি তো সব ঠিক হয়ে যাবে না।"" প্রবীণদের এভাবে একাকী ও অরক্ষিত হয়ে পড়ার পেছনে অর্থনৈতিক অগ্রগতি, নারীর কর্মসংস্থানের সুযোগ সৃষ্টি, যৌথ পরিবার ভেঙ্গে যাওয়া এবং গ্রাম ছেড়ে শহর বা দেশের বাইরে অভিবাসনকে অন্যতম কারণ বলে মনে করছেন বিশেষজ্ঞরা। কিন্তু সামাজিক এই পরিবর্তনের সাথে তাল মিলিয়ে উন্নত বিশ্বগুলো প্রবীণদের জন্য যে নতুন-নতুন সেবা-ব্যবস্থা গড়ে তুলেছে, বাংলাদেশে সেক্ষেত্রে সরকারি সুযোগ যেমন সীমিত তেমনি বেসরকারিভাবেও প্রবীণদের নিয়ে খুব বেশি কাজ হয়নি। বাংলাদেশে ৬৫ বছরের বেশি বয়সী মানুষের সংখ্যা এখন ৮০ লাখ। বৃদ্ধ বয়সে সেবা দেয়ার জন্য বিশেষভাবে প্রশিক্ষণপ্রাপ্ত সেবাদানকারীও নেই। ঢাকা বিশ্ববিদ্যালয়ের সমাজকল্যাণ ও গবেষণা ইন্সটিটিউটের পরিচালক তানিয়া রহমান বলেন, ক্রমবর্ধমান প্রবীণ জনগোষ্ঠীর জন্য বিনিয়োগ না বাড়ালে তাদের নিরাপত্তা অনিশ্চয়তার মুখে পড়বে। এক্ষেত্রে বৃদ্ধাশ্রমকে ঘিরে সামাজিক দৃষ্টিভঙ্গিতে পরিবর্তন আনা প্রয়োজন বলেও তিনি মনে করছেন। মিস রহমান বলেন, ""বৃদ্ধাশ্রমকে এতো নেতিবাচকভাবে দেখা উচিত না। কারণ সবার পক্ষে সেবাদানকারী রাখা সম্ভব না। এখন বৃদ্ধাশ্রমগুলো যদি ডে কেয়ার সেন্টারের মতো হয়, সকাল সন্ধ্যা রাখার ব্যবস্থা থাকে তাহলে এই প্রবীণরা নিরাপদে থাকবেন। কারণ সেখানে চিকিৎসক থাকবে, নার্স থাকবে, এছাড়া নিজেদের বয়সী লোকজনের সাথে তাদের ভালো সময় কাটবে। আবার বাড়ি ফিরে পরিবারের সাথে থাকার সুযোগও হবে।"" এক্ষেত্রে সব শ্রেণী এবং পেশার প্রবীণদের কথা চিন্তা করে বৃদ্ধাশ্রমের সংখ্যা বাড়ানোর ওপরে জোর দিয়েছেন তিনি। ""হাসপাতাল যেমন সরকারি-বেসরকারি আছে, বৃদ্ধাশ্রমগুলো এমন হতে পারে। যাদের সামর্থ্য আছে তারা দামী প্রাইভেট বৃদ্ধাশ্রমে রাখবে। যারা একদম গরিব, সরকার তাদের জন্য বৃদ্ধাশ্রমের ব্যবস্থা করবে। এ ব্যাপারে ফান্ড গড়ে তুলবে। যাকাতের ফান্ড বা বিত্তশালীরা দান করতে পারে। আসলে পরিকল্পনা করা গেলে সবই সম্ভব।"" বলেন মিস রহমান। এছাড়া প্রবীণদের বোঝা না ভেবে তাদের ব্যাপারে আরও দায়িত্বশীল হয়ে উঠতে নীতি ও মূল্যবোধে পরিবর্তন আনা প্রয়োজন বলেও মনে করছেন তিনি। এক্ষেত্রে নতুন প্রজন্মের সাথে বিশেষ করে পরিবর্তিত পরিস্থিতির সাথে খাপ খাইয়ে নেয়া প্রয়োজন উল্লেখ করে তিনি বলেন, ""আমরা আগে নানা নানী, দাদা দাদীর কাছে গল্প শুনতাম। এখনকার বাচ্চারা আর এমন নেই। তারা ভিডিও গেম খেলে। এই পরিবর্তন মেনে নিতে হবে। প্রবীণরা যেন তাদের সমবয়সীদের সাথে সময় কাটানোর সুযোগ পান, সেই ব্যবস্থা করতে হবে।""","বাংলাদেশে প্রবীণদের সংখ্যা বাড়লেও তাদের জন্য সেবার যথেষ্ট ব্যবস্থা নেই। অনেক বৃদ্ধ একাকী থাকেন এবং পরিবারেও নিরাপত্তাহীনতায় ভোগেন। প্রশিক্ষিত সেবাদাতার অভাব এবং বৃদ্ধাশ্রম নিয়ে সামাজিক নেতিবাচক দৃষ্টিভঙ্গি সমস্যাকে আরও জটিল করছে। বিশেষজ্ঞরা সরকারি-বেসরকারি বৃদ্ধাশ্রম ও ডে কেয়ার সেন্টার বাড়ানোর পরামর্শ দিচ্ছেন, যাতে প্রবীণরা নিরাপদে থাকতে পারেন এবং মানসিক স্বস্তি পান।  "
"অস্ট্রেলিয়ার সাবেক ক্রিকেটার মাইক হাসি বলেছেন সাকিব এখন বিশ্বসেরাদের কাতারে ব্যাটে ও বলে সাকিব আল হাসান তিন ফরম্যাটেই বাংলাদেশ ক্রিকেট দলকে সার্ভিস দিয়ে যাচ্ছেন। তবে এই বিশ্বকাপে প্রশ্ন উঠেছে, সাকিব আল হাসান কি বিশ্বসেরা কিংবদন্তী অলরাউন্ডারদের তালিকায় ঢুকে গেছেন? অস্ট্রেলিয়ার সাবেক ক্রিকেটার মাইক হাসির উত্তর, ""অবশ্যই।"" মাগুরায় নিজ বাড়ির সামনে সাকিব আল হাসান ক্রিকেট ওয়েবসাইট ইএসপিএন ক্রিকইনফোকে হাসি বলেছেন, ""সাকিব আল হাসান এখন বিশ্ব ক্রিকেটের অন্যতম সেরা অলরাউন্ডারদের তালিকায় চলে এসেছেন। এই বিশ্বকাপের সেরা ক্রিকেটার সাকিব আল হাসান।"" ""কেউ অস্বীকার বা দ্বিমত করতে পারবে না যে এখন পর্যন্ত বিশ্বকাপের সেরা ক্রিকেটার সাকিব।"" সাকিব আল হাসানকে খানিকটা অবমূল্যায়ন করা হয়েছে অনেক সময়, কিন্তু এই বিশ্বকাপে সেই ধারণা বদলে দিয়েছেন তিনি নিজেই। একই বিশ্বকাপে ৪০০ রান ও ১০ উইকেট নেয়া একমাত্র ক্রিকেটার সাকিব আল হাসান। আরো পড়ুন: বিশ্বকাপ ইতিহাসে সবচেয়ে কার্যকর অলরাউন্ডার সাকিব টুর্নামেন্ট সেরার লড়াইয়ে কতটা এগিয়ে সাকিব সাকিবই বাংলাদেশের সর্বকালের সেরা ক্রিকেটার? যেভাবে আফগান বাধা টপকালো বাংলাদেশ বিশ্বকাপে ১০০০ রান ও ৩০ উইকেট পাওয়া একমাত্র ক্রিকেটার সাকিব আল হাসান। তবে সাকিব কি সবসময়ই সেরাদের তালিকায় ছিলেন নাকি এটা শুধু এই বিশ্বকাপ বিবেচনায়? মুরলি কার্তিক, ভারতের সাবেক ক্রিকেটার বলেন, সাকিব শুধু যে এই বিশ্বকাপ বিবেচনায় সেরাদের তালিকায় তা নয়, সাকিব বরাবরই এক বা দুই নম্বরে আছেন অলরাউন্ডারদের তালিকায়। ""তিন ফরম্যাটেই এভাবে টানা এক বা দুইয়ে থাকা কঠিন, ক্যারিয়ার শেষে সেরা অলরাউন্ডারদের তালিকাতেই তার নাম থাকবে এটা নিশ্চিত।"" টুইটারে কে কী বলছেন ভিভিএস লাকশমান তার টুইটারে লিখেছেন, সাকিব যেভাবে কাজ করেন সেটা আমি ভালোবাসি, এতো পাওয়ার পরেও বিনয়ী ও ভদ্র একজন ক্রিকেটার। লাকশমান তার টুইটে সাকিবকে 'রোল মডেল' আখ্যা দিয়েছেন। সাকিবের প্রশংসায় পঞ্চমুখ ভারতের সাবেক ক্রিকেটাররা লাকশমানের এই টুইট রিটুইট করে সহমত জ্ঞাপন করেছেন ভারতের সাবেক অধিনায়ক সৌরভ গাঙ্গুলি। সাকিবের ইন্ডিয়ান প্রিমিয়ার লিগ দল সানরাইজার্স হায়দ্রাবাদও শুভ কামনা জানিয়েছেন সাকিবকে। ভারতের সাবেক ক্রিকেটার ভিভিএস লাকশমান সাকিবের সাবেক দল কলকাতা নাইট রাইডার্সের সতীর্থ মনোজ তিওয়ারি তাকে বাংলাদেশের পিলার উপাধি দেন। ""বাংলাদেশ ক্রিকেট দলের প্রতি সাকিবের অবদান অস্বাভাবিক ভালো।"" তিওয়ারি মজা করে লেখেন, ভারত ছাড়া অন্য দলের বিপক্ষে বড় রেকর্ড গড়ো। ক্রিকেট বিশ্লেষক ও লেখক বোরিয়া মজুমদার তার টুইটারে লেখেন, সাকিব আল হাসান এই টুর্নামেন্টের সবচেয়ে দামি ক্রিকেটার। সাকিব আল হাসানের সাবেক সতীর্থ মনোজ তিওয়ারি কী করেছেন সাকিব, যে এতো আলোচনা.... এই বিশ্বকাপে রান সংগ্রাহকদের তালিকায় এখনো পর্যন্ত এক নম্বরে আছেন সাকিব আল হাসান। বিশ্বকাপের সেরা বোলিং ফিগারও সাকিবের। আফগানিস্তানের বিপক্ষে ১০ ওভারে এক মেইডেনসহ ২৯ রান দিয়ে পাঁচ উইকেট নিয়েছেন সাকিব। মোট উইকেট সংখ্যা ১০। বোলারদের তালিকাতেও সেরা দশে আছেন সাকিব আল হাসান। আফগানিস্তানের বিপক্ষে ম্যাচে ৫১ রান তুলেছেন, নিয়েছেন পাঁচ উইকেট। বিশ্বকাপে এই রেকর্ড আছে কেবল ভারতের য়ুভরাজ সিংয়ের। এখনো পর্যন্ত চলতি বিশ্বকাপের সেরা ক্রিকেটার সাকিব আল হাসান এই বিশ্বকাপে ১০০ রান করেছেন দুবার এবং পাচঁ উইকেট নিয়েছেন। বিশ্বকাপে এই রেকর্ড আছে কেবল ভারতের বিশ্বকাপজয়ী অধিনায়ক কপিল দেবের ও ২০১১ বিশ্বকাপে খেলা ইয়ুভরাজ সিংয়ের। বিশ্বকাপের সেরা অল-রাউন্ড পারফরম্যান্স ধরা হয় ১৯৯৯ সালে ল্যান্স ক্লুজনারের ২৮১ রান ও ১৭ উইকেট এবং ২০১১ সালে য়ুভরাজ সিংয়ের ৩৬২ রান ও ১৫ উইকেট। সাকিব ইতোমধ্যেই ছাড়িয়ে গিয়েছেন সবাইকে। বাংলাদেশের হয়ে বিশ্বকাপে পাঁচ উইকেট নেয়া একমাত্র বোলার সাকিব আল হাসান। বিশ্ব ক্রিকেটে বিশ্বকাপে ১০০০ রান ও ৩০ উইকেট পাওয়া একমাত্র ক্রিকেটার সাকিব আল হাসান।",বিশ্বকাপে ব্যাট ও বলে দুর্দান্ত পারফরম্যান্স করে সাকিব আল হাসান বিশ্বসেরা অলরাউন্ডারদের তালিকায় জায়গা করে নিয়েছেন। তিনি একই বিশ্বকাপে ৪০০ রান ও ১০ উইকেট নেওয়া একমাত্র ক্রিকেটার। ভারতের সাবেক ক্রিকেটাররা তাকে রোল মডেল হিসেবে প্রশংসা করেছেন এবং তার আইপিএল দল সানরাইজার্স হায়দ্রাবাদও শুভকামনা জানিয়েছে।  
"করোনাভাইরাস মহামারির কারণে বহু উপার্জনক্ষম মানুষও হঠাৎ করে দুঃস্থ হয়ে পড়েছেন। হতদরিদ্রদের জন্য ১০টাকা কেজি দরে যে চাল দেয়া হচ্ছে, কিন্তু বেশ কয়েকটি এলাকায় সেই চাল নিয়ে দুর্নীতির দায়ে ক্ষমতাসীন আওয়ামী লীগের ইউনিয়ন পর্যায়ের কয়েকজন নেতার জেল জরিমানা হওয়ার খবর পাওয়া গেছে। অন্যদিকে লকডাউন চলার দ্বিতীয় সপ্তাহের শেষে এসেও সারাদেশে দরিদ্র এবং কর্মহীন মানুষকে ত্রাণ সহায়তা দেয়ার জন্য তালিকা তৈরির কাজই শেষ হয়নি। কর্মকর্তারা বলেছেন, দুর্নীতি-অনিয়মের বিরুদ্ধে কঠোর ব্যবস্থা নিয়ে ত্রাণ বিতরণে একটা সমন্বয় করার চেষ্টা তারা করছেন। দেশের উত্তরাঞ্চলীয় জেলা বগুড়ার দু'টি উপজেলায় দরিদ্র মানুষের কাছে কার্ডের মাধ্যমে ১০ টাকা কেজি দরে চাল বিক্রির ক্ষেত্রে অনিয়মের অভিযোগে দু'জন ডিলারের বিরুদ্ধে ব্যবস্থা নেয়া হয়েছে। তারা দু'জনই দু'টি ইউনিয়নে আওয়ামী লীগের নেতা। তাদের একজন বগুড়ার গাবতলী উপজেলার একটি ইউনিয়নে একজন ডিলার হিসাবে চাল আত্মস্যাৎ করার চেষ্টা করেছিলেন - তেমন অভিযোগের প্রাথমিক তদন্তে প্রমাণ পেয়ে প্রশাসন তার জরিমানা করেছে। আরেকজন বগুড়ার সারিয়াকান্দি উপজেলার একটি ইউনিয়নে ১০ টাকা কেজির চাল বিতরণে দুর্নীতির দায়ে জেলে গেছেন। কোয়ারেন্টিন ও আইসোলেশনের যে ব্যাখ্যা দেয়া হচ্ছে বাংলাদেশে নিজেকে যেভাবে নিরাপদ রাখবেন করোনাভাইরাস থেকে নতুন করোনাভাইরাস কত দ্রুত ছড়ায়? কতটা উদ্বেগের? করোনাভাইরাস ঠেকাতে যে সাতটি বিষয় মনে রাখবেন টাকার মাধ্যমে করোনাভাইরাস ছড়াতে পারে কি? ঢাকায় একটি এলাকায় সাহায্য নিয়ে বাড়ি ফিরছেন নিম্ন আয়ের মানুষ। এটি গত সপ্তাহের ছবি। সারিয়াকান্দি উপজেলার নির্বাহী কর্মকর্তা রাসেল মিয়া বিবিসিকে বলছিলেন, ""একটা ইউনিয়নে ডিলারদের জন্য যে বরাদ্দ আছে তার মধ্যে একজনের নাম গাজিউল হক। তার জন্য ৫০০ বস্তা বরাদ্দ ছিল। উনি ৫০০বস্তা চালই তুলেছেন। কিন্তু আমরা তার গুদামে গিয়ে ২১২ বস্তা চাল পাই। বাকি চালের বিষয়ে জানতে চাইলে তিনি বিতরণ করেছেন বলে জানান। কিন্তু বিতরণের তালিকা দেখে আমাদের সন্দেহ হয়।"" সন্দেহ হওয়ার চাল বিতরণের তালিকা ধরে কয়েকজনের বাসায় গিয়ে কথা বলেন কর্মকর্তারা। ""সেসময় একজন বলেন, তার নামে যে কার্ড হয়েছে সেটাই তিনি জানেন না। আরেকজন বলেন, এবার চাল আসেনি, টাকা এসেছে। এই বলে ২৫০টাকা তাকে দিয়েছে। অথচ কার্ডধারিকে ১০ টাকা কেজি দরে ৩০ কেজি চাল দেয়ার কথা ছিল।"" এসব প্রমাণ পেয়ে ভ্রাম্যমাণ আদালতের মাধ্যমে ঐ ডিলারকে এক মাসের জেল দেয়া হয়েছে বলে জানান রাসেল মিয়া। দু'দিন আগে দক্ষিণ পশ্চিমের সীমান্তবর্তী জেলা সাতক্ষীরার একটি ইউনিয়নেও একজন ডিলার হিসাবে স্থানীয় একজন আওয়ামী লীগ নেতা ১০ টাকা কেজির চাল বাজারে বিক্রি করে ধরা পড়েছেন। ঢাকায় আওয়ামী লীগের সিনিয়র একজন নেতা বলেছেন, এ ধরণের অনিয়মের সাথে তাদের দলের যাদের বিরুদ্ধে আভিযোগ আসছে, তাদের ব্যাপারে দল থেকেও কঠোর ব্যবস্থা নেয়া হচ্ছে। ১০ টাকা কেজি দরে একটি পরিবারকে ৩০কেজি করে চাল দেয়ার জন্য ৫০ লাখ মানুষের একটি তালিকা করা হয়েছিল প্রায় ১০ বছর আগে। এত বছরের পুরোনো তালিকা নবায়ন না করার কারণেও সমস্যা রয়েছে বলে অভিযোগ পাওয়া গেছে। এর বাইরে এখন লকডাউনের কারণে কর্মহীন এবং দরিদ্র প্রতিটি পরিবারের তালিকা করে বিশেষ ত্রাণ হিসাবে ১০ কেজি করে চাল ঘরে ঘরে বিতরণের কার্যক্রমের কথা বলছে সরকার। কিন্তু অনেক মানুষ কোন সাহায্যই পাচ্ছেন না। ঢাকার একটি এলাকায় বেসরকারি উদ্যোগে ত্রাণ দেয়া হয়। সেই সাহায্য নেয়ার জন্য মানুষের ভিড়। পহেলা এপ্রিলের তোলা ছবি। শরিয়তপুর জেলার প্রত্যন্ত একটি গ্রাম থেকে এক নারী বলছিলেন, এখন তাদের কাজ না থাকায় অসহায় পরিস্থিতিতে রয়েছেন। ""আমার চারটা সন্তান। কিন্তু কোন সাহায্য পাই নাই। করোনার কারণে এখন কোন কাজ নাই। সব বন্ধ। ফলে জীবন চালানো কঠিন হয়ে গেছে বুঝলেন।"" পর্যবেক্ষকরা বলছেন, প্রধানমন্ত্রীর হুঁশিয়ারির পরও ত্রাণ বিতরণে অনিয়ম দুর্নীতি থামানো যাচ্ছেনা। আর ব্যক্তিগতভাবে বা বেসরকারিভাবেও ত্রাণ বিতরণে জনসমাগম করে বিশৃঙ্খলতা চলছে এবং তাতে সামাজিক দূরত্ব ভেঙ্গে পড়ছে। দুর্যোগ ব্যবস্থাপনা নিয়ে কাজ করেন নঈম ওয়াহারা। তিনি বলছিলেন, ""মাঠ পর্যায়ে একটা বিশৃঙ্খল পরিস্থিতির সৃষ্টি হয়েছে। এটা বিভিন্নভাবে খবর আমরা পাচ্ছি। আমাদের যে পুরাতন ধাঁচের রিলিফ বিতরণ প্রক্রিয়া আছে, সেটার ওপরই আমরা নির্ভর করছি। সেটা করতে গিয়ে মানুষের ভিড় বাড়ছে এবং যার বেশি প্রয়োজন, তার কাছে পৌঁছানো কঠিন হয়ে যাচ্ছে।"" তবে দুর্যোগ ব্যবস্থাপনা ও ত্রাণ প্রতিমন্ত্রী ডা. এনামুর রহমান বলেছেন, ১০ টাকা কেজি দরে চাল বিতরণে দুর্নীতি বা অনিয়মের ব্যাপারে আইনগত ব্যবস্থা নেয়া হচ্ছে। কোন ছাড়া দেয়া হচ্ছে না বলে তিনি দাবি করেন। তালিকা শেষ হয়নি কর্মহীন নিম্ন আয়ের এবং দরিদ্র তিন কোটি মানুষকে বিশেষ ত্রাণ সহায়তা দেয়ার কথা সরকার বলছে, কিন্তু সেই তালিকা এখনও করা যায়নি। প্রতিমন্ত্রী ডা. এনামুর রহমান বলেছেন, ""আমরা সারাদেশে ২৯ লাখ ৭৫ হাজার পরিবারের তালিকা করতে পেরেছি। প্রতি পরিবারে চারজন করে সদস্য ধরা হলে ১কোটি ২০ লাখ লোকের তালিকা হয়েছে। এখনও প্রায় ১কোটি ৮০ লাখ লোক তালিকার বাইরে আছে। একেবারে গ্রামের ওয়ার্ড পর্যায়ে তালিকা তৈরি বেশ কঠিন। সেজন্য কিছুটা সময় লাগছে। তবে একদিকে তালিকা তৈরির কাজ চলছে, একইসাথে ত্রাণ বিতরণও করা হচ্ছে।"" তিনি আরও বলেছেন, জেলা প্রশাসনের নেতৃত্বে এই তালিকা করে ঘরে ঘরে চাল পৌঁছে দেয়া হচ্ছে এবং এখানে কোন বিশৃঙ্খলা নাই। তবে বেসরকারি ত্রাণ বিতরণে জনসমাগম করার বিষয়টি এখনও পুরোপুরি নিয়ন্ত্রণে আনা সম্ভব হয়নি বলে তিনি উল্লেখ করেছেন। মন্ত্রী আরও জানিয়েছেন, এবার লম্বা সময় ধরে এই ত্রাণ সহায়তা দিতে হতে পারে। সেটা বিবেচনায় রেখে তারা কাজ করছেন।",বাংলাদেশে ১০ টাকা কেজি দরে চাল বিতরণে অনিয়ম ও দুর্নীতির অভিযোগ উঠেছে। ক্ষমতাসীন দলের কিছু স্থানীয় নেতার বিরুদ্ধে চাল আত্মসাৎ ও বাজারে বিক্রির অভিযোগে ব্যবস্থা নেওয়া হয়েছে। দুর্নীতি বন্ধে সরকার কঠোর অবস্থান নিলেও তালিকা তৈরির ধীরগতির কারণে এখনো অনেক দরিদ্র পরিবার কোনো সহায়তা পাচ্ছে না।  
"ইন্দোনেশিয়ায় গত ১৭ই এপ্রিল নির্বাচন অনুষ্ঠিত হয়। এখন প্রশ্ন উঠেছে, এই নির্বাচনের জন্য দেশটিকে বড় ধরণের মূল্য দিতে হয়েছে কিনা। যেই মূল্য তাদের নির্বাচন কর্মকর্তাদের জীবন দিয়ে দিতে হয়েছে। ইন্দোনেশিয়ায় নির্বাচনকে ঘিরে ভোটের সময় এবং পরবর্তী কয়েকদিনের মাথায় ৫০০ জনেরও বেশি নির্বাচনী কর্মকর্তা মারা যাওয়ার খবর পাওয়া গেছে। মিডিয়া রিপোর্টে বলা হয়েছে যে, ভোট প্রক্রিয়ার আয়োজন ও গণনা করার অতিরিক্ত চাপ ও ক্লান্তি তাদের মৃত্যুর কারণ হয়ে দাঁড়িয়েছে। এই নির্বাচনে দেশব্যাপী ৭০ লাখ কর্মকর্তা অংশ নিয়েছিল। এখন প্রশ্ন উঠেছে যে, ইন্দোনেশিয়ায় গড় মৃত্যুহারের চাইতে কি এই মারা যাওয়ার পরিমাণ বেশি। নাকি নির্বাচনের কারণে স্বাভাবিকের চাইতে বেশি লোকের মৃত্যু হয়েছে? আরও পড়তে পারেন: ৫০০ জন ভোটারের কাছে পৌঁছতে হাজার কি.মি. পাড়ি পশ্চিমবঙ্গে ভোট প্রচারের সময় কমাতে ইসির নির্দেশ মোদী-অমিত শাহকে কি ভয় পাচ্ছে নির্বাচন কমিশন? কতজন কর্মকর্তা মারা গেছেন? ১৭ই এপ্রিলের ভোটটি ছিল বড় ধরণের একটি প্রশাসনিক মহড়া, যেখানে ভোটার সংখ্যা ১৯ কোটিরও বেশি। ১৮ হাজার দ্বীপ দিয়ে গঠিত এই দেশটির আয়তন প্রায় ২০ লাখ বর্গ কিলোমিটার। ইন্দোনেশিয়ার নির্বাচন কমিশন বিবিসিকে জানায়, ভোটে ৭৩ লাখ ৮৫ হাজার ৫০০ কর্মকর্তা জড়িত ছিলেন, যার মধ্যে ৫৬ লাখ ৭২ হাজার ৩০৩ জন বেসামরিক কর্মী। বাকিরা ভোটকেন্দ্রের নিরাপত্তায় থাকা আইন-শৃঙ্খলা রক্ষাকারী বাহিনীর সদস্য। আর সমস্ত ভোটের গণনা করা হয়েছে হাতে হাতে। বিভিন্ন জায়গায় প্রকাশিত হওয়া প্রতিবেদন থেকে জানা যায়, অনেক জয়গায় নির্দিষ্ট সময়সীমার মধ্যে ভোট গণনা শেষ করতে সারারাত ধরে সব কর্মকর্তা ভোট গুনে গিয়েছেন, আবার অনেকে গণনা করা অবস্থাতেই পরদিন পর্যন্ত টানা জেগে ছিলেন। নির্বাচন কমিশন জানায় যে ২৮শে এপ্রিল পর্যন্ত নির্বাচনি দায়িত্বে নিয়োজিত ২৭০ জনেরও বেশি কর্মী অতিরিক্ত কাজের চাপে মারা গেছেন। ঐ বিবৃতিতে আরো বলা হয় যে, নির্বাচনি দায়িত্ব পালন করতে গিয়ে অসুস্থ হয়ে পড়েছেন ১,৮৭৮ জন। পরে এই মৃত্যুর সংখ্যা বেড়ে ৫৫০ জন ছাড়িয়ে যায়। ভোট প্রক্রিয়ায় অংশ নেয়া বেশিরভাগই বেসামরিক কর্মকর্তা। মৃত্যুর সংখ্যা কি স্বাভাবিকের চাইতে বেশি ছিল? নির্বাচনের সাথে জড়িত ৭০ লাখেরও বেশি কর্মকর্তার মধ্যে যে উল্লেখযোগ্য সংখ্যক কর্মী মারা গেছেন তার সঙ্গে দেশটির জাতীয় মৃত্যুহারের একটি তুলনা করা হচ্ছে। প্রশ্ন হল, নির্বাচনের কারণে এই মৃত্যুর সংখ্যা কি স্বাভাবিক মৃত্যুহারের তুলনায় বেশি ছিল? বিশ্ব স্বাস্থ্য সংস্থার ২০১৭ সালের তথ্য অনুসারে, ইন্দোনেশিয়ার প্রতিবছর ১,০০০ জনে ৭.১৬ জনের মৃত্যু হয়। এখন এই মৃত্যুহারের হিসাব ওই ৭০ লাখ কর্মকর্তার হিসাবের সাথে মেলানো হয়, তাহলে প্রতিদিন মারা যাওয়ার কথা রয়েছে প্রায় ১৩৭ জনের। ধরা যাক, প্রত্যেক নির্বাচনী কর্মকর্তা চার দিন ধরে এই নির্বাচনী প্রক্রিয়ায় জড়িত ছিল - অর্থাৎ ভোটের প্রস্তুতি, ভোট গ্রহণ এবং পরবর্তী গণনা পর্যন্ত। দেশটির জাতীয় মৃত্যু হারের উপর ভিত্তি করে, এই সময়ের মধ্যে প্রায় ৫৪৮ জন মানুষের মারা যাওয়ার কথা। ইন্দোনেশিয়ার নির্বাচন কমিশন থেকে দেয়া হিসাবের সাথে এই হিসাব অনেকটাই মিলে যায়। জাভার একজন নির্বাচন কর্মকর্তা ব্যালট পেপার দেখছেন। কোন গোষ্ঠী সবচেয়ে ক্ষতিগ্রস্ত হয়েছে অনেকটাই অনুমান নির্ভর এই হিসাবে কারও বয়স, লিঙ্গ, স্বাস্থ্য শর্তাবলী বা অন্যান্য বিষয় বিবেচনা করা হয়নি। ইন্দোনেশিয়ার কর্তৃপক্ষ জানিয়েছে, যে কর্মকর্তারা মারা গেছেন তাদের বেশিরভাগের বয়স ৫০ বছরের বেশি ছিল। সুতরাং এটা পরিষ্কার যে সামগ্রিক জনসংখ্যার তুলনায় নির্বাচন কর্মীদের মৃত্যু হার বেশি। অব্যাহত বিতর্ক নির্বাচনের দায়িত্বে নিয়োজিত কর্মকর্তাদের যে অবস্থায় কাজ করতে হয়েছে সেটা তীব্র বিতর্কের সৃষ্টি করেছে। নির্বাচনে মৃত্যু নিয়ে ইন্দোনেশিয়ার স্বাস্থ্য মন্ত্রণালয়ের মাধ্যমে প্রকাশিত একটি রিপোর্টে কয়েকটি স্বাস্থ্য পরিস্থিতির তালিকা তৈরি করা হয়। হৃদরোগ, স্ট্রোক, শ্বাসযন্ত্রের সমস্যা, মেনিনজাইটিস এবং সেপিসিসসহ মৃত্যুর জন্য দায়ী বেশ কয়েকটি স্বাস্থ্য শর্তাদি তালিকাভুক্ত করা হয়। ক্লান্তি ও চাপের মুখে যারা হাসপাতালে ভর্তি হয়েছেন, তাদের অনেকেই ভোট গণনা শেষ করার জন্য ২৪ঘন্টা বা তার বেশি সময় ধরে কাজ করেছিলেন। সবকিছু প্রস্তুত হওয়ার কয়েক দিন আগে থেকেও অনেকে কাজ করেছেন। ইন্দোনেশিয়ায় ভোটারের সংখ্যা প্রায় ১৯ কোটি। তাছাড়া এপ্রিলে আবহাওয়াও উষ্ণ ছিল। কর্মকর্তাদের মৃত্যু নিয়ে এই বিতর্কের কারণে এখন থেকে দেশটির যেকোনো নির্বাচনে কর্মকর্তাদের জন্য স্বাস্থ্য পরীক্ষার ব্যবস্থা রাখার সিদ্ধান্ত নেয়া হয়েছে। কাজের মধ্যে নির্দিষ্ট সময় পর পর বিরতি রাখার পাশাপাশি কার্যপ্রবাহের যথাযথ ব্যবস্থাপনার প্রয়োজনীয়তা নিয়েও কথা চলছে। ইন্দোনেশিয়াকে এশিয়ার অন্যান্য গণতান্ত্রিক রাষ্ট্র - যেমন ভারত ও দক্ষিণ কোরিয়ার নির্বাচনের বিষয়গুলোর দিকে নজর দেয়ার পরামর্শ দেয়া হয়েছে।",ইন্দোনেশিয়ার সাধারণ নির্বাচনের পর অতিরিক্ত কাজের চাপে ৫০০-এর বেশি কর্মকর্তা মারা গেছেন এবং প্রায় ২০০০ জন অসুস্থ হয়েছেন। দেশব্যাপী ৭০ লাখ কর্মকর্তা কাজ করলেও ক্লান্তি ও অতিরিক্ত সময় কাজ করায় এই মৃত্যুর সংখ্যা বেড়েছে। বিষয়টি নিয়ে বিতর্ক তৈরি হয়েছে এবং ভবিষ্যতে স্বাস্থ্য পরীক্ষাসহ কর্মীদের জন্য বিরতির ব্যবস্থা করার সুপারিশ করা হয়েছে।  
"বিভিন্ন রকম ওষুধ করোনাভাইরাসের চিকিৎসায় কাজে লাগানোর চেষ্টায় আছেন বিজ্ঞানীরা অক্সফোর্ড বিশ্ববিদ্যালয়ের গবেষকরা পরিকল্পনা করেছেন যে, রোগীদের দেহে করোনাভাইরাস না সংক্রমণের প্রথম লক্ষণগুলো দেখা গেলেই তাদের এমন কিছু ওষুধ দেয়া হবে, যা আগে থেকেই প্রচলিত রয়েছে। বিবিসির বিজ্ঞান সংবাদদাতা পল্লব ঘোষ জানাচ্ছেন, এর উদ্দেশ্য হলো যে এতে রোগীদের হাসপাতালে পাঠানোর প্রয়োজন কমানো যায় কিনা, বা তার সেরে ওঠার প্রক্রিয়া দ্রুততর হয় কিনা - তা দেখা। এ গবেষণার প্রথম পর্বে ব্রিটেনের ডাক্তাররা ম্যালেরিয়া-প্রতিরোধী ওষুধ হাইড্রোক্সিক্লোরোকুইন কার্যকর হয় কিনা তা পরীক্ষা করে দেখবেন। অন্য আরেকটি ওষুধের কথা বিবেচনা করা হচ্ছে - সেটি হলো এ্যাজিথ্রোমাইসিন নামে একটি এ্যান্টিবায়োটিক । এ পরীক্ষার প্রধান অক্সফোর্ড বিশ্ববিদ্যালয়ের অধ্যাপক ক্রিস্টোফার বাটলার বলছেন, তারা সহজপ্রাপ্য ওষুধগুলোর কথাই বিবেচনা করছেন – যাতে এর কার্যকারিতা নিশ্চিত হলেই ডাক্তাররা কয়েক সপ্তাহের মধ্যেই এগুলো ব্যবহার করা শুরু করতে পারেন। পৃথিবীতে এখন বিজ্ঞানীদের প্রায় ৮০টি দল করোনাভাইরাসের টিকা তৈরির জন্য কাজ করছে আমেরিকায় করোনাভাইরাসের ওষুধের খবরে শেয়ারবাজারে চাঞ্চল্য যুক্তরাষ্ট্রে শুক্রবার এক জরিপ রিপোর্টের বরাত দিয়ে খবর বেরোয় যে রেমডেসিভির নামে একটি ওষুধ দিয়ে ১১৩ জন করোনাভাইরাস রোগীকে দ্রুত সারিয়ে তোলা সম্ভব হয়েছে। লন্ডনের দৈনিক দি গার্ডিয়ানে বলা হয়, আমেরিকান ফার্ম জিলেড সায়েন্সেস এই ভাইরাস প্রতিরোধী ওষুধটি তৈরি করেছে এবং তার পরীক্ষায় অংশ নেয় শিকাগো বিশ্ববিদ্যালয়ের একটি হাসপাতাল। এটা দেবার পর দেখা যায়, জ্বর-কাশি-শ্বাসকষ্ট ছিল এমন ১২৫ জন রোগীর মধ্যে ১১৩ জন রোগীই এক সপ্তাহের মধ্যে হাসপাতাল ত্যাগ করেছে। ওষুধটি দেবার পরেও মৃত্যু হয় ২ জনের। জরিপের ফল প্রকাশ করে স্বাস্থ্যসেবাসম্পর্কিত প্রকাশনা স্ট্যাট নিউজ। এর পর ডাউ জোনস, ফুটসি ও স্টক্স সহ ইউরোপ ও আমেরিকার শেয়ারবাজারে দাম প্রায় ৩ শতাংশ বেড়ে যায়। তবে স্ট্যাট নিউজের এক ভিডিওতে একজন বিশেষজ্ঞ কাথলিন মুলেন বলেছেন, এ জরিপ থেকে এখনই কোন সিদ্ধান্ত নেয়া কঠিন। করোনাভাইরাস সংক্রমিতদের মধ্যে গুরুতর উপসর্গ দেখা দেয়া ঠেকাতে পারবে এমন কিছু ওষুধের পরীক্ষা শুরু করেছেন গবেষকরা টিকা উৎপাদনেও অগ্রগতির খবর অন্যদিকে টিকা উৎপাদনের পরীক্ষাতেও কিছু অগ্রগতির খবর পাওয়া যাচ্ছে। ইংল্যান্ডের অক্সফোর্ড বিশ্ববিদ্যালয়ের বিজ্ঞানীরা তো বলছেন, তারা এ বছর সেপ্টেম্বর মাস নাগাদ করোনাভাইরাসের ১০ লক্ষ টিকা তৈরি করবেন। যুক্তরাজ্যের সরকার এ প্রকল্পকে সমর্থন দিলেও তারা অবশ্য সতর্ক প্রতিক্রিয়া জানিয়ে বলেছে যে এর কোন গ্যারান্টি নেই এবং টিকা কখন তৈরি হবে তার কোন তারিখ বলা সম্ভব নয়। তা ছাড়া এ টিকায় কতটা কাজ হবে এটা বলার সময়ও এখনো আসেনি। বেশির ভাগ বিশেষজ্ঞই বলেন একটি টিকা তৈরি এবং উৎপাদন করতে ১২ থেকে ১৮ মাস সময় লাগবে। তবে আসছে সপ্তাহেই অক্সফোর্ডে করোনাভাইরাসের টিকা প্রথমবারের মতো কিছু রোগীর ওপর পরীক্ষা করা হবে। প্রধান গবেষক অধ্যাপক সারাহ গিলবার্ট বলছেন, তিনি ৮০ ভাগ নিশ্চিত যে এ টিকা কার্যকর হবে। টিকাটি কতটা কার্যকর হবে তা জানা যাবে কয়েক মাসের মধ্যেই। অক্সফোর্ডের জেনার ইনস্টিটিউটের অধ্যাপক এ্যাড্রিয়ান হিল বলছেন, এই কোভিড ১৯ মহামারি থামাতে সারা পৃথিবীর কোটি কোটি ডোজ টিকা দরকার হবে – এবং তা লাগবে এ বছর শেষ হবার আগেই। পৃথিবীতে এখন বিজ্ঞানীদের প্রায় ৮০টি দল করোনাভাইরাসের টিকা তৈরির জন্য কাজ করছে। এর মধ্যে বড় বড় ফার্মাসিউটিক্যাল কোম্পানিও আছে। এদের অনেকে মানবদেহের ওপর টিকার পরীক্ষাও শুরু করে দিয়েছে।","অক্সফোর্ডসহ বিভিন্ন গবেষণা সংস্থা করোনার চিকিৎসার জন্য প্রচলিত ওষুধের কার্যকারিতা পরীক্ষা করছে। হাইড্রোক্সিক্লোরোকুইন ও অ্যাজিথ্রোমাইসিনের কার্যকারিতা পরীক্ষা করা হচ্ছে, তবে এখনো নিশ্চিত কিছু বলা হয়নি। অক্সফোর্ড বিজ্ঞানীরা সেপ্টেম্বরের মধ্যে ১০ লাখ টিকা উৎপাদনের পরিকল্পনা করছেন, তবে এটি কার্যকর হবে কি না, তা জানতে কয়েক মাস লাগবে।  "
"জ্যাকি ১২ মাস পরেও কাজে যেতে পারেননি বাচ্চাদের ঘুমের সমস্যার কারণে একজনের বয়স এখন চার বছর, যার ঘুমের সমস্যা ছিল। সেই সময়ে সন্ধ্যা এবং রাত ছিল তার জন্য রীতিমত ভীতিকর। ""তিন মাস বয়সে যখনে শিশুরা একটু একটু করে স্থির হতে থাকে, আমাদের অবস্থা দিনকে দিন হয়ে পড়ছিল আরো খারাপ, তারা একেবারেই ঘুমাতো না"" জ্যাকি বিবিসি টু'র ভিক্টোরিয়া ডার্বিশায়ার প্রোগ্রামকে বলছিলেন। ""একজন আমার সাথে একঘরে, অন্য জন আমার স্বামী জুলিয়ানের সাথে আরেক ঘরে । আমরা দুইজনেই এই দুই বাচ্চাকে ঘুম পাড়ানোর চেষ্টা করতাম""। এটা স্বামী-স্ত্রী দুইজনকেই ঘুম থেকে বঞ্চিত করে তুলতো। ১২ মাস পর জ্যাকি তার নিজের কাজ গ্রাফিক্স ডিজাইনে ফেরত আসতে চাইলো কিন্তু এটা একেবারে পরিষ্কার হয়ে গেল যে সেটা করার আর কোন পথ নেই। ""আমার স্বামীর পক্ষে তার চাকরী ধরে রাখা কঠিন হয়ে পড়ছিল কারণ অবশ্যই সে অবসাদগ্রস্ত থাকতো"" অধ্যাপক হিদার এলপিক বলছিলেন "" যখন ঘুমের প্রসঙ্গ আসে তখন বলা যায় যুক্তরাজ্য একটা গোপন পাবলিক হেলথ ক্রাইসিসের মধ্যবর্তী অবস্থানে আছে""। ""আরো বাচ্চারা আছে যারা ঘুমাতে পারে না এবং আমি মনি করি এটা এমন একটা বিষয় যে বাবা-মায়েরা এই বিষয়টা নিয়ে কথা বলতে চান না""। ""তারা মনে করে মানুষজন হয়ত ভাববে তারা বাচ্চাদের ঠিক মত দেখাশোনা করতে পারে না। তাই তারা কাউকে বলে না এবং কোন সাহায্য চায়না""। আরো পড়ুন: আপনার শিশুর বৃদ্ধির জন্য যা খাওয়াতে পারেন সন্তান পালনের ১৩টি টিপস মেয়ে শিশুর চেয়ে ছেলে শিশু বেশি জন্মায় কেন? অধ্যাপক এলপিক বলছেন বাবা মায়েরা এই সমস্যা নিয়ে কথা বলতে চাননা অধ্যাপক এলপিক শেফিল্ডে ৪০ টা পরিবারকে একত্রিত করে একটা পাইলট প্রকল্প চালু করতে সাহায্য করেন। শেফিল্ডের চিলড্রেন হসপিটাল স্লিপ ক্লিনিক, ইংল্যান্ডের জাতীয় স্বাস্থ্য সেবা সংস্থা আর সাথে লোকাল কাউন্সিলের সাথে নিয়ে শুরু করা এই পদ্ধতির উদ্দেশ্য ছিল শিশুদের ঘুমের প্যাটার্ন উন্নতি ঘটানো। এখন এটা গত এক বছরে শহরটির আটশো শিশুকে সাহায্য করেছে। জ্যাকির বাচ্চাদের একই চিকিৎসা পদ্ধতি দেয়া হয় যদিও তাদের অবস্থা ছিল আরো খারাপ। ক্লিনিকে পদ্ধতিটা শুরু হয় দীর্ঘ মেডিকেল হিস্ট্রি বর্ণনার মধ্যে দিয়ে। যেমন শিশুটির জন্ম থেকে নিয়ে তারা ঘুমানোর পরিবেশের খুঁটিনাটি সব বিষয় থাকে। এই যমজ বাচ্চাদের জন্য এটা বোঝা খুব দরকার ছিল ইস্যুগুলো কোথা থেকে আসছে। ""তারা বারবার অসুস্থ হয়ে যেত এবং হাসপাতালে ভর্তি করতে হতো"" জ্যাকি বলছিলেন ""তাই তাদের প্রথম কয়েক বছর ছিল খুব কঠিন""। নার্সরা পরিবারটির জন্য একটা কঠোর রুটিন তৈরি করে দিল যাতে করে ঠিক সেই সময়টাতে মেয়েরা ঘুমাতে যায়। ""ঘুমাতে যাওয়ার আগে আমরা নীচের তলার বাতি কম করে দিতাম। তারপর টিভি, রেডিও এবং সব ধরণের স্ক্রিন বন্ধ করে দিতাম। এরপর আমরা রঙ করা, ছবি আঁকা, খেলা তৈরি করা -যেকোনো কিছু যেটা চোখ এবং হাতের সমন্বয়ে করতে হয় সেসব করতাম"" বলছিলেন জ্যাকি। ""তারপর আমরা উপরে যেতাম, গোশল করাতাম এবং সরাসরি বিছানায় যেতাম।"" ""আমরা এটা একদম একই রুটিন প্রতিদিন অনুসরণ করতাম। এমনকি আমরা যখন তাদের শুভরাত্রি বলতাম একই শব্দ ব্যবহার করতাম ধারাবাহিকভাবে""। বিবিসি বাংলার অন্যান্য খবর: বাংলাদেশে নিরাপত্তা হেফাজতে যত ধরণের নির্যাতন এডিস মশা সম্পর্কে যেসব তথ্য জেনে রাখা ভাল কলকাতা যেভাবে ডেঙ্গু নিয়ন্ত্রণে সফল ভারতীয় পর্যটকরা কি দুনিয়ায় দেশের নাম ডোবাচ্ছেন? জেনি তার ছেলে নোয়ার সাথে ভালো সম্পর্ক ইংল্যান্ডের জাতীয় স্বাস্থ্য সেবার তথ্য অনুযায়ী এই পদ্ধতি শেফিল্ডে শিশুদের আরো দুই ঘণ্টা ৪০ মিনিট ঘুম বাড়িয়ে দিয়েছে। আর আগে তারা ঘুমাতে যে দুই ঘণ্টা সময় লাগতো এখন সেটা ৩০ মিনিটে নেমে এসেছে। বাবা-মা এবং যারা বাচ্চাদের যত্ন নিতেন তারা বলছেন তাদের জীবনমানের উন্নতি হয়েছে। এছাড়া তাদের বাচ্চাদের সাথে একটা ভালো সম্পর্ক তৈরি হয়েছে। শিশুদের ঘুমের সমস্যা থাকতে পারে । যেমন এটেনশন ডিফিসিট হাইপারএকটিভিটি ডিসঅর্ডার। জেনি লুইস তার ছেলে নোয়া কে নিয়ে এই সমস্যায় পড়েছিলেন। তিনি বলছিলেন "" মধ্যরাতে আমার ছেলে হয় কলিং-বেল বাজাবে যাতে করে আমি জেগে উঠি। এতেও যদি কাজ না হয় তাহলে আমার বিছানার পাশে এসে জোরে চিৎকার করবে""। জেনি বলছিলেন "" সেই সময় আপনি জেগে উঠবেন এবং আমার মনে হয় আমি জানি না এটা কোন সময়? আমি জানি না এটা রাত না দিন এমনকি আমি এটাও মনে করতে পারি না যে আমি কোথায় আছি""। নোয়ার অল্প বয়সে কিছু স্বাস্থ্যগত সমস্যা ছিল। নোয়ার ঘুমানোর প্যাটার্ন পরীক্ষা করছেন ডাক্তাররা নোয়ার এখন বিছানায় যাওয়ার একটা রুটিন আছে। সে এই চিকিৎসার অংশ হিসেবে ঘুম গবেষণার মধ্যে ছিল, ডাক্তাররা তাকে পর্যবেক্ষণ করতো। তার সমস্যার নাম প্যারাসোমনিয়া। এই অবস্থায় একজন ঘুম বিঘ্ন ঘটে যেটা ঘুমের মধ্যে হাটা, কথাবলা ইত্যাদি করতে পারে। নোয়ার জন্য এর মানে হল সে যা কিছু করতো সব কিছু করতো ঘুমের মধ্যে। তারা এখনো চিকিৎসা নিচ্ছেন কিন্তু পরিস্থিতি আগের চেয়ে ভালোর দিকে যাচ্ছে। এদিকে জ্যাকির বাচ্চাদের ক্লিনিক থেকে বলা হয়েছে তারা একদম ভালো আছে এখন। তিনি বলছিলেন ""সেই সব রাতের কথা এখন আমি আর মনে করতে বা এনিয়ে আর কথা বলতে চাই না""।","যুক্তরাজ্যে শিশুদের ঘুমের সমস্যা একটি জনস্বাস্থ্য সংকট হয়ে উঠেছে। গবেষণায় দেখা গেছে, সঠিক রুটিন ও চিকিৎসার মাধ্যমে শিশুদের ঘুমের অভ্যাস উন্নত করা সম্ভব। বিশেষজ্ঞরা নিয়মিত ঘুমানোর সময় নির্ধারণ, স্ক্রিন টাইম কমানো এবং শান্ত পরিবেশ তৈরির পরামর্শ দিচ্ছেন।  "
"জাতীয় পার্টির একজন এমপিকে শোকজ করেছেন মহাসচিব, জিএম কাদের বলছেন এসব তার জানা নেই এদেরই একজন হলেন ঢাকা বিশ্ববিদ্যালয়ের সাবেক অধ্যাপক মাসুদা এম রশীদ চৌধুরী। সম্প্রতি তাকে কারণ দর্শানোর নোটিশ দিয়েছেন দলটির মহাসচিব মসিউর রহমান রাঙ্গা। আর নোটিশকে কেন্দ্র করেই দলটির মধ্যে দ্বন্দ্ব-কোন্দল আবারো চাঙ্গা হয়ে উঠেছে। বিবিসি বাংলাকে মিস্টার রাঙ্গা বলছেন, মনোনয়ন দেয়ার সময় মাসুদা এম রশীদ চৌধুরী অঙ্গীকার করেছিলেন যে তিনি চট্টগ্রামে দলকে সুসংগঠিত করতে ভূমিকা রাখবেন, সেখানে অফিস নেবেন, দল চালাবেন। কিন্তু তিনি তা করেননি। ""এছাড়া দলের প্রেসিডিয়াম সদস্য হিসেবে তার চাঁদা দেয়ার কথা। তাও দিচ্ছেন না তিনি। যাদের চাঁদা বাকী আছে তাদের সবাইকেই চিঠি দেয়া হবে। উনাকে দশ দিন সময় দেয়া হয়েছে। উনার জবাব পেলে ব্যবস্থা নেয়া হবে।"" তবে ৭২ বছর বয়সী মিস চৌধুরীর পক্ষে তার ছেলে বলেছেন, প্রতিষ্ঠাকাল থেকে তার মা জাতীয় পার্টির রাজনীতির সাথে জড়িত। এখন দলের মধ্যে তিনি জি এম কাদেরর পক্ষে অবস্থান নেয়ার কারণেই তাকে হেয় করার চেষ্টা চলছে বলে মনে করছেন তারা। বিবিসি বাংলায় আরও পড়ুন: জাতীয় পার্টির নেতৃত্ব নিয়ে টানাপড়েনের পেছনে কারণ কী নেইমারের বিরুদ্ধে যৌন হয়রানির অভিযোগ ধর্ষণের বিরুদ্ধে রুখে দাঁড়ানো শেখাচ্ছেন যে নারী কী আছে শোকজ নোটিশে? মহাসচিব মসিউর রহমান রাঙ্গা স্বাক্ষরিত কারণ দর্শানোর নোটিশের বিষয় হিসেবে বলা হয়েছে: 'সংসদ সদস্য (সংরক্ষিত) হওয়ার পর অঙ্গীকার ভঙ্গের নোটিশ প্রসঙ্গে'। মাসুদা এম রশীদ চৌধুরী উল্লেখ করে লেখা এ চিঠির একাংশে লেখা হয়েছে, ""জাতীয় পার্টির শীর্ষ স্থানীয় নেতৃবৃন্দের ফোরামে কিছু শর্ত সাপেক্ষে আপনাকে মনোনয়ন দেয়া হয়। ... কিন্তু দুঃখের বিষয় আপনার অঙ্গীকারগুলো আপনি যথাযথভাবে পালন করেননি। অন্যদিকে প্রেসিডিয়াম সদস্য হিসেবে আপনার মাসিক চাঁদা দুই বছর যাবত পরিশোধ করেননি।এ অবস্থা দল থেকে কেনো আপনাকে অব্যাহতি দেয়া হবেনা - তা আগামী দশ দিনের মধ্যে লিখিতভাবে জমা দিতে অনুরোধ করা হলো।"" যদিও মাসুদা এম রশীদ চৌধুরী বলছেন, তিনি কোন চিঠি পাননি। এইচ এম এরশাদ এখন অসুস্থ, দলের ভবিষ্যত নেতা হিসেবে জিএম কাদেরের নাম ঘোষণা করেছেন কী অঙ্গীকার করেছিলেন জাতীয় পার্টির এমপিরা? মসিউর রহমান রাঙ্গা বিবিসি বাংলাকে বলছেন, এলাকায় সংগঠনকে শক্তিশালী করা বা সংগঠনের কাজ করার কথা ওই চিঠিতে বোঝানো হয়েছে। তার মতে, এখানে আর গোপন কোন অঙ্গীকার ছিলো না। মাসুদা এম রশীদ চৌধুরীর পক্ষে তার ছেলে সানজিদ রশীদ চৌধুরী বিবিসি বাংলাকে বলেন, দলের একটি মহল তার মাকে হেয় করতে চাইছে। ""দলের রাজনীতিতে আমার মা জি এম কাদেরের অনুসারী। এ কারণেই একটি গোষ্ঠী তাকে নিয়ে ষড়যন্ত্র শুরু করেছে। আমরা আইনগত পদক্ষেপ নিবো।"" মসিউর রহমান রাঙ্গা বলছেন, মাসুদা এম রশীদ চৌধুরীর জবাবের অপেক্ষায় আছেন তারা। ""তার ছেলের কথা আমাদের কাছে গ্রহণযোগ্য নয়। তিনি জাতীয় পার্টির কেউ নন। যাকে শোকজ করা হয়েছে তিনি জাতীয় পার্টির এমপি। তিনি যে জবাব দেবেন সেটিই আমরা বিবেচনায় নিবো।"" কিন্তু এমপি হিসেবে মনোনয়ন দেয়ার ক্ষেত্রে আর কোন গোপন বিষয় ছিলো কি-না এমন প্রশ্নের জবাবে তিনি বলেন, রাজনৈতিক বিষয়ের বাইরে আর কোন চুক্তি বা অঙ্গীকার নেই। তিনি জানান, দল চালাতে অর্থ প্রয়োজন হয় এবং নেতাদের সবার তাই দলীয় চাঁদা পরিশোধ করার কথা। এটি যারা করেননি সবাইকেই নোটিশ পাঠানো হবে। প্রসঙ্গত, একাদশ সংসদ নির্বাচনের আগে জাতীয় পার্টির মনোনয়ন প্রক্রিয়া নিয়ে ব্যাপক ক্ষোভ বিক্ষোভ হয়েছিলো। দলটির নেতাদের অনেকেই প্রকাশ্যে মনোনয়নের জন্য টাকা দিয়েও মনোনয়ন পাননি বলে অভিযোগ করেছিলেন। পরে সংরক্ষিত নারী আসনের ক্ষেত্রেও একই অভিযোগের মুখে পড়েছিলো জাতীয় পার্টি। শোকজ নোটিশ, 'গোপন চুক্তি'- কী বলছেন জি এম কাদের জাতীয় পার্টির ভবিষ্যৎ নেতা হিসেবে ইতোমধ্যেই জি এম কাদেরের নাম ঘোষণা করেছেন দলের চেয়ারম্যান এইচ এম এরশাদ। মিস্টার কাদের বলছেন, এমপি হওয়ার জন্য কোন শর্ত দেয়া বা এ ধরণের বিষয় উল্লেখ করে চিঠি দেয়ার বিষয়ে তার কিছু জানা নেই। ""কেউ যদি এ ধরণের শর্তযুক্ত চিঠি দিয়ে থাকে আর কেউ যদি সেটি গ্রহণ করে সেটি তাদের বিষয়। এখানে জাতীয় পার্টির কোনো দায় নেই। কারণ আইন বহির্ভূত কোন প্রক্রিয়া আমাদের দল অনুসরণ করে না।"" মিস্টার কাদের বলেন, নেতা-কর্মীদের দলীয় মাসিক ফি প্রদানের বিষয়ে একটি চিঠির কথা তিনি শুনেছেন, তবে এতে অন্য কোন বিষয় ছিল কি-না সেটি তিনি জানেন না। নারী আসনে মনোনয়ন পেতে কোন বিশেষ অঙ্গীকার করতে হয়েছিলো কি-না এমন প্রশ্নের জবাবে দলটির আরেকটি এমপি রওশন আরা মান্নান বলছেন, তারা এসব বিষয়ে কোন মন্তব্য না করার জন্য 'ওয়াদাবদ্ধ'। ""অনেক ধরণের ব্যাপার থাকে দলের মধ্যে। এসব বলা যাবেনা। অনেক কিছুই দলকে বিবেচনা করতে হয়। আর নেতা-কর্মীদেরও এমপি হবার শখ থাকে। এর বাইরে আর কিছু বলা যাবে না।""","জাতীয় পার্টির এমপি মাসুদা এম রশীদ চৌধুরীকে শোকজ করা হয়েছে দলীয় চাঁদা না দেওয়া ও সাংগঠনিক কার্যক্রমে অংশ না নেওয়ার অভিযোগে। তবে তার অনুসারীরা দাবি করছেন, তিনি জিএম কাদেরের পক্ষে থাকায় ষড়যন্ত্রমূলকভাবে তাকে হেয় করা হচ্ছে। দলীয় বিভক্তি নিয়ে জাতীয় পার্টির মধ্যে নতুন করে উত্তেজনা দেখা দিয়েছে।  "
"২০১৭ সালে ফুসফুসে টিউমার ধরা পড়ে শার্লি হেলারের যুক্তরাজ্যের অভিনেত্রী শার্লি হেলারকে যখন চিকিৎসকরা কয়েকমাসের আয়ু বেধে দেন, তখন তিনি নিজের অন্ত্যেষ্টিক্রিয়ার জন্য ওই তহবিল তোলা শুরু করেছিলেন। গত অক্টোবরে বুকে ব্যথা শুরু হয়ে চিকিৎসকের কাছে গেছে চিকিৎসকরা তাকে জানান, তিনি আর মাত্র পাঁচ সপ্তাহ বেঁচে আছেন। এরপর নিজের শেষকৃত্যানুষ্ঠান আয়োজনের জন্য তহবিল সংগ্রহের ওই কাজ শুরু করেন তিনি। এর কারণ হিসাবে অভিনেত্রী শার্লি বলেছিলেন, তার ১৬ বছর বয়সে ভাইকে হারিয়েছে পরিবার। ''সুতরাং কোন বাবা-মায়ের ক্ষেত্রে এমন হওয়া উচিত না যে, তাদের সব সন্তানের অন্ত্যেষ্টিক্রিয়ার কাজ তারা করবেন।'' ওয়েব ভিত্তিক নেটফ্লিক্সে সম্প্রতি মুক্তি পাওযা 'আউট'ল কিং' চলচ্চিত্রে তিনি একজন গ্রামবাসীর চরিত্রে অভিনয় করেছিলেন। তার আশা ছিল, সেটির সম্প্রচার তিনি দেখে যেতে পারবেন। কিন্তু চলচ্চিত্রটি মুক্তির দুইদিন আগে, বুধবার তিনি মারা যান। তার তহবিল সংগ্রহের পাতায় একটি বিবৃতিতে বলা হয়েছে, ''চিকিৎসাধীন থাকা অবস্থায় মিস হেলার ঘুমের ভেতরেই মারা গেছেন।'' ''সবার সহায়তা এবং অনুদানের জন্য শার্লি সবার কাছে কৃতজ্ঞ ছিল, যা তার শেষ সপ্তাহগুলোকে চমৎকার করে তুলেছিল।'' আরো পড়তে পারেন: নির্বাচনের তারিখ পেছালো কমিশন সিট ভাগাভাগি - কতটা ভোগাতে পারে বিএনপিকে? যে বাঙালী 'ভদ্রলোক'রা বিশ্বযুদ্ধে গিয়েছিলেন কোথায় শিক্ষকরা সবচেয়ে মর্যাদা পান, কোথায় পান না নিজের অভিনয় করা চলচ্চিত্র মুক্তির আশা থাকলেও, সেটি দেখে যেতে পারেননি মিস হেলার ২০১৭ সালে প্রথম ফুসফুসে টিউটার ধরা পড়ে শার্লি হেলারের। তবে এ বছরের সেপ্টেম্বরে তিনি বলেছিলেন, টিউমারটি নিশ্চিহ্ন হয়ে যাচ্ছে এবং তিনি খুব তাড়াতাড়ি নিউক্যাসল যেতে পারবেন, যেখানে তিনি একজন বসবাস করতেন। মৃত্যুর কিছুদিন আগে মিস হেলার বলেছিলেন, '' আমার বাবা-মা এর আগেই একটি সন্তান হারিয়েছে-১৯৯৯সালে আমার ভাই মারা গেছে। সুতরাং এর ধরণের দুঃখের ঘটনা তাদের জন্য আগেও ঘটেছে।'' অন্ত্যেষ্টিক্রিয়ার জন্য তহবিল সংগ্রহের উদ্যোগ সম্পর্কে তিনি বলেছেন, ''তারা আবার একই ধরণের পরিস্থিতিতে পড়বে, এটা ভাবতেই আমার খারাপ লাগছে। কারো নিজের অন্ত্যেষ্টিক্রিয়ার পরিকল্পনা করা হয়তো উচিত নয়, কিন্তু আমি তাদের ওপর সেই চাপ কমিয়ে দিতে পারি, এবং আমার বাবা-মায়ের জন্য আরেকটু সহজ করে দিতে পারি, আমি অবশ্যই তা করবো।'' ৩০০ জনের বেশি মানুষ তার অন্ত্যেষ্টিক্রিয়ার জন্য ৬৯৫৬ পাউন্ড দিয়েছেন, যা দিয়ে শার্লি হেলারের বাবা-মা, এলিজাবেথ এবং গর্ডন অন্ত্যেষ্টিক্রিয়ার ব্যয়ভার বহন এবং স্কটল্যান্ডে আসার খরচ বহন করতে পারবেন। মৃত্যুতে যেমন অনেক দাতা শোক জানিয়েছেন,আবার অনেকে অন্ত্যেষ্টিক্রিয়ায় যেকোনো সহায়তা করার আগ্রহ প্রকাশ করেছেন। একজন দাতা, মার্টিন রবসন মিস হেলারকে চিনতেন না। কিন্তু লিখেছেন: ''আমি তোমার কথা শুনেছি রেডিও নিউক্যাসলে, এবং তোমার জন্য খুবই খারাপ লাগছে। তোমার ক্যান্সারের কথা শুনে আমার কান্না পেয়েছে। তবে তুমি খুবই সাহসী ছিলে। আশা করি, যেরকম শেষকৃত্যানুষ্ঠান তুমি আশা করেছো, এই অর্থে তেমনটাই তুমি পাবে।''","যুক্তরাজ্যের অভিনেত্রী শার্লি হেলার ক্যান্সারে আক্রান্ত হয়ে মৃত্যুর আগে নিজের অন্ত্যেষ্টিক্রিয়ার জন্য তহবিল সংগ্রহ করেছিলেন। তার পরিবারের আগেও একজন সন্তান হারানোর অভিজ্ঞতা থাকায় তিনি চেয়েছিলেন, তার অন্ত্যেষ্টিক্রিয়ার খরচ বাবা-মার ওপর যেন না পড়ে। তিনি চলচ্চিত্র *Outlaw King*-এ অভিনয় করলেও মুক্তির আগেই মারা যান।  "
"বারাণসীতে কাশী বিশ্বনাথ মন্দিরের চূড়া, গঙ্গার বুক থেকে একজন হিন্দু আইনজীবীর আবেদনের পরিপ্রেক্ষিতে আদালত বলেছে, কোনও মন্দির ভেঙে ওই মসজিদ নির্মিত হয়েছিল কি না ভারতের প্রত্নতত্ত্ব বিভাগ তা সমীক্ষা করে দেখবে এবং সমীক্ষার খরচ উত্তরপ্রদেশ সরকারকে বহন করতে হবে। কিন্তু ভারতের মুসলিম নেতারা অনেকেই মনে করছেন কোর্টের এই রায় অসাংবিধানিক এবং প্রত্নতত্ত্ব বিভাগের ভূমিকাও আগে থেকেই প্রশ্নবিদ্ধ। এই রায় অযোধ্যার পর ভারতে আর একটি মন্দির-মসজিদ বিবাদ নতুন করে উসকে দেবে বলেও অনেক পর্যবেক্ষক আশঙ্কা করছেন। ভারতের সুপ্রাচীন শহর বারাণসী বা কাশী, যা এখন প্রধানমন্ত্রী নরেন্দ্র মোদীর সংসদীয় কেন্দ্রও বটে, সেখানে হিন্দুদের কাশী বিশ্বনাথ মন্দির ও মুসলিমদের জ্ঞানবাপী মসজিদ পাশাপাশি দাঁড়িয়ে আছে বেশ কয়েকশো বছর ধরে। জ্ঞানবাপী মসজিদ ও কাশী বিশ্বনাথ মন্দিরের মাঝে অভিন্ন দেওয়াল দুই ধর্মের এই দুটি উপাসনালয়ের মাঝে অভিন্ন দেওয়াল পর্যন্ত আছে। হিন্দুরা অনেকে বিশ্বাস করেন, মুঘল বাদশাহ আওরঙ্গজেবের হুকুমেই দুহাজার বছরের প্রাচীন কাশী বিশ্বনাথ মন্দিরের একটা অংশ ভেঙে ফেলে মসজিদ নিমির্ত হয়েছিল। সেই জমি হিন্দুদের ফিরিয়ে দেওয়ার দাবিতেই বছরদেড়েক আগে আদালতে পিটিশন দাখিল করেন আইনজীবী বিজয়শঙ্কর রাস্তোগি। মি রাস্তোগি বলছেন, ""পুরো জ্ঞানবাপী পরিসর জুড়েই আগে স্বয়ম্ভূ বিশ্বেশ্বর শিবের জ্যোতির্লিঙ্গ মন্দির ছিল।"" ""ধর্মীয় বিদ্বেষের কারণে ১৬৬৯ সালে বাদশাহ আওরঙ্গজেব সেই মন্দির ভেঙে ফেলার ফরমান জারি করেন, তবে সেই ফরমানেও কোথাও মসজিদ গড়ার কথা বলা ছিল না।"" আরও পড়তে পারেন: মুঘল জমানাকে অস্বীকার করে কী প্রমাণ করতে চান আদিত্যনাথ? ভারতে মুঘল ইতিহাস বাদ, এসেছে হিন্দু শাসকদের কথা সম্রাট আওরঙ্গজেব কি সত্যিই হিন্দু বিদ্বেষী ছিলেন? বারাণসীতে প্রধানমন্ত্রী মোদীর জন্মদিন উদযাপন। গত সাত বছর ধরে বারাণসী মোদীর সংসদীয় আসন সিভিল কোর্ট তার দাবির পরিপ্রেক্ষিতে এখন রায় দিয়েছে, প্রত্নতত্ত্ব বিভাগের পাঁচ সদস্যের একটি কমিটি মসজিদ চত্ত্বরের ভেতর সমীক্ষা চালিয়ে দেখবে সেখানে আগে কোনও মন্দির ছিল কি না - আর সেই কমিটির দুজন সদস্য হতে হবে মুসলিম। কিন্তু জ্ঞানবাপী মসজিদ কর্তৃপক্ষ আদালতের কাছ থেকে এ ধরনের রায় আশা করেননি। সুন্নি ওয়াকফ বোর্ডের সদস্য মহম্মদ তৌহিদ খানের কথায়, ""সাক্ষ্যপ্রমাণ সংগ্রহের জন্য প্রত্নতত্ত্ব বিভাগের সার্ভে কমিশনকে দায়িত্ব দেওয়ার নির্দেশ এই পর্যায়ে সমীচিন হয়নি বলেই আমরা মনে করি।"" ""তবু আদালতের রায়কে আমরা সম্মান করব, এবং সামনে যে ধরনের আইনি পদক্ষেপ নেওয়া দরকার সেটাও নেব।"" অল ইন্ডিয়া মুসলিম পার্সোনাল ল বোর্ডের সদস্য জাফরইয়াব জিলানিও প্রশ্ন তুলেছেন, জ্ঞানবাপী মসজিদ নিয়ে একটি মামলা যখন এলাহাবাদ হাইকোর্টে বিচারাধীন আছে এবং হাইকোর্ট সেখানে তাদের রায় মুলতুবি রেখেছেন - সেখানে কীভাবে সিভিল জজ এই আদেশ দিতে পারেন? তা ছাড়া ভারতে ১৯৯১ সালে পাস হওয়া ধর্মীয় উপাসনালয় আইনও বলে, অযোধ্যা ছাড়া দেশের সব ধর্মীয় উপাসনালয়ে স্থিতাবস্থা বজায় রাখতে হবে। বারাণসী সিভিল কোর্টের নির্দেশ সেই রায়েরও লঙ্ঘন বলে অনেকে মনে করছেন। দেশের বিশিষ্ট ইতিহাসবিদ মৃদুলা মুখার্জি যেমন বিবিসিকে বলছিলেন, ""ওই আইনটাতে পরিষ্কার লেখা আছে দেশের সব ধর্মস্থানে যেভাবে উপাসনা চলছে সেটাকে কেউ বদলাতে পারবে না।"" ""শুধু অযোধ্যায় রামমন্দির-বাবরি মসজিদ প্রাঙ্গণকে সেই আইনের আওতার বাইরে রাখা হয়েছিল।"" ""কিন্তু আমরা জানি, রাজনীতির অঙ্ক অন্য হিসেবে চলে। ফলে বিজেপি-আরএসএস বা তাদের সমর্থক উগ্রপন্থী গোষ্ঠীগুলি এটাকে রাজনীতিতে কীভাবে ব্যবহার করবে সেটা তো বলা যায় না"", মন্তব্য ড: মুখার্জির। হায়দ্রাবাদের প্রভাবশালী এমপি আসাদউদ্দিন ওয়াইসি-ও এই রায়ের বৈধতা নিয়ে সন্দিহান। তিনি টুইট করেছেন ""ভারতের প্রত্নতত্ত্ব বিভাগ আগেও বহু হিন্দুত্ববাদী মিথ্যার ধাত্রী হিসেবে কাজ করেছে - তাদের কাছ থেকে কোনও নিরপেক্ষতা আশা করা যায় না।"" ভারতের সুপরিচিত ইসলামী পন্ডিত আতিকুর রেহমানও বলছেন, ""পঞ্চাশ বা ষাটের দশকেই কাশী বিশ্বনাথ মন্দির ট্রাস্ট ও জ্ঞানবাপী মসজিদ কর্তৃপক্ষের মধ্যে যে সমঝোতা হয়েছিল এই রায় তার লঙ্ঘন।"" কাশীতে জ্ঞানবাপী মসজিদের মিনার, গঙ্গাবক্ষ থেকে। শিল্পী রবার্ট এলিয়টের স্কেচ ""তা ছাড়া নানি পাল্কিওয়ালার মতো কিংবদন্তী আইন-বিশেষজ্ঞ অযোধ্যা মামলার শুনানিতেই বলেছিলেন আদালত আইনের প্রশ্ন নিয়ে মাথা ঘামাবে - প্রত্নতত্ত্ব বা ইতিহাসের ভেতর ঢোকার এক্তিয়ার কিন্তু তাদের নেই।"" ""আর অযোধ্যায় প্রত্নতত্ত্ব বিভাগের নাটক তো আমরা এর মধ্যেই দেখে ফেলেছি"", বলছেন আতিকুর রেহমান। ভারতে রামমন্দির আন্দোলনের সময় হিন্দুত্ববাদী গোষ্ঠীগুলোর খুব জনপ্রিয় স্লোগান ছিল, ""ইয়ে তো সির্ফ ঝাঁকি হ্যায়, কাশী-মথুরা বাকি হ্যায়!"" যাতে প্রচ্ছন্ন হুঙ্কার ছিল, অযোধ্যায় মসজিদ ভেঙে রামমন্দির গড়ার পর তারা কাশী-মথুরাতেও মসজিদ দখলের অভিযানে নামবে। জ্ঞানবাপী মসজিদের ভেতরে সার্ভের নির্দেশে সেই হুমকি বাস্তবায়নেরই চেষ্টা দেখতে পাচ্ছেন অনেক পর্যবেক্ষক। ভারতের নামী সম্পাদক ও সাংবাদিক শেখর গুপ্তা এদিন তার নিয়মিত কলামে এমনও মন্তব্য করেছেন, ভারতে অযোধ্যা বিতর্কের আর পুনরাবৃত্তি হবে না, সেই আশাতেও জল ঢেলে দিয়ে দেশের ভবিষ্যতের অগ্রযাত্রাকে অনিশ্চিত করে তুলতে পারে জ্ঞানবাপী মসজিদ নিয়ে কোর্টের এই বিতর্কিত রায়।","ভারতের বারাণসীতে জ্ঞানবাপী মসজিদের জায়গায় আগে হিন্দু মন্দির ছিল কি না, তা নির্ধারণে প্রত্নতাত্ত্বিক জরিপের নির্দেশ দিয়েছে আদালত। মুসলিম নেতারা এই আদেশকে অসাংবিধানিক ও সাম্প্রদায়িক উত্তেজনা উসকে দেওয়ার অভিযোগ করেছেন। অযোধ্যার রামমন্দির-বাবরি মসজিদের পর এটি ভারতে নতুন ধর্মীয় বিতর্ক তৈরি করতে পারে।  "
"১৭ই মার্চ থেকে থেকে স্কুলগুলোয় কোন ক্লাস-পরীক্ষা চলছে না তারা বলছেন, এমন পরিস্থিতি একদিকে যেমন তাদের সঠিক মানসিক বিকাশে প্রতিবন্ধকতা সৃষ্টি করতে পারে অন্যদিকে নিয়মতান্ত্রিক জীবনে অনভ্যস্ত হওয়ার প্রবণতা তৈরি হতে পারে শিশুদের মধ্যে। করোনাভাইরাস মহামারির কারণে চলতি বছরের ১৭ই মার্চ শিক্ষা প্রতিষ্ঠান বন্ধ ঘোষণা করা হয়। এর পর দফায় দফায় শিক্ষা প্রতিষ্ঠানের ছুটি বাড়ানো হয়েছে। সবশেষ গত ১৮ই ডিসেম্বর শিক্ষা মন্ত্রণালয় জানায় যে, আগামী ১৬ই জানুয়ারি পর্যন্ত সব ধরণের শিক্ষা প্রতিষ্ঠান বন্ধ থাকবে। এর মধ্যে অনেক শিক্ষা প্রতিষ্ঠানই অনলাইনে ক্লাস পরিচালনা করছে। চিকিৎসা মনোবিজ্ঞানীরা আশঙ্কা প্রকাশ করে বলছেন, অনলাইন ক্লাসের কারণে শিশুদের মোবাইল এবং ইন্টানেটের প্রতি আসক্তি বাড়তে পারে। মহিলা ও শিশু বিষয়ক মন্ত্রণালয়ের ন্যাশনাল ট্রমা কাউন্সিল সেন্টারের ক্লিনিক্যাল সাইকোলজিস্ট ইসরাত শারমিন রহমান বলেন, অনেক বাবা-মাই তাদের কাছে আসছেন যারা বলছেন যে, প্রযুক্তি আসক্তি বাড়ছে। আরো পড়ুন: এছাড়াও সন্তানদের মধ্যে আরো অনেক আচরণগত নানা পরিবর্তন লক্ষ্য করার কথা বলছেন বাবা মায়েরা। রাজধানীর মিরপুর এলাকার বাসিন্দা নুরুন্নাহার লাকী। তার দুই সন্তান স্কুলে পড়ে। তিনি অনেকটা অভিযোগের সুরেই বলেন, করোনা ভাইরাসের কারণে স্কুল বন্ধ থাকায় সারাক্ষণই বাসায় থাকছে তার সন্তানেরা। আসক্ত হয়ে পড়ছে মোবাইল এবং ইন্টারনেটের প্রতি। মনোযোগ হারাচ্ছে পড়াশুনার ক্ষেত্রেও। নুরুন্নাহার লাকী বলেন, ""সারাক্ষণই ওদের মাথায় থাকে যে কখন মোবাইলটা নিয়ে গেমস খেলতে বসবে। পড়াশুনার কথা বললে সেখানে কোন কান দেয় না।"" করোনাভাইরাস সংক্রমণের কারনে স্কুল বন্ধ থাকায় বাসায় বন্দি শহরের শিক্ষার্থীরা। কিছু কিছু শিক্ষা প্রতিষ্ঠান অনলাইনে ক্লাস পরিচালনা করলেও বেশিরভাগগুলোই রয়েছে বন্ধ। যার কারণে অনেকটা ঘরবন্দী রয়েছে শিশুরা। রাজধানীর মনিপুর উচ্চ বিদ্যালয় নামে একটি স্কুলের ষষ্ঠ শ্রেণীর শিক্ষার্থী সুমাইয়া রাইদা। স্কুল বন্ধ থাকায় ঘরে থাকতে থাকতে বিরক্ত হয়ে পড়েছে সুমাইয়া। দ্রুত স্কুলে ফিরতে সে উদগ্রীব। ""বিরক্ত লাগে এখন। ফোন নিয়ে বসে থাকতে হয়। মোবাইলে এডিক্টেড হয়ে গেছি। কম্পিউটার দেখি, ল্যাপটপ দেখি, গান শুনি, পড়াশোনা অবশ্য হচ্ছে না।"" বাবা-মায়েরা বলছেন, শিশুরা বাসায় থাকলেও নিয়মতান্ত্রিক জীবনে আর অভ্যস্ত নয় তারা। মহিলা ও শিশু বিষয়ক মন্ত্রণালয়ের ন্যাশনাল ট্রমা কাউন্সিল সেন্টারের ক্লিনিক্যাল সাইকোলজিস্ট ইসরাত শারমিন রহমান বলেন, হঠাৎ করে জীবনযাপনের পরিবর্তন শিশুদের উপর প্রভাব ফেলে। ""অনেক সময় আমরা দেখি যে, অনেকের আচরণগত সমস্যা হচ্ছে, অনেকে প্রচণ্ড জেদ করছে, ইমোশনাল রিঅ্যাকশন হচ্ছে, কান্নাকাটি করছে কেউ কেউ, কেউ হয়তো জেদ করে কোন কাজ করা বন্ধ করে দিচ্ছে, ইন্টারনেট ও মোবাইল ব্যবহার বাড়ছে,"" বলেন তিনি। তিনি বলেন, বয়সে কিছুটা বড় বা কিশোরদের মধ্যে এই প্রতিক্রিয়া কিছুটা ভিন্ন হচ্ছে। ""একটু বড়রা পরিবারের অন্যদের সাথে দূরত্ব তৈরি করছে, আইসোলেটেড হয়ে আছে, তারা তাদের রুমেই বেশি সময় কাটাচ্ছে, এই বিষয়গুলো হচ্ছে।"" মনোবিজ্ঞানীরা বলছেন, এ ধরণের আচরণগত পরিবর্তন শিশুদেরকে মহামারি পরবর্তী জীবনেও তাদের খাপ-খাইয়ে নিতে অসুবিধার সৃষ্টি করবে। স্কুলে একটানা দীর্ঘ অনুপস্থিতির কারণে শিক্ষার্থীদের মধ্যে নানা সমস্যা হতে পারে বলে আশংকা করা হচ্ছে। তিনি বলেন, শিক্ষা প্রতিষ্ঠান খুললেও সেখানে অন্য শিশুদের সাথে খাপ খাওয়ানো এবং শ্রেনীকক্ষে মনোযোগ বজায় রাখা কষ্টকর হবে শিশুদের জন্য। ""বছর খানেক ধরে বাচ্চারা যদি একটা রুটিনে অভ্যস্ত হয়ে যায়, তারপর যদি আবার আগের অবস্থায় ফিরে যায়, সেখানে কিন্তু তাকে খাপ-খাওয়াতে বেগ পেতে হবে।"" তিনি বলেন, ""কারণ তখন তারা একা থাকতে থাকতে অভ্যস্ত হয়ে পড়বে। অনেকেই তখন স্কুলে যেতে চাইবে না, বন্ধুদের সাথে মেলামেশা এবং সামাজিকীকরণেও এক ধরণের সমস্যা তৈরি হতে পারে।"" সমাজবিজ্ঞানীরা বলছেন, করোনাভাইরাসের কারণে পরিবর্তিত পরিস্থিতিতে শিশুদের মানসিক এবং সামাজিক উন্নয়ন ও বিকাশে বাবা-মাকেই সবচেয়ে বেশি ভূমিকা পালন করতে হবে। ঢাকা বিশ্ববিদ্যালয়ের সমাজবিজ্ঞান বিভাগের শিক্ষক অধ্যাপক ড. ফাতেমা রেজিনা বলেন, একদিকে তাদেরকে যেমন পাশে থাকতে হবে, অন্যদিকে শিশুরা যাতে পরিবারে থেকেই নিয়মতান্ত্রিক জীবনে অভ্যস্ত থাকে সেটি নিশ্চিত করতে হবে। তিনি বলেন, শিশুরা হতাশ হয়ে গেলে বাবা-মাকে তার পাশে থাকতে হবে। ""পরিবারের বিকল্প কিন্তু কিছু নেই। আর এই পরিস্থিতিতে সবচেয়ে বড় দায়িত্ব পরিবারের উপরই এসে পড়বে।"" তিনি বলেন, ""বাচ্চাদের পাশে, কিশোর-কিশোরীদের পাশে দাঁড়ানো, তাদের বোঝানো, তাদের সময় দেয়া-পরিবারকেই করতে হবে""। ড. ফাতেমা রেজিনা মনে করেন, স্কুল বন্ধ থাকলেও শিশুদের নিয়মতান্ত্রিক জীবনে অভ্যস্ত রাখতে হলে তাদের দৈনন্দিন কাজের একটি রুটিন করে দেয়া যেতে পারে। সেক্ষেত্রে সকালে ঘুম থেকে ওঠা থেকে শুরু করে, ধর্মীয় প্রার্থনা, খাবার ও ঘুমানোর সময়, বাবা-মায়ের সাথে বিভিন্ন কাজে অংশ নেয়া এবং পড়াশুনার জন্যও একটা সময় বেঁধে দিতে হবে। করোনাভাইরাস মহামারির কারণে বাংলাদেশে টানা ৯ মাসেরও বেশি সময় ধরে বন্ধ রয়েছে সব ধরণের শিক্ষা প্রতিষ্ঠান।","করোনাভাইরাস মহামারির কারণে ১৭ মার্চ থেকে শিক্ষা প্রতিষ্ঠান বন্ধ থাকায় শিশুদের মানসিক ও সামাজিক বিকাশে সমস্যা সৃষ্টি হচ্ছে। অনলাইন ক্লাসের কারণে মোবাইল ও ইন্টারনেটের প্রতি আসক্তি বাড়ছে, এবং অনেক শিশুর মধ্যে আচরণগত পরিবর্তন দেখা যাচ্ছে। শিক্ষার্থীরা নিয়মিত জীবনযাত্রায় অভ্যস্ত হতে পারছে না, ফলে স্কুলে ফিরতে হলে তারা মানিয়ে নিতে সমস্যায় পড়বে। বিশেষজ্ঞরা বলেছেন, এই পরিস্থিতিতে বাবা-মায়ের ভূমিকা অত্যন্ত গুরুত্বপূর্ণ, এবং তাদের উচিত সন্তানদের একটি সুশৃঙ্খল রুটিন তৈরি করা ও মানসিক সহায়তা প্রদান করা।"
"রসুন, আদা এবং জিনসেং চামড়ার ক্ষত শুকাতে বিলম্ব ঘটায়। কারণ এসব ভেষজ পিল এর কিছু উপাদান ক্যান্সারের চিকিৎসা বাধাগ্রস্ত করতে পারে। সম্প্রতি ক্যান্সার বিষয়ক এক কনফারেন্সে এ ধরণের তথ্য দেয়া হয়েছে। স্তন ক্যান্সার যখন ছড়িয়ে যায় তখন রসুন কিংবা আদা খেলে চামড়ার ক্ষত সারতে দেরি হতে পারে। স্তন ক্যান্সার বিষয়ক পর্তুগালের শল্য চিকিৎসক অধ্যাপক মারিয়া জোয়াও কার্দোসো বলেন, ভেষজ পিল ক্যান্সার চিকিৎসার ক্ষেত্রে কার্যকরী হবার প্রমাণ পাওয়া যায়নি। আরো পড়ুন: কী করে বুঝবেন আপনার স্তন ক্যান্সার হতে পারে? রেনিটিডিন নিষিদ্ধ করলো বাংলাদেশ-সহ কয়েকটি দেশ 'ক্যান্সারের জন্ম' বিষয়ে তথ্য খুঁজছেন বিজ্ঞানীরা ক্যান্সার চিকিৎসায় বড় অগ্রগতির খবর গবেষকদের ""চিকিৎসকদের উচিত নিজে থেকে উদ্যোগী হয়ে রোগীদের জিজ্ঞেস করা যে ক্যান্সারের চিকিৎসার সময় তারা অন্য কিছু খাচ্ছে কিনা? "" বলছিলেন অধ্যাপক কার্দোসো। তিনি বলেন, ক্যান্সার চিকিৎসার জন্য রোগীরা যদি কোন বাড়তি থেরাপি গ্রহণ করেন তাহলে বিষয়টি তাদের চিকিৎসককে জানানো খুবই গুরুত্বপূর্ণ,বিশেষ করে যে ক্যান্সার চামড়ায় ছড়িয়েছে। এমন অনেক পণ্য আছে যেগুলোর কারণে ক্যান্সার চিকিৎসায় ব্যবহৃত হরমোন থেরাপি এবং কেমোথেরাপির উপর প্রতিবন্ধকতা সৃষ্টি করতে পারে। এছাড়া আরো কিছু পণ্য আছে যেগুলো রক্ত জমাট করতে দেরি করে। ক্যান্সার বিশেষজ্ঞ মিস কার্দোসো বলেন, কিছু ভেষজ জিনিস আছে যেগুলোর কারণে যেগুলো রক্ত জমাট হতে দেরি হয়। এগুলোর মধ্যে রয়েছে - রসুন, জিনসেং এবং হলুদ। মাল্টা কিংবা কমলালেবু জাতীয় ফল ক্যান্সার ঔষধের কার্যকারীতা ক্ষতিগ্রস্ত করে। অধ্যাপক কার্দোসো বলেন, রোগী এবং তাদের স্বজনরা সবসময় বিকল্প চিকিৎসার খোঁজ করেন, যেটি বড় ধরণের পার্থক্য তৈরি করতে পারে। ""কিন্তু মানুষের জানা উচিত যে এসব বিকল্প চিকিৎসা ভালো করার চেয়ে খারাপ হতে পারে বেশি,"" বলছিলেন অধ্যাপক কার্দোসো। তিনি বলেন, ঔষধের সর্বোচ্চ লক্ষ্য হচ্ছে যাতে কোন ক্ষতি না হয়। ব্রিটেনের ক্যান্সার রিসার্চ বলছে, কিছু প্রথাগত ঔষধের বাইরে কিছু পদ্ধতির কারণে মূল চিকিৎসায় ব্যাঘাত ঘটতে পারে। বিবিসি বাংলার অন্যান্য খবর: বাবরি মসজিদ রায়ে মুসলমানরা 'সুবিচার পায় নি' কীভাবে উদঘাটিত হলো ত্রিশ বছর আগের হত্যা রহস্য সৌদি আরবে নারী গৃহকর্মী পাঠানো বন্ধের দাবি উঠেছে রান্নায় পেঁয়াজ কমেছে, বেচাকেনাতেও মন্দা ক্যান্সার রিসার্চ বলছে, ক্যান্সারের চিকিৎসা চলাকালীন মাল্টা এবং কমলার মতো খাবার এড়িয়ে চলা উচিত। কারণ, ক্যান্সারের ঔষধ শরীরের ভেতরে যেভাবে ভেঙ্গে কাজ করে, সেটিকে ক্ষতিগ্রস্ত করতে পারে। এছাড়া কামরাঙ্গা, বাঁধাকপি এবং হলুদও এ তালিকায় রেখেছে ব্রিটেনের ক্যান্সার রিসার্চ। প্রতিষ্ঠানটি বলছে, "" প্রথাগত চিকিৎসার বাইরে যে কোন ধরণের ঔষধ খাবার আগে আপনার চিকিৎসকের সাথে কথা বলুন। বিশেষ করে আপনি যদি ক্যান্সার চিকিৎসার মাঝামাঝিতে অবস্থান করেন।"" স্তন ক্যান্সার বিষয়ক একটি দাতব্য সংস্থার ক্লিনিক্যাল নার্স বিশেষজ্ঞ গ্রিটি ব্রাউটিন-স্মিথ বলেন, প্রমান ছাড়া অনেক তথ্য ইন্টারনেটে এখন সহজলভ্য। এসব তথ্য বিশ্বাস না করে চিকিৎসকের সাথে পরামর্শ করলে রোগীরা সঠিক তথ্য পেতে পারে।","রসুন, আদা, জিনসেং এবং কিছু ভেষজ উপাদান স্তন ক্যান্সারের চিকিৎসার ক্ষেত্রে বিলম্ব সৃষ্টি করতে পারে, কারণ এগুলো কেমোথেরাপি ও হরমোন থেরাপির কার্যকারিতায় প্রতিবন্ধকতা সৃষ্টি করতে পারে। পর্তুগালের শল্য চিকিৎসক অধ্যাপক মারিয়া জোওাও কার্দোসো জানান, ক্যান্সার চিকিৎসার সময় এসব উপাদান এড়ানো উচিত। এছাড়া, মাল্টা, কমলা, কামরাঙ্গা, বাঁধাকপি এবং হলুদও ক্যান্সারের ঔষধের কার্যকারিতাকে ক্ষতিগ্রস্ত করতে পারে। ক্যান্সারের চিকিৎসা চলাকালে কোনো বিকল্প চিকিৎসা গ্রহণের আগে চিকিৎসকের সাথে পরামর্শ করা গুরুত্বপূর্ণ।"
"১৮ বছর ধরে পেঁয়াজের বীজ চাষ করছেন সাহিদা বেগম। বিবিসি বাংলার সাথে আলাপকালে সাহিদা বেগম বলেন, প্রায় ১৮-১৯ বছর ধরে পেঁয়াজের বীজের আবাদ করে চলেছেন তিনি। আর চলতি বছর প্রায় ২০০ মণ পেঁয়াজের বীজ বিক্রি করেছেন তিনি। মৌসুমে এই বীজ মণ প্রতি ২ লাখ টাকা করে বিক্রি করেছেন। কৃষি তথ্য সার্ভিসের তথ্য বলছে, চলতি মৌসুমে পেঁয়াজের বীজ বিক্রি হয়েছে ৫-৬ হাজার টাকা কেজি দরে। বুধবার দুপুরে যখন মুঠোফোনে সাহিদা বেগমের সাথে কথা হচ্ছিল তখন তার বাড়িতে চলছিল পেঁয়াজ লাগানোর তোড়জোর। তিনি বলেন, এ বছর এরই মধ্যে বীজ উৎপাদনের কাজ শুরু হয়ে গেছে। বাছাই করার পর পেঁয়াজের বাল্ব জমিতে লাগাতে মাঠে নিয়ে যাওয়া হয়েছে। কাজ করছে ১২ জন শ্রমিক। তাদের দুপুরের খাবার প্রস্তুতিতেই ব্যস্ত সময় পার করছেন তিনি। আর সেই সাথে পেঁয়াজ লাগানো এবং তা থেকে বীজ উৎপাদন প্রক্রিয়ার তদারকি তো আছেই। ""এখন আমাদের সিজন। নভেম্বর-ডিসেম্বর মাসে আমরা পেঁয়াজ লাগাই। অনেক লেবার থাকে। ৩০-৪০, এমনকি ৫০ জনও থাকে""। বীজ উৎপাদনের জন্য জমিতে পেঁয়াজের বাল্ব লাগানো হচ্ছে। তবে বছরের এ সময়টাতে অন্য বছর আরো বেশি শ্রমিক থাকে। এবার কিছু জমির মাটিতে পানির পরিমাণ বেশি থাকায় কাজ কিছুটা ধীরে চলছে। ""এ বছর কিছু জমি নরম হয়ে গেছে। তাই কাজ কিছু বন্ধও আছে। ওগুলো শুকালে আবার কাজ শুরু হবে।"" বীজ উৎপাদনের জন্য যে পেঁয়াজ এখন লাগানো হচ্ছে তার ফলন আসবে আগামী এপ্রিল-মে মাসে। সাহিদা বেগম বলেন, কৃষক পরিবারের বউ হওয়ার কারণে ‌আগে থেকেই নানা কৃষিকাজের সাথে পরিচয় ছিল তার। তিনি জানান, তার শ্বশুর মূলত পেঁয়াজের বীজ উৎপাদনের আগ্রহী ছিলেন। কিন্তু কখনোই আসলে বেশি পরিসরে চাষ করা হয়নি। তিনি নিজেও অনেকটা শখের বশেই এই চাষ শুরু করেন। ""আশপাশের কেউ কেউ খুব কম করে পেঁয়াজের বীজ চাষ করতো। আমারো মনে হলো আমি করে দেখি। তাই করলাম।""তিনি বলেন। সাহিদা বেগম জানান, ২০০৪ সালে দ্বিতীয় সন্তান জন্মের আগে ২০ শতক জমিতে পেঁয়াজের বীজ চাষ করেন তিনি। সে বছর মাত্র দুই মন বীজ উৎপাদিত হয়েছিল। সেগুলো বিক্রি করে পেয়েছিলেন ৮০ হাজার টাকা। পরের বছর আরো বেশি পরিমাণ জমিতে পেয়াজের চাষ করতে শুরু করেন তিনি। সেবছর পান ১৩ মণ বীজ। স্বামীর সাথে পেঁয়াজের জমিতে সাহিদা বেগম। ""বীজ বিক্রি করে দেখলাম যে আমি ভালই লাভবান। পরের বছর আরো জমি বাড়াইলাম। ৩২ মণ বীজ উঠলো। এভাবেই আমার ওঠা।"" এর পর আর থেমে থাকেননি। সাহিদা বেগম জানান, গত বছর ১৫ একর আর চলতি বছর ৩০ একর জমিতে পেঁয়াজের বীজের চাষ করেছিলেন। ঘরে তুলেছিলেন ২০০ মন বীজ। ""অনেক শ্রম দিতে হয়, কষ্ট করতে হয়। পেঁয়াজের বীজের অনেক যত্ন করতে হয়। এখন লাগাবে, দুই দিন পর নিড়াবে (আগাছামুক্ত করা)। বার মাসই লেবার থাকে।"" সাহিদা বেগম বলেন, আগের তুলনায় এখন অনেক বেশি জমিতে পেঁয়াজের বীজের চাষ করলেও অনেক সময় চাহিদা পূরণ করতে পারেন না তিনি। ফরিদপুর জেলার স্থানীয় কৃষক তো বটেই, পুরো বাংলাদেশে তারা বীজ সরবরাহ করে থাকেন তারা। ""আমাদের বীজ ভাল বলে চাহিদা থাকে। কৃষকরা অনেক খুশি। কারণ এর মধ্যে কোন ঝামেলা নাই। নিজের প্রোডাক্ট, কোন ভেজাল নাই।"" তিনি বলেন, ""এবছর আরো ৫০০ মণ থাকলেও বিক্রি করতে পারতাম। এতো চাহিদা।"" তবে পেঁয়াজ চাষে খরচও কম নয় বলে জানান তিনি। পেঁয়াজের বাল্বের দাম অনেক বেশি থাকে। এছাড়া কীটনাশক, সার, সেচ দেয়ার ক্ষেত্রে খরচ বেশ ভাল পরিমাণে হয়। চলছে পেঁয়াজের বীজ মাড়াইয়ের কাজ(ফাইল ছবি।) এছাড়া অতিরিক্ত কুয়াশা, শীলাবৃষ্টি, ঝড়-বৃষ্টি বেশি হলেও বীজ নষ্ট হয়ে যায় বলে জানান তিনি। সাহিদা বেগমের পেঁয়াজের বীজ উৎপাদনের কাজে সহায়তা করেন তার স্বামী বক্তার উদ্দিন খানও। যিনি পেশায় একজন ব্যাংক কর্মকর্তা। স্বামী ছাড়াও পরিবারে দুই মেয়ে নিয়ে চার জনের সংসার সাহিদা বেগমের। সাহিদা বেগম নিজেই গড়ে তুলেছেন পেয়াজের বীজের কারখানা। সেখান থেকেই বীজ প্যাকেটজাত করা এবং ক্রেতাদের কাছে সরবরাহ করা হয়। তার তৈরি করা বীজ ক্রেতাদের কাছে পরিচিত খান সিডস নামে। আরো পড়ুন: সাহিদা বেগম বলেন, তার এই কারখানায় কাজ করে স্থানীয় অনেকে। আর তাকে দেখে অনুপ্রাণিত হয়ে পেয়াজের বীজ চাষ করতে শুরু করেছেন স্থানীয় আরো অনেক নারীও। চলছে পেঁয়াজের বীজ মাড়াইয়ের কাজ(ফাইল ছবি।) কৃষি সম্প্রসারণ অধিদপ্তরের তথ্য বলছে, চলতি বছর পেঁয়াজের বীজের চাহিদা বেশি থাকার কারণে দাম ছিল বেশ চড়া। প্রতি কেজি বীজ বিক্রি হয়েছে ৫ থেকে ৬ হাজার টাকা দরে। সে হিসেবে সাহিদা বেগম প্রায় চার কোটি টাকার বেশি বীজ বিক্রি করেছেন। ফরিদপুরের নগরকান্দা এলাকার পুরাপাড়া বাজারের কৃষিঘর বীজ ভান্ডারের মালিক মিজানুর রহমান জানান, বীজের মান ভাল হওয়ার কারণে খান সিডস থেকে ৫০০ কেজির মতো বীজ কিনেছিলেন তিনি। মি. রহমান বলেন, এই বীজ থেকে চারা গজানোর হার বেশি থাকে বলে স্থানীয় কৃষকদের মধ্যে চাহিদা রয়েছে প্রচুর। ""সব বারের মতো এবারও বেছন(চারা গজানো) অনেক ভাল হয়েছে। পেঁয়াজও ভাল হবে।"" ফরিদপুর জেলায় পেয়াজের বীজ উৎপাদনের ক্ষেত্রে সেরা চাষী হিসেবে পুরষ্কারও পেয়েছেন সাহিদা বেগম। বর্তমানে উৎপাদন করছেন, রাজশাহী তাহিরপুর, সুপারকিং, সুখসাগর ও নাসিরকিং নামে পেঁয়াজের বীজ। এছাড়া হাইব্রিড পেঁয়াজের বীজও উৎপাদনও করছেন তিনি। পেঁয়াজের বীজ প্যাকেটজাত করা হচ্ছে। সাহিদা বেগম বলেন, ""প্রতি বছরই আমরা নতুন জাতের পেঁয়াজ আনি যাতে কৃষকদের প্রতিবছর নতুন কিছু দিতে পারি।"" কৃষি তথ্য সার্ভিসের পরিচালক কার্তিক চন্দ্র চক্রবর্তী বলেন, বাংলাদেশে পেয়াজ উৎপাদন ও সরবরাহের ক্ষেত্রে ফরিদপুরের অবস্থান দ্বিতীয়। আর পুরো দেশে পেয়াজের বীজের যে চাহিদা থাকে তার ৬০-৭০ ভাগ এককভাবে আসে ফরিদপুর জেলা থেকে। বিবিসি বাংলার আরো খবর পড়ুন: ঘাস চাষ শিখতে বিদেশ ভ্রমণ: কীভাবে ব্যয় হবে প্রকল্পের শত কোটি টাকা মার্কিন রণতরীকে ধাক্কা মারার হুমকি দিল রুশ যুদ্ধজাহাজ নতুন শিক্ষাবছরে সব স্কুলে ভর্তি পরীক্ষা হবে লটারির মাধ্যমে গুম হয়ে যাওয়া মানুষদের খুঁজে বের করতে এক নারীর আন্দোলন","সাহিদা বেগমের ১৮ বছরের পেঁয়াজ বীজ চাষের যাত্রা সত্যিই অনুপ্রেরণাদায়ক। কৃষিকাজের প্রতি তার আগ্রহ এবং কঠোর পরিশ্রমের ফলেই তিনি এখন সফল পেঁয়াজ বীজ উৎপাদক হিসেবে পরিচিত। তার শুরুটা ছিল ছোট, কিন্তু সেই ছোট উদ্যোগের মাধ্যমে তিনি বর্তমানে ফরিদপুর জেলার এক গুরুত্বপূর্ণ কৃষক হয়ে উঠেছেন। এ বছর তিনি ২০০ মণ পেঁয়াজের বীজ বিক্রি করেছেন, এবং এর ফলে তার আয় হয়েছে প্রায় ৪ কোটি টাকার বেশি। পেঁয়াজ বীজ উৎপাদনে তার বিশেষত্ব হচ্ছে কৃষকদের মধ্যে পরিচিত “খান সিডস” নামে পরিচিত বীজের সরবরাহ। সাহিদা বেগম জানান, তার বীজের গুণমানের কারণে স্থানীয় কৃষকদের মধ্যে চাহিদা অনেক বেশি থাকে, তবে চাহিদা পূরণ করতে অনেক সময় তার জন্য কঠিন হয়ে পড়ে। এছাড়া, তার চাষে প্রতি বছর নতুন জাতের পেঁয়াজ আনার চেষ্টা থাকে, যাতে কৃষকরা প্রতি বছর নতুন কিছু পেতে পারেন। তার এই সফলতার গল্প থেকে অনেক স্থানীয় নারীও অনুপ্রাণিত হয়ে পেঁয়াজ বীজ চাষ শুরু করেছেন। মোটের উপর, সাহিদা বেগম শুধু একজন সফল কৃষক নন, তিনি একটি সামাজিক প্রভাবও তৈরি করেছেন, যা স্থানীয় সম্প্রদায়ের উন্নতিতে অবদান রেখেছে।"
"বিদেশ থেকে আসা যাত্রীদের তাপমাত্রা পরীক্ষা করে দেখা হচ্ছে (ফাইল ফটো) এজন্য ঢাকা থেকে রোগতত্ত্ব, রোগ নিয়ন্ত্রণ ও গবেষণা ইন্সটিটিউটের একটি গবেষক দল সিলেটে পৌঁছেছে। সিলেটের সিভিল সার্জন ডা. প্রেমানন্দ মণ্ডল বিবিসি বাংলাকে বলেছেন, ''গতকাল এই যাত্রীদের পজিটিভ রিপোর্ট পাওয়ার পর আমরা স্বাস্থ্য অধিদপ্তরের ঊর্ধ্বতন কর্মকর্তা এবং আইইডিসিআরের সঙ্গে কথা বলেছি। এর মধ্যেই আইইডিসিআর সাত জনের একটি টিম পাঠিয়ে দিয়েছে।'' ''তারা চার পাঁচদিন থাকবে। তাদের রোগের ধরন নিয়ে তারা পরীক্ষানিরীক্ষা করবেন।'' কর্মকর্তারা বলছেন, যুক্তরাজ্যে করোনাভাইরাসের যে নতুন ধরনটি শনাক্ত হয়েছে, এই যাত্রীদের ভেতর সেটা রয়েছে কিনা, তাও পরীক্ষা করে দেখবেন আইইডিসিআরের কর্মকর্তারা। এই পুরো সময়ে যুক্তরাজ্য ফেরত এই যাত্রীদের কোয়ারেন্টিনে রাখা হবে। বিশেষজ্ঞরা মনে করেন, গত সেপ্টেম্বর মাসে যুক্তরাজ্যে শনাক্ত হওয়া ভাইরাসের ধরনটি অন্তত ৭০ শতাংশ বেশি হারে বিস্তার ঘটাতে পারে। বেশ কয়েকটি দেশে দ্রুত হারে ছড়িয়ে পড়ছে করোনাভাইরাসের নতুন ধরনটি। ধারণা করা হয় যে, করোনাভাইরাসের এই নতুন ধরনটি আগেরটির তুলনায় দ্রুত ছড়িয়ে পড়তে পারে। তবে সেটি আগের চেয়ে বেশি বিপজ্জনক নয় বলেই মনে করা হচ্ছে। ডা. মণ্ডল জানান, এই ব্যক্তিদের দ্বিতীয় দফায় পরীক্ষা করার জন্য আবার নমুনা পাঠানো হয়েছে। গত ২১শে জানুয়ারি যুক্তরাজ্য থেকে সিলেটে সরাসরি আসা একটি বিমানের ১৫৭ জনের নমুনা পরীক্ষা করে ২৮ জনের শরীরে করোনাভাইরাস ধরা পড়ে। সরকারি নিয়ম অনুসারে তাদের চারদিনের জন্য বাধ্যতামূলক কোয়ারেন্টিনে নেয়া হয়েছিল। গত রবিবার তাদের নমুনা নেয়া হয়। সোমবার সকালে ২৮ জনের কোভিড-১৯ পজিটিভ শনাক্ত হয়। এই ২৮ জনকে খাদিমপাড়ার ৩১ শয্যা বিশিষ্ট হাসপাতালে চিকিৎসার জন্য ভর্তি করা হয়েছে। আরও পড়ুন: লন্ডন থেকে আসলেই ১৪ দিনের বাধ্যতামূলক কোয়ারেন্টিন করোনাভাইরাসে আক্রান্ত প্রথম ব্যক্তিটি কে? কোয়ারেন্টিন ও আইসোলেশনের যে ব্যাখ্যা দেয়া হচ্ছে বাংলাদেশে ঢাকার বিমানবন্দরে স্বাস্থ্যপরীক্ষা: বিবিসি সংবাদদাতাদের চোখে যুক্তরাজ্য থেকে আসা যাত্রীদের করোনাভাইরাসের পরীক্ষা না হওয়া পর্যন্ত বাধ্যতামূলক কোয়ারেন্টিনে রাখা হচ্ছে (ফাইল ফটো) সোমবার দুপুরে যুক্তরাজ্য থেকে যে ফ্লাইটে ১৪৩ জন যাত্রী এসেছেন, তাদেরও বাধ্যতামূলক কোয়ারেন্টিনে নেয়া হয়েছে। সিলেটের কয়েকটি আবাসিক হোটেল চারদিন থাকার পরে তাদের নমুনা সংগ্রহ করে পরীক্ষা করা হবে। আগে আসা যাত্রীদের মধ্যে আরও একজনের করোনাভাইরাস শনাক্ত হয়েছে। অর্থাৎ মোট ২৯ জনের পজিটিভ শনাক্ত হয়েছে। মহানগর পুলিশের অতিরিক্ত উপ-কমিশনার (গণমাধ্যম) আশরাফ উল্যাহ বিবিসি বাংলাকে বলছেন, চৌঠা জানুয়ারি থেকে ২১শে জানুয়ারি পর্যন্ত সাতটি ফ্লাইটে মোট ৫৪৪ জন যাত্রী এসেছেন। তাদের ভিন্ন ভিন্ন আবাসিক হোটেলে সার্বক্ষণিকভাবে পুলিশের তত্ত্বাবধানে রাখে চারদিনের কোয়ারেন্টিন শেষে কোভিড-১৯ পরীক্ষা করা হয়। তাদের মধ্যে এখন পর্যন্ত ২৯ জনের পজিটিভ শনাক্ত হয়েছে। তিনি জানান, ২১শে জানুয়ারির আগে যে যাত্রীরা এসেছেন, তাদের আগে আর কারো কোভিড-১৯ পজিটিভ পাওয়া যায় নি। যুক্তরাজ্য থেকে আসা এই যাত্রীদের সবার কোভিড-১৯ নেগেটিভ সার্টিফিকেট ছিল। সেই সার্টিফিকেট সঠিক ছিল কিনা বা কীভাবে তারা বাংলাদেশে পজিটিভ শনাক্ত হলেন, সে বিষয়ে কোন ধারণা নেই বাংলাদেশের কর্মকর্তাদের। তবে তারা যুক্তরাজ্যের সেই সার্টিফিকেটের ওপর নির্ভর করছেন না। আশরাফ উল্যাহ বলছেন, ''যুক্তরাজ্য থেকে যারাই আসছেন, তাদের সবার কোভিড-১৯ টেস্ট করে দেখা হচ্ছে। সেই টেস্টের ফলাফল না আসা পর্যন্ত তারা পুলিশের তত্ত্বাবধানে হোটেলে কোয়ারেন্টিনে থাকেন। নেগেটিভ হলে তারা নির্ধারিত কোয়ারেন্টিন শেষ হওয়ার পরে তারা চলে যান।'' যে যাত্রীরা করোনাভাইরাস পজিটিভ শনাক্ত হয়েছেন, তারা এখন ভাইরাস মুক্ত না হওয়া পর্যন্ত সরকারি তত্ত্বাবধানে থাকবেন। গত ২৮শে ডিসেম্বরর সচিবালয়ে এক ব্রিফিংয়ে মন্ত্রিপরিষদ সচিব খন্দকার আনোয়ারুল ইসলাম বলেন, ""লন্ডন থেকে যারা আসবে তাদেরকে কোয়ারেন্টিনে যেতে হবে""। ""লন্ডন ফ্লাইট থেকে যেই আসুক, তার যদি গতকালকেরও (রিপোর্ট) নেগেটিভ থাকে, তারপরেও তাকে কম্পলসারি ১৪ দিনের প্রতিষ্ঠানিক কোয়ারেন্টিনে থাকতে হবে। প্রধানমন্ত্রী আমাদের পরিষ্কার নির্দেশনা দিয়েছেন।"" বিবিসি বাংলার অন্যান্য খবর: ভারতে পুলিশের সাথে ব্যাপক সংঘর্ষে জড়িয়েছে কৃষকেরা টিকা নিয়ে সংশয়-অনাস্থা: জবাবে কী বলছে সরকার করোনাভাইরাসের টিকা নিতে হলে যেভাবে নিবন্ধন করতে হবে করোনাভাইরাসের নতুন ধরনের বিরুদ্ধে কার্যকরী মডার্নার টিকা","যুক্তরাজ্য থেকে আসা যাত্রীদের করোনাভাইরাস পরীক্ষা করা হচ্ছে, এবং ২৮ জন যাত্রীর শরীরে কোভিড-১৯ পজিটিভ শনাক্ত হয়েছে। তাদের সিলেটের কোয়ারেন্টিনে রাখা হয়েছে এবং আইইডিসিআরের একটি দল রোগের ধরন পরীক্ষা করতে পাঠানো হয়েছে। নতুন করোনাভাইরাসের ধরনটি দ্রুত ছড়াতে পারে, তবে এটি বেশি বিপজ্জনক নয়। সিলেটের সিভিল সার্জন জানিয়েছেন, যাত্রীদের দ্বিতীয় দফায় পরীক্ষা করা হচ্ছে এবং তাদের কোয়ারেন্টিনে রাখা হবে।"
"বাংলাদেশে ২য় ঢেউয়ে আক্রান্ত এবং মৃত্যু বেড়েছে সংক্রমণ এবং মৃত্যু বেড়ে যাওয়ায় আক্রান্তদের সেবাদানের ক্ষেত্রে মারাত্মক চাপ সৃষ্টি হয়েছে বলে জানাচ্ছেন স্বাস্থ্যকর্মীরাও। সাধারণত রোগী সুস্থ্য হলে অথবা মৃত্যু বরণ করলেই যেহেতু কোনো একটি আইসিইউ বেড খালি হয় তাই রোগী বাড়তে থাকায় আইসিইইউ সংকট আরো ঘনীভূত হচ্ছে । অবশ্য স্বাস্থ্য অধিদপ্তরের ১৫ই এপ্রিলের বুলেটিনের তথ্যে বলা হয়েছে সারাদেশে সর্বমোট ৮২৫টি আইসিইউ সজ্জার মধ্যে ৬৫২টিতে রোগী ভর্তি আছে এবং খালি আছে ১৭৩টি আইসিইউ বেড। যদিও আক্রান্তদের স্বজনরা অনেকেই বলছেন, ঢাকায় করোনাভাইরাসে আক্রান্ত কোনো রোগীর জন্য প্রয়োজন হলেই একটা আইসিইউ সজ্জা পাওয়া যে কারো জন্যই কঠিন ব্যাপার হয়ে দাঁড়িয়েছে। সাধারণ মানুষ বা মধ্যবিত্ত, যারা সরকারি হাসপাতালের আইসিইউ বেড খোঁজেন তাদের জন্য এ সংকট আরো প্রকট বলেই ধারণা পাওয়া যাচ্ছে। রোগীর চাপ বেড়ে যাওয়ায় স্বাস্থ্যকর্মীদেরও সেবা দিতে বেগ পেতে হচ্ছে ঢাকার ইব্রাহীম মজিদ নামের এক ব্যক্তি জানান, তিন দিন আগে তার মায়ের জন্য একটি আইসিইউ সজ্জা জোগাড় করতে সরকারি বেসরকারি প্রায় ৫০টি হাসপাতালে যোগাযোগ করতে হয়েছে। পরিবার, বন্ধু-বান্ধবের সহযোগিতায় প্রায় সাত ঘণ্টার চেষ্টায় একটি বেসরকারি হাসপাতালে আইসিইউ সজ্জার ব্যবস্থা হয়। বিবিসি বাংলাকে মি. মজিদ বলেন, সাধারণ মানুষের জন্য এ এক বিরাট সংকট। ""আমার মা কুর্মিটোলা হাসপাতালে ভর্তি ছিলেন কিন্তু অক্সিজেন লেভেল অনেক কমে যাওয়ায় তার আইসিইউ প্রয়োজন হয়। ডাক্তার এসে যখন বলে যে তার আইসিইউ প্রয়োজন কিন্তু ওখানে খালি নেই তখন বিভিন্ন জায়গায় কল দেয়া হয়। সরাসরি কয়েকটি হাসপাতালে গিয়েও খোঁজ করা হয়, কিন্তু সাথে সাথে কোথাও পাওয়া যাচ্ছিল না।"" বলেন মি. মজিদ। আরো পড়তে পারেন: হাসপাতালে করোনায় মৃত্যুর সংখ্যা কেন বাড়ছে হাসপাতালে বেড বসানোর এক ইঞ্চি জায়গাও নেই: স্বাস্থ্যমন্ত্রী বাংলাদেশে করোনাভাইরাস আক্রান্ত রোগীদের আইসিইউ'র জন্য হাহাকার ওই সময়ের অসহায়ত্ব তুলে ধরে মি. মজিদ বলেন, তখন পরিবারের সদস্যরা এবং বন্ধুবান্ধবের মাধ্যমে সরকারি বেসরকারি হাসপাতালে ফোন করা হয়। প্রায় সাত ঘণ্টার চেষ্টায় তারা একটি বেসরকারি হাসপাতালে আইসিইইউ বেড পেয়ে সেখানে তার মা'কে ভর্তি করেন। ""কোথাও ম্যানেজ হয় না, কোথায় পাওয়া যায় না। কিছু জায়গা আছে হ্যা আইসিইউ আছে কিন্তু সেন্ট্রাল অক্সিজেন বা সার্বক্ষণিক পর্যাপ্ত অক্সিজেনের ব্যবস্থা নেই। পরে অনেক খোঁজাখুজির পর একটা পাই সেখানে ভর্তি করি। পরে কথা বলে জেনেছি অ্যাপ্রক্সিমেটলি ৫০টার মতো হাসপাতালে যোগাযোগ করা হয়েছিল।"" বাংলাদেশে এখন সংক্রমণ হার ২০ শতাংশের ওপরে। প্রতিদিন ৫ হাজারের বেশি রোগি সনাক্ত হচ্ছে। অনেকের জন্যই হাসপাতালে হাই ফ্লো অক্সিজেন সুবিধা প্রয়োজন হচ্ছে কিন্তু পাওয়া সহজ নয়। ঢাকার একটি বেসরকারি হাসপাতালের একজন সেবিকা রুমানা খাতুন বলেন ""আমি যে কেবিনে ডিউটি করতেছি সেখানে ৩০টা বেড আছে। ৩০টা বেডেই হচ্ছে কন্টিনিউ রোগী থাকতেছে। এখন হচ্ছে কমতেছে না রোগী"" তিনি আরো বলেন ""এই বাড়তি রোগীর কারণে আমাদের নার্সদেরও বেশ চাপের মধ্য পড়তে হয়েছে। এটাও বাস্তবতা যে বেড খালি না থাকায় অনেক সময় নতুন রোগী আসলে ফিরিয়েও দেয়া হচ্ছে""। ভাইরাসের নতুন ভ্যারিয়ান্ট আক্রান্তদের ফুসফুসে দ্রুত ক্ষতি করছে এরই মধ্যে বাংলাদেশে করোনাভাইরাস সংক্রমণে মৃত্যু দশ হাজার ছাড়িয়ে গেছে। শুধু এপ্রিল মাসের পনের দিনেই এক হাজারের বেশি রোগীর মৃত্যু হয়েছে। দক্ষিণ আফ্রিকা, যুক্তরাজ্যসহ ভাইরাসের নতুন কয়েকটি ভ্যারিয়ান্ট ছড়িয়ে পড়ায় অনেক বেশি রোগী হাসপাতালে অক্সিজেন এমনকি আইসিইউ সুবিধার প্রয়োজন পড়ছে বলেও জানা যাচ্ছে। কোভিড ডেডিকেডেট একটি সরকারি হাসপাতালের সিনিয়র স্টাফ নার্স ইশান জাহান বলেন ""এখনকার অবস্থায় যেটা হচ্ছে। রোগীর অক্সিজেন স্যাচুরেশন লেভেল ভাল আছে, কথা বলছে এরকম অবস্থায় হঠাৎ করে রোগী বলছে যে আমার শ্বাসকষ্ট হচ্ছে""। ""এমনক্ষেত্রে শ্বাসকষ্টের ট্রিটমেন্ট শুরু করার সুযোগও অনেক সময়ও অনেক রোগী দিচ্ছেন না। অল্প সময়ের মধ্যে রোগীর অবস্থা খারাপ হয়ে যাচ্ছে। অনেক ক্ষেত্রে দুর্ভাগ্যজনকভাবে দেখা যাচ্ছে মারাও যাচ্ছে"" বলেন তিনি। এদিকে পরিস্থিতি নিয়ন্ত্রণে সরকার কঠোর বিধিনিষেধ দিলেও প্রথম সপ্তাহে একেবারেই ঢিলেঢালাভাবে সেটি পালিত হয়েছে। ২য় দফায় সর্বাত্মক লকডাউনের শুরুতে কঠোরতা দেখা যাচ্ছে তবে পরিস্থিতি যে কতটা ভয়াবহ সেটি সাধারণ মানুষ এখনো অনুধাবন করতে পারছেন না। স্বাস্থ্যকর্মী ইশান জাহান বলছিলেন ""আসলে এটা খুবই দুঃখজনক যে সাধারণ মানুষ বুঝতেই পারছেন না যে পরিস্থিতি কতটা ভয়ানক। যখন একজন রোগী নিয়ে হাসপাতালে যান তখন সেই ব্যক্তিটাই বুঝেন যে, হাসপাতালের একটা সিট পাওয়ার জন্য, একটা অক্সিজেনের সিলিন্ডারের জন্য, একটা আইসিইউ বেডের জন্য কী পরিমাণ হাহাকার চলছে""। বিবিসি বাংলায় আরো পড়ুন: 'আমরা যুদ্ধে জিতেছি, হেরেছে আমেরিকানরা' হেফাজতের কর্মসূচিতে সহিংসতা: বিরোধীদলগুলোর ওপর 'ক্র্যাকডাউনের' অভিযোগ বিএনপির খালেদা জিয়ার জ্বর, ফুসফুসে সংক্রমণ ন্যূনতম‍: চিকিৎসক হাসপাতালে করোনায় মৃত্যুর সংখ্যা কেন বাড়ছে","বাংলাদেশে করোনাভাইরাসের দ্বিতীয় ঢেউয়ে সংক্রমণ এবং মৃত্যু দ্রুত বাড়ছে, যার ফলে হাসপাতালগুলোতে আইসিইউ বেডের সংকট তীব্র হচ্ছে। সরকারী স্বাস্থ্য বুলেটিনে বলা হয়েছে, দেশে ৮২৫টি আইসিইউ বেডের মধ্যে ৬৫২টি ভর্তি আছে, তবে অনেক রোগী ও তাদের স্বজনরা জানাচ্ছেন যে, ঢাকায় আইসিইউ বেড পাওয়া এখন খুবই কঠিন। আক্রান্ত রোগীদের সেবাদানে স্বাস্থ্যকর্মীদের ওপরও বাড়তি চাপ পড়ছে। করোনার নতুন ভ্যারিয়েন্ট দ্রুত ফুসফুস ক্ষতিগ্রস্ত করছে এবং অক্সিজেনের প্রয়োজনীয়তা বাড়াচ্ছে। সরকারি এবং বেসরকারি হাসপাতালগুলোতে আইসিইউ বেডের জন্য হাহাকার চলছে। সরকার কঠোর বিধিনিষেধ দিলেও সাধারণ মানুষ পরিস্থিতির ভয়াবহতা এখনও বুঝতে পারছে না।"
"সিস্টার জেরার্ড ফার্নান্দেজ, মৃত্যুদণ্ডপ্রাপ্ত কয়েদিদের বন্ধু। এই নান হলেন সিস্টার জেরার্ড ফার্নান্ডেজ এবং কয়েদি হলেন টান মুই চু। সিঙ্গাপুরের সবচেয়ে নৃশংস এক হত্যাকাণ্ডের মামলায় টান মুই চু'র ফাঁসির আদেশ হয়। সিস্টার জেরার্ড এক সময় টান মুই চু'কে স্কুলে পড়িয়েছেন। সিস্টার জেরার্ড বলছেন, টান ছিলেন এক সাদাসিধে মেয়ে। ধর্মপরায়ণ এক পরিবার থেকে তিনি কনভেন্ট স্কুলে পড়তে এসেছিলেন। টান ও তার স্বামী এড্রিয়ান লিম, এবং স্বামীর রক্ষিতা হো কাহ্ হং এর বিরুদ্ধে দুটি শিশুকে হত্যার অভিযোগ প্রমাণিত হয় এবং তাদের সবাইকে মৃত্যুদণ্ড দেয়া হয়। ""টান জীবনে বড় ধরনের ভুল করেছিল,"" বলছেন স্বল্পভাষী এই ৮১-বছর বয়সী সন্ন্যাসিনী, ""তার খবরটা প্রথম শোনার পর আমার খুব খারাপ লেগেছিল। তখনই আমার মনে হয়েছিল যে করেই হোক তার সাথে দেখা করতে হবে।"" এরপর বেশ কয়েক বছর ধরে সিস্টার জেরার্ড টান মুই চু'র সাথে দেখা করার জন্য কারাগারে যান। দু'জনে গভীর রাত পর্যন্ত একত্রে উপাসনা করেন। সিস্টার জেরার্ড বলছেন, এর মাধ্যমে দু'জনের মধ্যে একটা আত্মার সম্পর্ক তৈরি হয়। দু'জন পরস্পরকে আরো ভালভাবে বুঝতে পারেন। ""তার প্রতি সাহায্যের হাত বাড়াতেই আমি সেখানে গিয়েছিলাম, এবং সে-ও জানতো সে আমার সাথে মন খুলে কথা বলতে পারতো,"" বলছেন তিনি, ""আমার মনে হয় তার মনের ভেতরের কারাগার থেকে সে মুক্তি পেয়েছিল।"" সিঙ্গাপুরে খুন এবং মাদক-সম্পর্কিত অপরাধের শাস্তি মৃত্যুদণ্ড। টান মুই চু'র ফাঁসির দণ্ড কার্যকর করা হয় ১৯৮৮ সালের ২৫শে নভেম্বর। তার সাথে সিস্টার জেরার্ডের দেখা হয়েছিল সেদিন সকালে। ""একটা লোক সারা জীবনে অনেক খারাপ কাজ করলেও, তার জীবনের দাম কিন্তু তার চেয়েও অনেক বেশি,"" বলছেন সিস্টার জেরার্ড, ""পাপ যত বড়ই হোক না কেন মর্যাদা নিয়ে মৃত্যুর অধিকার সব মানুষের রয়েছে।"" জীবনের শেষ সকালে টান মুই চু একটি নীল রঙের পোশাক পরেন। তার জুতার রঙও ছিল নীল। ""সে দিন সে ছিল বেশ শান্ত,"" বলছেন সিস্টার জেরার্ড। এরপর এই দুই নারী হাতে হাত ধরে ফাঁসির মঞ্চের দিকে এগিয়ে যান। ""সে যখন ফাঁসির মঞ্চের ঘোরানো সিঁড়ি বেয়ে ওপরে উঠে যাচ্ছিল, তার পায়ের শব্দ আমি শুনতে পাচ্ছিলাম। ফাঁসি কাঠের লিভারটি যখন টেনে ধরা হলো আর ট্র্যাপ ডোরটি যখন ঘটাং করে খুলে দেয়া হলো, সেটা আমি অনুভব করতে পারছিলাম। ঠিক তখনই আমি টের পেলাম সে আমাদের ছেড়ে চলে গেল।"" সিঙ্গাপুরের বিখ্যাত চাঙ্গি বিমানবন্দর থেকে একটু দূরে এই বিশাল চাঙ্গি কারাগার। দেশের সবচেয়ে কুখ্যাত অপরাধী এবং মৃত্যুদণ্ড পাওয়া কয়েদিদের এখানে রাখা হয়। এই কারাগারেই টান মুই চু'র মতো আরো ১৮ জন কয়েদিকে সিস্টার জেরার্ড ফাঁসির মঞ্চে নিয়ে গেছেন। ""মৃত্যুদণ্ডের বাস্তবতা আসলে কেউই সহজে স্বীকার করে নিতে পারে না,"" বলছেন তিনি। ""নিজের ভাগ্যকে মেনে নিতে সময় লাগে। আর এটা স্বীকার করে নিতেও অনেক বেদনা তৈরি হয়।"" সিস্টার জেরার্ড গত ৪০ বছরে ধরে কারাগারের বন্দীদের সাথে কাজ করছেন। তিনি মনে করেন ঈশ্বরই তাকে এই দায়িত্ব দিয়েছেন। সিস্টার জেরার্ড ফার্নান্দেজ, ৮১, সিঙ্গাপুরের টোয়া পেও খ্রিস্টান মঠে বাস করেন। এই প্রসঙ্গে অন্যান্য খবর: সৌদিতে মৃত্যুদণ্ড কার্যকরের পর একজনকে 'ক্রুশবিদ্ধ' শ্রীলংকায় কেন হঠাৎ দুইজন জল্লাদ নিয়োগ? ""ফাঁসির আসামীর অনেক ধরনের মানসিক ও ধর্মীয় সাহায্যের প্রয়োজন হয়,"" তিনি বলছেন। ""আমি তাদের বোঝানোর চেষ্টা করি যে ক্ষমা চাইতে পারলে, আর মনের ক্ষত পুষিয়ে নিতে পারলে - তারা মৃত্যুর পর আরো ভাল কোন জায়গায় যেতে পারবে।"" বেশ কয়েক বছর পর আরেকজন পুরুষ বন্দি সিস্টার জেরার্ডের সাথে যোগাযোগ করেন। ""তিনি আমাকে বলছিলেন কারাগারে আমার উপস্থিতি তার মনে শান্তি এনে দিয়েছিল।"" সিস্টার জেরার্ড বলছেন, কয়েদিদের ফাঁসির মঞ্চে নিয়ে যাওয়াকে তিনি অত্যন্ত সম্মানের কাজ বলে মনে করেন। ""জীবনের চরম মুহূর্তে কেউ যখন তাদের মনের গভীর দু:খগুলো ভাগ করে নেন এবং তাদের হৃদয়ে আমাকে স্থান দেন, তখন সেটা হয় ভালবাসা আর আস্থার সর্বোচ্চ প্রতীক,"" বলছেন তিনি। ঐ কয়েদির একটা কথা সিস্টার জেরার্ডের মনে এখনও গেঁথে আছে: ""সকালেই আমার সাথে ঈশ্বরের দেখা হবে। তখন তাকে আমি আপনার কথা জানাবো।"" সিঙ্গাপুরের কারা প্রশাসনের অধীনে ১৪টা কারাগার ও মাদক পুনর্বাসন কেন্দ্র রয়েছে। কর্তৃপক্ষ বলছে, বন্দিদের সহায়তার সাথে অঙ্গাঙ্গীভাবে জড়িয়ে রয়েছে এই ধরনের সেবা। ""সিস্টার জেরার্ড একজন স্বেচ্ছাসেবক হিসেবে আমাদের সাথে ৪০ বছর ধরে কাজ করছেন,"" একজন মুখপাত্র বিবিসিকে বলছিলেন, ""তার নিষ্ঠা, আবেগ, তার ত্যাগী মনোভাব আমাদের সবাইকে অনুপ্রাণিত করে।"" মৃত্যুদণ্ডের ইস্যু নিয়ে সিঙ্গাপুরে বিতর্ক রয়েছে। এখানকার অধিবাসীদের মতামতও বিভক্ত। দক্ষিণ-পূর্ব এশিয়ার এই ধনী নগর-রাষ্ট্রটি নাগরিকদের নিরাপত্তা এবং অপরাধের নিম্ন মাত্রা নিয়ে গর্বিত। চাঙ্গি কারাগারে আটক বন্দিরা। সরকার যদিও ২০১২ সালে মৃত্যুদণ্ডের আইনে কিছু পরিবর্তন এনেছে, কিন্তু সরকারি হিসেবেই দেখা যাচ্ছে ২০১৮ সালে ১৩ জনের মৃত্যুদণ্ড কার্যকর করা হয়েছে। তবে জনমত জরিপগুলো বলছে, কঠোর আইন-প্রয়োগের প্রশ্নে বড় ধরনের জনসমর্থন রয়েছে। ""মৃত্যুদণ্ডের পক্ষে জনসমর্থন সাধারণত বেশি,"" বলছেন কার্সটেন হান। 'উই বিলিভ ইন সেকেন্ড চান্স' নামে এক প্রতিষ্ঠানের তিনি সহ-প্রতিষ্ঠাতা। মৃত্যুদণ্ডপ্রাপ্ত আসামীদের পক্ষে কাজ করে এই প্রতিষ্ঠান। ""মৃত্যুদণ্ডকে দেখা হয় অপরাধ ঠেকানোর উপায় হিসেবে,"" বলছেন মিজ হান, ""এই ধরনের কঠোর আইন-প্রয়োগের প্রতি সিঙ্গাপুরবাসীদের সমর্থনের পেছনে বহু কারণ রয়েছে। কিন্তু এনিয়ে মুক্ত ও খোলাখুলি আলোচনা হয় কমই।"" আন্তর্জাতিক মানবাধিকার সংস্থা হিউম্যান রাইটস ওয়াচ মৃত্যুদণ্ডের ঘোর বিরোধী। এর একজন কর্মকর্তা ফিল রবার্টসন বলছেন, ""সহজাতভাবেই এটা এক নিষ্ঠুর প্রথা এবং আন্তর্জাতিক মানবাধিকারের খোলাখুলি বরখেলাপ।"" ""অন্যান্য দেশগুলো যখন একের পর এক মৃত্যুদণ্ড প্রথা রদ করে দিচ্ছে তখন সিঙ্গাপুরের ক্ষমতাসীন পিপলস্ অ্যাকশন পার্টি এই প্রথা চালিয়ে যেতে পারে না।"" ""কাউকে মেরে ফেলার ব্যাপারে সরকারের পদক্ষেপের পেছনে আসলে কোন যুক্তি নেই।"" সম্ভবত সেই কারণেই সিস্টার জেরার্ড ফার্নান্দেজ নিজেও মৃত্যুদণ্ডর বিপক্ষে, কারণ ""এটা মানুষের জীবন কেড়ে নেয়।"" ""প্রতিটা জীবনই অত্যন্ত মূল্যবান,"" বলছেন তিনি, ""আইনের প্রতি আমি শ্রদ্ধাশীল, কিন্তু তবুও আমি আশা করবো কোন এক সময় মৃত্যুদণ্ড প্রথা উঠে যাবে।"" বিবিসি বাংলায় আরও খবর: গণহারে শ্রমিক ফিরে আসার নেপথ্যে কি সৌদি 'ফ্রি ভিসা' অধ্যক্ষকে পানিতে নিক্ষেপ: যা ঘটেছিল সেদিন ভারতের সাথে চুক্তি: প্রধানমন্ত্রীকে চিঠি দেবে বিএনপি","সিস্টার জেরার্ড ফার্নান্দেজ, একজন ৮১ বছর বয়সী সন্ন্যাসিনী, সিঙ্গাপুরের চাঙ্গি কারাগারে মৃত্যুদণ্ডপ্রাপ্ত কয়েদিদের সেবা করছেন দীর্ঘ ৪০ বছর ধরে। তিনি একসময় স্কুলে পড়ানো টান মুই চু'র সাথে গভীর সম্পর্ক গড়ে তুলেছিলেন, যাকে ১৯৮৮ সালে দুটি শিশুকে হত্যার জন্য মৃত্যুদণ্ড দেওয়া হয়েছিল। সিস্টার জেরার্ড টানকে সহায়তা করে তাঁর আত্মবিশ্বাস পুনরুদ্ধার করতে সাহায্য করেন এবং মৃত্যুর আগে তাঁর সাথে কথা বলেন। সিস্টার জেরার্ড বিশ্বাস করেন যে, মৃত্যুদণ্ডের প্রথা মানবাধিকার লঙ্ঘন এবং প্রত্যেক জীবন অত্যন্ত মূল্যবান। তিনি মৃত্যুদণ্ডের বিপক্ষে এবং আশা করেন যে একদিন এই প্রথা বাতিল হবে।"
"শারীরিক অন্যান্য সমস্যার মতো মানসিক সমস্যায় আক্রান্ত হলে সঠিক কাউন্সেলিং ও চিকিৎসায় পুরোপুরি আরোগ্য লাভ করা যায়। যদিও শারীরিক অন্যান্য সমস্যার মতো মানসিক সমস্যায় আক্রান্ত হলে সঠিক কাউন্সেলিং ও চিকিৎসায় পুরোপুরি আরোগ্য লাভ করা যায়। কিন্তু শারীরিক বেদনার মতো জটিলতা তৈরি না হওয়ায় অনেকেই বুঝতে পারেন না, কখন আসলে তাদের চিকিৎসকের শরণাপন্ন হওয়া উচিত। মানসিক, পারিবারিক বা সামাজিক নানা ট্যাবুও এক্ষেত্রে বাধা হয়ে দাঁড়ায়। মানসিক রোগ বিশেষজ্ঞ ও মনোরোগবিদদের সঙ্গে কথা বলে বিবিসি জানার চেষ্টা করেছে, কী ধরণের আচরণ বা উপসর্গ দেখা গেলে চিকিৎসকের সঙ্গে যোগাযোগ করা উচিত। সামাজিক কুসস্কারের কারণেঅনেকেই মানসিক স্বাস্থ্য সমস্যার বিষয়টি চেপে যান। কখন বুঝবেন আপনি মানসিক রোগে আক্রান্ত মানসিক রোগ বিশেষজ্ঞ, জাতীয় মানসিক স্বাস্থ্য ইন্সটিটিউট ও হাসপাতালের সহযোগী অধ্যাপক ডা. মেখলা সরকার বলছেন, ''যখন কোন ব্যক্তির আচরণ, ব্যবহারে বড় ধরণের পরিবর্তন দেখা যায়, বিশেষ করে তার আবেগীয় প্রকাশের পরিবর্তন আসে এবং সেটা তার দৈনন্দিন কর্মকাণ্ডে, সম্পর্কে প্রভাব ফেলতে শুরু করে, তখনি তার প্রতি মনোযোগ দিতে হবে।'' তিনি বলছেন, মানসিক রোগের লক্ষণ হতে পারে: ডা. মেখলা সরকার বলছেন, এই সমস্যাগুলোর মানেই যে তার মানসিক রোগ হবে, তা নয়। তবে এসব উপসর্গ বা লক্ষণ দেখা গেলে একজন মানসিক রোগ বিশেষজ্ঞের সঙ্গে কথা বলা উচিত। তারা সেটা বিশ্লেষণ করে বুঝতে পারবেন যে, এখানে আসলে কোন ব্যবস্থা নেয়া উচিত কিনা। ঢাকা বিশ্ববিদ্যালয়ের মনোবিজ্ঞান বিভাগের অধ্যাপক ড. মাহফুজা খানম বলছেন, আমাদের সবার মধ্যে কিছু কিছু আচরণের অস্বাভাবিকতা থাকতে পারে। সেটা হলেই সবাইকে মানসিক রোগী বলা যাবে না। কিন্তু তার এই মনের অবস্থার কারণে যদি তার স্বাভাবিক বা প্রাত্যহিক কর্মকাণ্ড ব্যাহত হতে থাকে, তখনি বুঝতে হবে যে, সে হয়তো মানসিকভাবে অসুস্থ হয়ে পড়ছে। সময়মতো ব্যবস্থা না নিলে মানসিক সমস্যা গুরুতর হতে পারে। সাধারণ মনখারাপ, বিষণ্ণতা আর মানসিক রোগ কি একই? মানসিক রোগ বিশেষজ্ঞরা বলছেন, মানুষের মন যেমন আনন্দিত হয়, তেমনি কখনো কখনো খারাপও হতে পারে। কিন্তু মন খারাপ বা বিষণ্নতাভাব যদি দীর্ঘদিন ধরে চলতে থাকে তখন মানসিক স্বাস্থ্যের বিষয়ে নজর দিতে হবে। ডা. সরকার বলছেন, ''আমাদের সবার জীবনেই কখনো কখনো মন খারাপ হতে পারে। কিন্তু সেটা বেশিক্ষণ বা বেশিদিন থাকার কথা নয়। অথবা ভালো কোন ঘটনায়, খবরে সেটা ভালো হয়ে যাওয়ার কথা। কিন্তু দুই সপ্তাহের বেশি সময় ধরে যদি টানা মনখারাপ ভাব বা বিষণ্ণতা থাকে, তখন সেটা মানসিক রোগের উপসর্গ বলে ধরে নিতে হবে।'' বিষণ্ণতাকে একটি গুরুত্বপূর্ণ মানসিক স্বাস্থ্য সমস্যা হিসেবে বিবেচনা করা হয়। কারণ শুরুতেই এর প্রতি যথাযথ দৃষ্টি না দিলে এ থেকে গুরুতর সমস্যা তৈরি হতে পারে। বিষণ্ণতা বলতে অনেকে মন খারাপকে বুঝে থাকেন। ''বিষণ্ণতা রোগে আক্রান্ত হলে ঘরে বাইরে, অফিসে বা প্রিয় জায়গাগুলোয় গেলেও মন ভালো হয় না। যতই ভালো ঘটনা ঘটুক, প্রিয় জায়গায় যাওয়া হোক, তখন মনের খারাপ ভাবের পরিবর্তন হয় না। তখন পারস্পরিক সম্পর্কের ওপরেও প্রভাব পড়তে শুরু করে।'' বলছেন ডা. সরকার। বাংলাদেশের অনেক এলাকায় মানসিক রোগীদের শিকল দিয়ে বেধে রাখা হয়, যদিও সেই মানসিকতায় এখন পরিবর্তন আসছে সামাজিক ট্যাবুর পরিবর্তন আসছে মানসিক রোগ বিশেষজ্ঞ, জাতীয় মানসিক স্বাস্থ্য ইন্সটিটিউট ও হাসপাতালের সহযোগী অধ্যাপক মেখলা সরকার বলছেন, একটা সময়ে মানসিক রোগ নিয়ে জনসাধারণের মধ্যে একপ্রকার ভীতি বা ট্যাবু ছিল। কিন্তু এখন সেটা অনেকাংশে কাটতে শুরু করেছে। ''গত ৭০ বছরে মানসিক রোগ চিকিৎসায় ব্যাপক পরিবর্তন হয়েছে। এখন চিকিৎসার মাধ্যমে জটিল রোগীরাও সুস্থ হয়ে উঠতে পারেন। মানুষ সেটা এখন বুঝতে শুরু করেছে। বিশেষ করে গত ১০ বছরে তাদের ট্যাবু অনেকটাই ভেঙ্গে গেছে। এখন অনেকেই মানসিক চিকিৎসার জন্য আসছেন।'' তিনি বলছেন। ''এখন অনেকে খুব সাধারণ মানসিক সমস্যা নিয়েও আমাদের কাছে আসছেন।'' বিবিসি বাংলার অন্যান্য খবর: মিয়ানমারের জঙ্গলে আবিষ্কার হলো নতুন প্রজাতির বানর 'নূর হোসেনের শরীরে শ্লোগান লিখেছিলাম আমি' আমেরিকার নির্বাচনে ভোট জালিয়াতির অভিযোগ তদন্ত করে যা পেয়েছে বিবিসি মানসিক হাসপাতালে পুলিশ কর্মকর্তাকে হত্যার অভিযোগ মানসিক রোগ হলে তার অনেকগুলো শারীরিক প্রভাবও দেখা যায়। যেমন মাথাব্যথা, বুকে ব্যথা, শ্বাসে সমস্যা, অনীহা বা দুর্বলতা ইত্যাদি উপসর্গ দেখা যায়। শিশুদের মানসিক রোগ কীভাবে বোঝা যাবে? বাংলাদেশের জাতীয় মানসিক স্বাস্থ্য ইন্সটিটিউট ও বিশ্ব স্বাস্থ্য সংস্থার উদ্যোগে ঢাকা পরিচালিত একটি জরিপে দেখা গেছে শিশু কিশোরদের আঠার শতাংশের বেশি বিষণ্ণতায় আক্রান্ত। অধ্যাপক ডা. মেখলা সরকার বলছেন, মানসিক রোগ হলে তার অনেকগুলো শারীরিক প্রভাবও দেখা যায়। যেমন মাথাব্যথা, বুকে ব্যথা, শ্বাসে সমস্যা, অনীহা বা দুর্বলতা ইত্যাদি উপসর্গ দেখা যায়। ''এই রকম রোগীদের পরীক্ষা নিরীক্ষার পরে যদি দেখা যায় যে, তার আসলে শারীরিক কোন সমস্যা নেই, তারপরেও তিনি এরকম সমস্যায় ভুগছেন। তখন এটা মানসিক কারণে হতে পারে বলে আমরা সন্দেহ করি।'' ''শিশুদের ক্ষেত্রেও তাই। অনেক সময় দেখা যায়, তার আচরণে সমস্যা তৈরি হয়েছে। সে খুব রেগে যাচ্ছে, ভাঙচুর করছে, বাবা-মায়ের সঙ্গে খারাপ ব্যবহার করছে। বন্ধুদের সঙ্গে মিশতে পারছে না। পড়ালেখায় আগ্রহ নেই, ঘুম হচ্ছে না, খাওয়াদাওয়া ঠিকমতো করছে না। এসব লক্ষণ দেখা গেলে তার মানসিক স্বাস্থ্যের দিকে গুরুত্ব দিতে হবে।'' তিনি বলছেন। মানসিক রোগের চিকিৎসায় কাউন্সিলিং অনেক সহায়তা করে মানসিক রোগে আক্রান্ত হলে কী করতে হবে? পৃথিবীজুড়ে মানসিক রোগের দুই ধরণের চিকিৎসা করা হয়ে থাকে। তার একটি হচ্ছে কাউন্সেলিং বা পরামর্শ সেবা। আরেকটি ওষুধের মাধ্যমে চিকিৎসা। ঢাকা বিশ্ববিদ্যালয়ের মনোবিজ্ঞান বিভাগের অধ্যাপক ড. মাহফুজা খানম বলছেন, ''কেউ মানসিক রোগে আক্রান্ত হলে মনোরোগবিদদের পরামর্শ নিতে পারেন। অনেক সময় কাউন্সেলিং থেরাপির মাধ্যমে সহজেই এই রোগ থেকে মুক্তি পাওয়া যায়।'' ''কিন্তু সেটা না হলে অবশ্যই মানসিক রোগ বিশেষজ্ঞ চিকিৎসকের সহায়তা নিতে হবে। তখন তারা ওষুধের মাধ্যমে রোগের চিকিৎসা করে থাকেন। প্রয়োজন ভেদে হাসপাতালে ভর্তি করেও চিকিৎসার দরকার হতে পারে।'' তিনি বলছেন। তবে বাংলাদেশের সর্বত্র এখনো মানসিক রোগ বিশেষজ্ঞের সেবা পাওয়া যায় না। মূলত এই সেবাটি এখনো প্রধান শহরকেন্দ্রিক। তবে মাহফুজা খানম পরামর্শ দিচ্ছেন, এখন অনেক বিশেষজ্ঞ অনলাইনে রোগী দেখছেন। এসব ক্ষেত্রে অনলাইনে বিশেষজ্ঞের পরামর্শ নেয়া যেতে পারে।a","মানসিক সমস্যায় আক্রান্ত হলে সঠিক কাউন্সেলিং ও চিকিৎসায় পূর্ণ আরোগ্য সম্ভব, তবে অনেকেই সামাজিক কুসংস্কারের কারণে এই সমস্যাগুলি চেপে যান। মানসিক রোগের লক্ষণ হিসেবে আচরণে বড় পরিবর্তন, আবেগীয় উৎকণ্ঠা, দীর্ঘদিনের বিষণ্ণতা বা মন খারাপ থাকতে পারে। বিশেষজ্ঞরা বলছেন, যদি এসব লক্ষণ দেখা যায়, তাহলে চিকিৎসকের পরামর্শ নেওয়া উচিত। বিষণ্ণতা যেমন শারীরিক উপসর্গ সৃষ্টি করতে পারে, তেমনই শিশুদের মধ্যে আচরণগত পরিবর্তনও মানসিক সমস্যার ইঙ্গিত হতে পারে। মানসিক রোগের চিকিৎসা হিসেবে কাউন্সেলিং ও ওষুধ ব্যবহার করা হয়। তবে বাংলাদেশের অনেক এলাকায় এখনো মানসিক রোগ বিশেষজ্ঞের সেবা সীমিত, তবে অনলাইনে সেবা পাওয়া যাচ্ছে।"
"নিয়ম অনুযায়ী, আঙ্গুলের ছাপ ছাড়া কোন সিম বিক্রি করা যাবে না এসব সিম নানা ধরনের অপরাধমূলক তৎপরতায় ব্যবহার করা হচ্ছে বলে সিআইডির কর্মকর্তারা বলছেন। মোবাইল ফোনের সিম রেজিস্ট্রেশনের সময় আঙুলের ছাপ এবং জাতীয় পরিচয়পত্রের তথ্য যখন জমা নেয়া হচ্ছিল, তখন অনেকেই প্রশ্ন তুলেছেন যে এসব যথাযথ নিরাপত্তার মাধ্যমে সংরক্ষণ করা হবে কিনা। এখন এনিয়ে আবারো নতুন উদ্বেগ তৈরি হচ্ছে। সিআইডি বলেছে, ঢাকা এবং রংপুরে অভিযান চালিয়ে তারা যে ১২০০ সিম জব্দ করেছে সেগুলো রাষ্ট্র নিয়ন্ত্রিত মোবাইল টেলিফোন কোম্পানি টেলিটকের। বিভিন্ন ব্যক্তির জাতীয় পরিচয়পত্রের নম্বর ব্যবহার করে এসব সিম ক্রয়-বিক্রয় করা হয়েছে। যাদের জাতীয় পরিচয়পত্রের নম্বর ব্যবহার করা হয়েছে তারা হয়তো জানতেনই না যে জালিয়াত চক্র এ কাজ করছে। এমনটাই বলছেন সিআইডির অতিরিক্ত বিশেষ পুলিশ সুপার রাজীব ফরহান। বাংলাদেশে ৭৫ ও ৮১ সালের মতো অভ্যুত্থানের ঝুঁকি কমেছে: সাবেক সেনাপ্রধান জেনারেল হারুন সৌদি আরব ও ইরানের মধ্যে উত্তেজনা যারা এসব তথ্য চুরি করেছে, তারা কোম্পানির ভেতরে কর্মরত আছেন বলে সিআইডি মনে করছে। ""যারা এ কাজগুলো করছে, আমি এখন মোটামুটি নিশ্চিত যে তাদের ঐ ধরনের একসেস (প্রবেশাধিকার) আছে সিস্টেমের উপরে। যেখানে যেখানে তারা বাধার সম্মুখীন হয়েছে সেখানেও তারা পার পেয়েছে,"" বলছিলেন সিআইডির কর্মকর্তা রাজীব ফরহান। তিনি মনে করেন, এই বিশেষ ঘটনায় দেখা গেছে মোবাইল ফোন গ্রাহকদের তথ্য সংরক্ষণ ব্যবস্থা খুবই দুর্বল। বায়োমেট্রিক পদ্ধতিতে সিম নিবন্ধনের কাজ চলছে, ফাইল ফটো এসব মোবাইল সিম চাঁদাবাজি, মানুষকে ভয়ভীতি দেখানো, অবৈধ অর্থ লেনদেনসহ নানা অপরাধের জন্য ব্যবহার করা হতো। এসব অপরাধের তদন্ত করতে গিয়ে যাদের নামে সিম কেনা হয়েছে, পুলিশ কখনো-কখনো তাদের পাকড়াও করছে। পরবর্তীতে দেখা যায়, তাদের নামে সংযোগ ব্যবহার করে অন্যরা অপরাধ করছে। ঢাকা বিশ্ববিদ্যালয়ের তথ্য প্রযুক্তি ইন্সটিটিউটের শিক্ষক মইনুল হোসেন বলছেন, নাগরিকদের তথ্য মোবাইল কোম্পানি কিংবা অন্য কর্তৃপক্ষের কাছে কতটা নিরাপদ সে প্রশ্ন উঠেছে। বন্দীদশা থেকে যেভাবে ক্ষমতার কেন্দ্রে এলেন জিয়াউর রহমান ভারতের দিল্লিতে মারাত্মক ধোঁয়াশা: জনস্বাস্থ্যের জন্য 'ইমার্জেন্সি' মি: হোসেন বলেন, ""সারা জীবনে যদি একবারও আপনার ফিঙ্গার প্রিন্ট চুরি হয়ে জালিয়াত চক্রের কাছে চলে যায়, তাহলে কিন্তু সারা জীবনের জন্য আপনার ডেটা (তথ্য) চলে গেল। জনগণ যখন ফিঙ্গার প্রিন্ট দেয়, তখন তারা আশা করে এটা সর্বোচ্চ সতর্কতার সাথে তার প্রাইভেসি (ব্যক্তিগত গোপনীয়তা) রক্ষা হবে।"" তিনি মনে করেন, প্রতি ছয় মাস পর-পর তথ্য সংরক্ষণ ব্যবস্থার নিরাপত্তা যাচাই করতে হবে। মোবাইল ফোনের গ্রাহকদের আঙুলের ছাপ এবং জাতীয় পরিচয়পত্রের মাধ্যমে যখন রেজিস্ট্রেশনের উদ্যোগ নেয়া হয়েছিল তখন তথ্যের নিরাপত্তা নিয়ে অনেকেই সন্দেহ পোষণ করেছিলেন। সমালোচকরা এমন আশংকাও প্রকাশ করেছিলেন যে নাগরিকদের তথ্য বেহাত হয়ে যেতে পারে। মোবাইল ফোনের সিম রেজিস্ট্রেশনের সময় আঙুলের ছাপ এবং জাতীয় পরিচয়পত্রের তথ্য যখন জমা নেয়া হচ্ছিল, তখন অনেকেই প্রশ্ন তুলেছেন যে এসব যথাযথ নিরাপত্তার মাধ্যমে সংরক্ষণ করা হবে কিনা। তাহলে এখন কী সেসব আশংকা সত্যি হচ্ছে? বাংলাদেশে টেলিযোগাযোগ নিয়ন্ত্রণ কমিশন বা বিটিআরসির চেয়ারম্যান শাহজাহান মাহমুদ মনে করেন এক্ষেত্রে মোবাইল অপারেটরদের চেয়ে খুচরা পর্যায়ের বিক্রেতারা বেশি দায়ী। তিনি বলেন, "" যেহেতু আমরা একজন ব্যক্তিকে সর্বোচ্চ ১৫টা সিম অ্যালাউ করি, সেজন্য কোন একটা লোক যখন সিম নিতে যায় তখন সে ফিঙ্গার প্রিন্ট দিয়ে একটা সিম নিয়ে চলে গেল। তখন বাকি ১৪টা সিম ওর নামে নিয়ে রিটেইলার রেখে দেয়। রেখে দিয়ে তখন আরেকজনের কাছে বিক্রি করে।"" বিটিআরসির চেয়ারম্যান বলেন, অনেক খুচরা বিক্রেতা ইচ্ছাকৃতভাবে ক্রেতাদের একাধিক ফিঙ্গার প্রিন্ট বা আঙুলের ছাপ নেয়। এর মাধ্যমে অনেকে খুচরা বিক্রেতা জালিয়াতির আশ্রয় নেয় বলে উল্লেখ করেন তিনি। সিআইডির কর্মকর্তা এবং বিশ্লেষকরাও মনে করেন, গ্রাহকদের তথ্য সংরক্ষণ ব্যবস্থা কতটা দুর্বল সর্বশেষ ঘটনা সেটিই প্রমাণ করলো।","বাংলাদেশে মোবাইল সিম রেজিস্ট্রেশনের সময় আঙ্গুলের ছাপ ও জাতীয় পরিচয়পত্রের তথ্য সংগ্রহ করা হলেও, সম্প্রতি সিআইডির তদন্তে উঠে এসেছে যে এসব তথ্য যথাযথভাবে নিরাপত্তা সংরক্ষণ করা হয়নি। ঢাকায় এবং রংপুরে অভিযান চালিয়ে সিআইডি ১২০০ সিম জব্দ করেছে, যেগুলো রাষ্ট্র নিয়ন্ত্রিত মোবাইল কোম্পানি টেলিটেকের। এসব সিমের জন্য বিভিন্ন ব্যক্তির জাতীয় পরিচয়পত্রের নম্বর ব্যবহার করা হয়েছে, এবং যাদের নাম ব্যবহার করা হয়েছে, তারা জানতেও পারেননি। সিআইডির কর্মকর্তারা মনে করছেন, এই জালিয়াতি চক্রে কিছু অভ্যন্তরীণ কর্মী জড়িত, যারা সিস্টেমে প্রবেশাধিকার রাখেন।"
"ইন্টারনেট ব্ল্যাকআউট: নানা দেশে নানা অজুহাতে সরকার এই কাজ করে মারকোস লেমা একটি প্রযুক্তি উদ্ভাবন কোম্পানি 'আইসএডিস' এর প্রতিষ্ঠাতা। তার এই কাজের জায়গাটি প্রতিদিন যাদের উপস্থিতিতে সরগম থাকে, তাদের অনেকের চোখেই বড় স্বপ্ন। কিন্তু যখন ইন্টারনেট বন্ধ করে দেয়া হয়, তখন তাদের সবকিছু অংকুরেই যেন নষ্ট হয়ে যায়। একটি ডিজিটাল অধিকার গোষ্ঠী 'একসেস নাউ' বিবিসির সঙ্গে যেসব তথ্য শেয়ার করেছে, তাতে দেখা যাচ্ছে গত বছর ৩৩টি দেশে অন্তত ২০০ বার ইচ্ছেকৃতভাবে ইন্টারনেট বন্ধ করে দেয়া হয়েছিল। ""যখন এমনটা হয়, তখন এখানে গাড়ি চলাচলও যেন বন্ধ হয়ে যায়। এখানে কেউ আসে না। যদিও আসে, বেশিক্ষণ থাকে না। কারণ ইন্টারনেট ছাড়া তারা এখানে করবেটাই বা কী"", বলছেন মারকোস। ""একটা সফ্টওয়্যার তৈরি করে দেয়ার জন্য আমরা একটা চু্ক্তি করেছিলাম, কিন্তু আমাদের সেটি বাতিল করে দিতে হয়েছিল, কারণ আমরা সময়মত কাজটা করতে পারতাম না.... এখানে কোন ইন্টারনেট সংযোগ ছিল না। আমাদের আন্তর্জাতিক কাস্টমাররা মনে করতো, আমরা তাদের উপেক্ষা করছি। আসলে ব্যাপারটা তা নয়, আমাদের কিছু করার ছিল না।"" আদ্দিস আবাবায় নিজের অফিসে মারকোস লেমা ""মোটরবাইক চালকরা খাবার পৌঁছে দেয়ার বদলে বসে থাকে। ইন্টারনেট সংযোগ ছাড়া মানুষ তো অনলাইনে বা অ্যাপের মাধ্যমে অর্ডার দিতে পারে না"", বলছেন মারকোস। ""যখন ইন্টারনেট সংযোগ বন্ধ করে দেয়া হয়, তখন ব্যবসা-বাণিজ্য আর মানুষের ওপর এর একটা বড় ধাক্কা এসে পড়ে।"" বিচ্ছিন্ন ইন্টারনেট সংযোগ এঘটনা শুধু ইথিওপিয়ায় নয়, আর এর প্রতিক্রিয়া কেবল অর্থনৈতিক নয়। 'একসেস নাউ' তাদের গবেষণায় দেখতে পেয়েছে এভাবে ইন্টারনেট বন্ধ করে দেয়ার কারণে সারা বিশ্ব জুড়ে লাখ লাখ মানুষ নানাভাবে ক্ষতিগ্রস্থ হচ্ছে। বিভিন্ন দেশে সরকারি কর্মকর্তারা চাইলেই ইন্টারনেট সেবা বন্ধ করে দিতে পারে। তারা অনেক সময় ইন্টারনেট সার্ভিস প্রোভাইডার বা সেবা প্রদানকারী প্রতিষ্ঠানকে নির্দেশ দেয় একটি নির্দিষ্ট এলাকায় ইন্টারনেট সিগন্যাল বন্ধ করে দিতে। অথবা অনেক সময় একটি নির্দিষ্ট ওয়েব ঠিকানা বা সার্ভিস তারা ব্লক করে দেয়। মানবাধিকার গোষ্ঠীগুলো বলছে, বিশ্বের অনেক দেশের সরকার এখন এটিকে দমননীতির একটি হাতিয়ার হিসেবে ব্যবহার করছে। বিবিসি নতুন কিছু তথ্য বিশ্লেষণ করে দেখতে পাচ্ছে, এভাবে ইন্টারনেট বন্ধ করে দেয়ার সঙ্গে প্রতিবাদ-বিক্ষোভের সময়ের একটা সম্পর্ক আছে। কেবল ২০১৯ সালেই ৬০টি প্রতিবাদ-বিক্ষোভের সময় ইন্টারনেট বন্ধ করে দেয়ার ঘটনা ঘটেছে। নির্বাচনের সময় ইন্টারনেট বন্ধ করে দেয়ার ঘটনা ঘটেছে ১২ বার। বিভিন্ন দেশের সরকার অবশ্য যুক্তি দেখায় যে জননিরাপত্তার স্বার্থে বা ভুয়া খবর ছড়ানো বন্ধ করতে তাদের এরকম ব্যবস্থা নিতে হয়। কিন্তু সমালোচকরা বলছেন, ব্যাপারটা মোটেই তা নয়, এটা করা হয় অনলাইনে তথ্য সরবরাহ বন্ধ করতে এবং রাস্তায় যে কোন ধরণের প্রতিবাদ-বিক্ষোভ দমনের লক্ষ্যে। . ২০১৬ সালে জাতিসংঘ ইন্টারনেটের সংযোগকে মানবাধিকার বলে ঘোষণা করেছিল। জাতিসংঘের টেকসই উন্নয়ন লক্ষ্যমাত্রায় (এসডিজি) ইন্টারনেটে সবার যুক্ত হওয়ার সুযোগকে অন্যতম লক্ষ্য বলে ঘোষণা করা হয়। কিন্তু বিশ্বের অনেক দেশের নেতারা এই ধারণাটি মেনে নিতে রাজী নন। ২০১৯ সালের অগাষ্টে ইথিওপিয়ার প্রধানমন্ত্রী অ্যাবি আহমেদ ঘোষণা করেন যে ইন্টারনেট 'পানি' বা 'বাতাস' নয়। কাজেই জাতীয় স্থিতিশীলতার লক্ষ্যে ইন্টারনেট বন্ধ করার বিষয়টি সরকারের একটি গুরুত্বপূর্ণ অস্ত্র হিসেবে ব্যবহার করেই যাবে। অন্যান্য খবর: মিসরের সাবেক শাসক হোসনি মোবারক মারা গেছেন সোয়াইন ফ্লু-তে আক্রান্ত ভারতের ছয় জন বিচারপতি শহরে ট্রাম্প, তবু যেভাবে রণক্ষেত্র হয়ে উঠল দিল্লি পাপিয়াকে ঘিরে বিতর্কে আওয়ামী লীগে অস্বস্তি তবে মিস্টার অ্যাবির এই ঘোষণায় মারকোস লেমা এখনো ক্ষুব্ধ। ""সরকার ইন্টারনেটকে এখনো অতি জরুরী জিনিস বলে ভাবে না। তারা মনে করে ইন্টারনেট মানে কেবল সোশ্যাল মিডিয়া, কাজেই এটার যে একটা অর্থনৈতিক গুরুত্ব আছে, অর্থনীতির ওপর এর কী প্রভাব পড়ে, সেগুলো তারা বুঝতে পারে না।"" ভারতে সবচেয়ে বেশি ইন্টারনেট ব্ল্যাকআউটের শিকার হয়েছে বিতর্কিত কাশ্মীর অঞ্চল ইন্টারনেট ব্ল্যাকআউটের শীর্ষে ভারত ২০১৯ সালের যে নতুন তথ্য পাওয়া গেছে, তাতে দেখা যায় গত বছর ভারতেই সবচেয়ে বেশি ইন্টারনেট বন্ধ করে দেয়ার ঘটনা ঘটেছে। ভারতের বিভিন্ন জায়গায় গত বছর ১২১ বার মোবাইল ডাটা বা ইন্টারনেট বন্ধ করে দেয়ার ঘটনা ঘটেছে। এর মধ্যে ৬৭ শতাংশ ক্ষেত্রে এই ইন্টারনেট বন্ধ করার ঘটনা ঘটেছে ভারত শাসিত বিতর্কিত অঞ্চল কাশ্মীরে। মধ্য আফ্রিকার দেশ শাডে সবচেয়ে বেশি সময় ধরে ইন্টারনেট বন্ধ রাখা হয়েছিল। ২০১৮ সালে এই ইন্টারনেট শাটডাউন শুরু হয়, চলে ২০১৯ সাল পর্যন্ত ১৫ মাস ধরে। সুদান এবং ইরাকেও ইন্টারনেট বন্ধ রাখা হয়েছিল। তখন লোকজনকে 'অফলাইনে' তাদের সব কাজ সারতে হয়েছে। তবে এই প্রতিটি ক্ষেত্রেই ইন্টারনেট বন্ধ করার প্রভাব-প্রতিক্রিয়া ছিল ভিন্ন। কোন দেশে হয়তো পুরো দেশেই ইন্টারনেট বন্ধ করে দেয়া হয়েছে, কোথাও কোন সুনির্দিষ্ট অঞ্চলে, আবার কোন দেশে হয়তো কেবল সোশ্যাল মিডিয়া সাইট ব্লক করে দেয়া হয়েছিল। অনেক দেশের সরকার ইন্টারনেট ব্ল্যাকআউটের জন্য 'থ্রটলিং' বা 'শ্বাসরোধে'র পথ বেছে নেয়, এধরণের ব্ল্যাকআউট মনিটর করা কঠিন। এতে আসলে ইন্টারনেট ডাটা সার্ভিসের গতি খুব ধীর করে দেয়া হয়। যেমন কোন দেশে হয়তো ফোর-জি মোবাইল ডাটা সার্ভিস আছে, কিন্তু সেটিকে টু-জি'তে নামিয়ে আনা হলো যাতে কেউ ভিডিও শেয়ার করতে না পারে বা লাইভস্ট্রীম করতে না পারে। ২০১৯ সালে সুদানে বিক্ষোভের সময় ইন্টারনেট-টেলিফোন সব বন্ধ করে দেয়া হয়েছিল। ২০১৯ সালের মে মাসে তাজিকিস্তানে এরকম ঘটনা ঘটেছিল। সেদেশের প্রেসিডেন্ট তখন স্বীকার করেছিলেন সব ধরণের সোশ্যাল নেটওয়ার্ক বন্ধের জন্য এটা করা হয়েছিল। কারণ তার ভাষায় 'ফেসবুক, টুইটার এবং ইনস্টাগ্রামের মতো সাইটে সন্ত্রাসবাদী তৎপরতা চলার ঝুঁকি আছে।' কিছু কিছু দেশ, যেমন রাশিয়া এবং চীন, এমন এক ধরণের ব্যবস্থা নিয়ে পরীক্ষা-নিরীক্ষা চালাচ্ছে যেখানে পুরো দেশের ইন্টারনেটকে বাকী বিশ্ব থেকে একদম বিচ্ছিন্ন করে ফেলা যাবে। ইন্টারনেটের ওপর আরও বেশি নিয়ন্ত্রণ আরোপের চেষ্টা এটি। ডিজিটাল অধিকার গোষ্ঠী 'একসেস নাউ' বলছে, ""মনে হচ্ছে যেন বিশ্বের বিভিন্ন দেশ পরস্পরের কাছ থেকে শিখছে কিভাবে ইন্টারনেট নিয়ন্ত্রণ করতে হবে এবং ইন্টারনেট একেবারে বন্ধ করে দেয়ার চরম পদক্ষেপটি কীভাবে নেয়া যায়। তাদের লক্ষ্য সমালোচকদের মুখ বন্ধ করা এবং কোন নজরদারি ছাড়াই মানবাধিকার লঙ্ঘন চালিয়ে যাওয়া।""","ইন্টারনেট ব্ল্যাকআউট বিশ্বব্যাপী একটি ক্রমবর্ধমান উদ্বেগের বিষয়, যেখানে বিভিন্ন দেশ সরকাররা প্রতিবাদ বা অস্থিরতার সময় ইন্টারনেট সংযোগ বন্ধ করে দেয়। ২০১৯ সালে, ৩৩টি দেশে ২০০টি এমন ব্ল্যাকআউট ঘটেছিল, যা ব্যবসা, যোগাযোগ এবং অর্থনীতিতে ক্ষতি করে। ডিজিটাল অধিকার গোষ্ঠীগুলি মনে করে যে এসব ব্যবস্থা বিরোধী মত দমন এবং তথ্য নিয়ন্ত্রণের জন্য ব্যবহৃত হচ্ছে। সরকারগুলি সাধারণত জাতীয় নিরাপত্তার জন্য এটি প্রয়োজনীয় বলেই যুক্তি দেয়, তবে সমালোচকরা একে মুক্তমত এবং মানবাধিকার সীমিত করার একটি কৌশল হিসেবে দেখেন।"
"উহানে যে করোনাভাইরাসের প্রাদুর্ভাব দেখা দিয়েছে সেরকমই একটি করোনাভাইরাসের আণুবিক্ষনীক চিত্র। একে করোনাভাইরাস বলে উল্লেখ করা হচ্ছে। কিন্তু এটা আসলে ওই ভাইরাসটির নাম নয়, বরং ভাইরাসের যে গ্রুপ বা দলে এটির অবস্থান সেটির নাম করোনাভাইরাস। এটির সাময়িক একটা নামও দেয়া হয়েছিল ২০১৯-এনকভ হিসেবে। কিন্তু বলার ক্ষেত্রে এটা খুব একটা সহজ নয়। রুদ্ধদ্বারে একদল বিজ্ঞানী এই ভাইরাসটির একটি উপযুক্ত নাম ঠিক করার কসরত করে যাচ্ছিলেন। এখন তারা বিবিসিকে জানিয়েছেন, যে তারা খুব শিগগিরই নাম ঘোষণা করতে যাচ্ছে। এতো সময় লাগলো কেন? ""নতুন কোন ভাইরাসের নামকরণ সাধারণত কিছুটা দেরিতে হয় এবং জন স্বাস্থ্যের উপর এটি কী ধরণের প্রভাব ফেলে তার উপর গুরুত্ব দেয়া হয়, যা যুক্তিসম্মত,"" বলেন ক্রিস্টাল ওয়াটসন যিনি জনস হপকিন্স সেন্টার ফর হেলথ সিকিউরিটির সহকারী অধ্যাপক এবং জ্যেষ্ঠ স্কলার। ""কিন্তু নামকরণকেও অগ্রাধিকার দেয়ার কারণ রয়েছে।"" নতুন এই ভাইরাসকে চিহ্নিত করতে বিজ্ঞানীরা একে নোভেল বা নতুন করোনাভাইরাস নামে ডাকছেন। অণুবীক্ষণ যন্ত্রের মধ্যে দিয়ে দেখলে মুকুটের মতো স্পাইক বা কাটা থাকে বলে এদের করোনাভাইরাস নামকরণ করা হয়েছে। চীনের উনান প্রদেশের একটি রেলস্টেশনকে জীবাণুমুক্ত করছে স্বেচ্ছাসেবীরা। বিশ্ব স্বাস্থ্য সংস্থা (ডাব্লিউএইচও) একে প্রাথমিকভাবে ২০১৯-এনকভ নামে ডাকার সুপারিশ করেছে- যার মধ্যে এটি কোন সালে আবিষ্কৃত হয়েছিল অর্থাৎ ২০১৯ এবং ""এন"" দিয়ে নোভেল বা নিউ বা নতুন বোঝায় এবং ""কভ"" দিয়ে করোনাভাইরাস বোঝায়। তবে এটাই চূড়ান্ত নয়। ""বর্তমানে এটির যে নাম আছে তা ব্যবহার সহজ নয় এবং জনগণ এবং মিডিয়া এর অন্য নাম ব্যবহার করছে,"" বলেন ডা. ওয়াটসন। ""আনুষ্ঠানিক নাম না থাকার সমস্যা হচ্ছে মানুষ এটাকে চায়না ভাইরাস বলে ডাকতে শুরু করে, আর এটা নির্দিষ্ট জনগণের জন্য নেতিবাচক হতে পারে।"" সোশ্যাল মিডিয়ায় অনানুষ্ঠানিক নাম দ্রুত ছড়িয়ে পড়ে এবং পরে তা আর পরিবর্তন করাটা কঠিন হয়ে পড়ে, তিনি বলেন। করোনাভাইরাস: লক্ষণ ও বাঁচার উপায় কী? জরুরী ভিত্তিতে ভাইরাসটির আনুষ্ঠানিক নামকরণ করার দায়িত্ব ইন্টারন্যাশনাল কমিটি অন ট্যাক্সোনমি অব ভাইরাসেস-আইসিটিভি নামে একটি প্রতিষ্ঠানের। এর আগের প্রাদুর্ভাবটি এই দলটির জন্য সতর্কতামূলক উদাহরণ ছিল। ২০০৯ সালে এইচওয়ানএনওয়ান ভাইরাসের নাম দেয়া হয়েছিল ""সোয়াইন ফ্লু""। এর কারণে মিশর তাদের সব শুকর মেরে ফেলেছিল, যদিও ভাইরাসটি শুকরের মাধ্যমে নয় বরং মানুষের মাধ্যমে ছড়ায়। আনুষ্ঠানিক নাম অনেক সময় সমস্যাও তৈরি করে। ২০১৫ সালে মার্স (মিডল ইস্ট রেসপিরেটরি সিনড্রোম) নামেরও সমালোচনা করেছিল বিশ্ব স্বাস্থ্য সংস্থা। ""আমরা দেখেছি যে কিছু কিছু রোগের নামে নির্দিষ্ট কোন ধর্মের বা নৃ-গোষ্ঠীর মানুষদের জন্য নেতিবাচকতা উস্কে দেয়, যার কারণে ভ্রমণ, ব্যবসা-বাণিজ্যে অন্যায় আচরণের মুখে পড়ে তারা, আর অনেক সময় পশু-পাখিদের হত্যাও করা হয়,"" এক বিবৃতিতে একথা বলে সংস্থাটি। যার কারণে, এটি নীতিমালা প্রণয়ন করে। এই নীতিমালা অনুযায়ী, নতুন করোনাভাইরাসের নামকরণের ক্ষেত্রে যেসব বিষয় থাকা উচিত নয় সেগুলো হচ্ছে: •ভৌগলিক অবস্থান •মানুষের নাম •জীবজন্তুর নাম বা খাদ্যদ্রব্যের নাম •নির্দিষ্ট কোন সংস্কৃতি বা শিল্পের উদ্ধৃতি এতে বলা হয় যে, নামটি হবে ছোট কিন্তু বর্ণনামূলক- যেমন সার্স (সিভিয়ার অ্যাকিউট রেসপিরেটরি সিনড্রোম) কিন্তু নামটি নির্ধারণের জন্য একটি সম্পর্ক বা হুকও দরকার, বলেন বেঞ্জামিন নিউম্যান যিনি ভাইরোলজির একজন অধ্যাপক। আইসিটিভির ১০ সদস্যের গবেষক দলের মধ্যেও তিনি একজন যারা নাম ঠিক করার দায়িত্বে রয়েছেন। ""অন্য সব নামের তুলনায় এটি বলতে সহজ হতে হবে।"" করোনাভাইরাস নিরাপত্তায় যে সতর্কতা প্রয়োজন দুই সপ্তাহ আগে এই দলটি নাম নির্ধারণের জন্য আলোচনা শুরু করে এবং শেষ মেষ দুই দিনের আলোচনার পর তারা একটি নামের বিষয়ে নিয়ে ঐক্যমতে পৌঁছান, বলেন অধ্যাপক নিউম্যান যিনি যুক্তরাষ্ট্রের টেক্সাস এএন্ডএম ইউনিভার্সিটির জীববিজ্ঞান বিভাগের প্রধান। তারা এখন নামটি প্রকাশের জন্য একটি বিজ্ঞানভিত্তিক জার্নালে জমা দিচ্ছে এবং আশা করা হচ্ছে যে, কয়েক দিনের মধ্যেই এটি ঘোষণা করা হবে। জনগণের বোঝাপড়া ছাড়াও আইসিটিভি আশা করছে যে এটির প্রতিষেধক আবিষ্কারের গবেষণায় এটি গবেষকদের সময় বাঁচাবে এবং ঝামেলা কমাবে। ""ভবিষ্যতে দেখবো যে আমরা ঠিক নামটি দিতে পেরেছি কিনা,"" বলেন অধ্যাপক নিউম্যান। ""আমার মতো কারো ক্ষেত্রে, একটি গুরুত্বপূর্ণ ভাইরাসের নামকরণে সহায়তা করতে পারাটা দীর্ঘস্থায়ী এবং পুরো কর্মজীবনের কাজের চেয়ে অনেক বেশি সহায়ক। এটা খুব বড় একটা দায়িত্ব।""","করোনাভাইরাসের প্রাদুর্ভাব শুরু হওয়ার পর, বিজ্ঞানীরা এই ভাইরাসটির নামকরণ নিয়ে আলোচনা শুরু করেন। এটি আসলে করোনাভাইরাস গ্রুপের একটি নতুন ভাইরাস, যা প্রাথমিকভাবে ""২০১৯-এনকভ"" নামে পরিচিত ছিল। তবে, এই নাম সহজে ব্যবহৃত হচ্ছিল না এবং এর মাধ্যমে ভুল বোঝাবুঝি সৃষ্টি হচ্ছিল, বিশেষ করে ""চাইনা ভাইরাস"" নামে এটি পরিচিত হওয়ায় নেতিবাচক প্রতিক্রিয়া তৈরি হচ্ছিল। ভাইরাসের আনুষ্ঠানিক নামকরণের দায়িত্ব ইন্টারন্যাশনাল কমিটি অন ট্যাক্সোনমি অব ভাইরাসেস (আইসিটিভি) নিয়েছে, যা একাধিক বিধি অনুসরণ করে নাম নির্ধারণ করেছে। এর মধ্যে ভৌগলিক অবস্থান, মানুষের নাম, বা কোনো নির্দিষ্ট সংস্কৃতি উল্লেখ না করার কথা উল্লেখ করা হয়েছে। বিজ্ঞানীরা এখন এই নামটি প্রকাশের জন্য প্রস্তুতি নিচ্ছেন, যা গবেষণার ক্ষেত্রেও সহায়ক হবে।"
"শেখ মুজিবুর রহমান। তৎকালীন সরকারি প্রচার মাধ্যমের কর্মকর্তাদের সঙ্গে কথা বলে জানা গেছে, শেখ মুজিবকে হত্যার পর এবং ১৯৯৬ সালে আওয়ামী লীগের সরকার গঠনের আগ পর্যন্ত যারা ক্ষমতায় ছিলেন তারা নানাভাবে ইতিহাস থেকে তাঁর নাম মুছে ফেলার চেষ্টা করেছে। বেতারে শেষবারের মতো শেখ মুজিবের নাম শেখ মুজিবকে হত্যার পর পর ভোর বেলায় শাহবাগের বাংলাদেশ বেতারের ব্রডকাস্ট শাখা থেকে হত্যাকাণ্ড সেই সঙ্গে সামরিক সরকারের ক্ষমতা গ্রহণের ঘোষণা প্রচার করা হয়েছিল। ঘটনার দিন বাংলাদেশ বেতারের শাহবাগ ব্রডকাস্ট শাখার শিফট ইনচার্জ হিসেবে কাজ করছিলেন প্রণব চন্দ্র রায়। ''সেদিনই শেষবারের মতো উচ্চারিত হয় শেখ মুজিবুর রহমানের নামটি। এরপর থেকে বেতারে কখনও তার নাম শোনা যায়নি'', মি. রায় বিবিসিকে বলেন । বিবিসি বাংলাকে তিনি জানান যে, ভোরবেলা সেনাবাহিনী বেতার অফিসের ভেতরে ট্রান্সমিশন কক্ষে প্রবেশ করে এবং তার মাথার ওপর বন্দুক ঠেকিয়ে শেখ মুজিবকে হত্যার ঘোষণাটি প্রচারের ব্যবস্থা করে দিতে বলে। ""মেজর ডালিম আমার মাথায় বন্দুক ঠেকায়, তারা পুরো শরীর তখন রক্তে ভরা। আমি তখনও জানতাম না কি হয়েছে। এরপর তিনি আমাকে বলেন, শেখ মুজিব অ্যান্ড হিজ গ্যাং অল হ্যাজ বিন কিল্ড। আর্মি হ্যাজ টেকেন পাওয়ার। ঘটনার আকস্মিকতায় আমি হতভম্ব হয়ে যাই। তখন বুঝলাম যে ক্যু হয়েছে।"" বলেন মিঃ রায়। জানুয়ারি ৮, ১৯৭২: লন্ডনের ক্ল্যারিজ'স হোটেলে গণমাধ্যমের মুখোমুখি শেখ মুজিব। আরও পড়তে পারেন: মুজিব হত্যা: 'চট্টগ্রাম ষড়যন্ত্র' মামলার কী হয়েছিল? ইয়াহিয়া-মুজিব বৈঠক কেন ব্যর্থ হয়েছিলো? ৭ই মার্চের ভাষণ: যেভাবে প্রস্তুতি নিয়েছিলেন শেখ মুজিব তারপর তিনি সেনাবাহিনীর নির্দেশ মতো রেডিওর সব ইকুইপমেন্টগুলো খুলে দেন এবং মিরপুরের ট্রান্সমিশন স্টুডিওকে বলেন ঘোষণাটি প্রচার করার জন্য। মেজর শরীফুল হক ডালিম একটা লগ বুকের কাগজে বিবৃতি লিখেন এবং সেটাই প্রচার করেন। যেখানে বলা হয়েছিল, ""শেখ মুজিবকে হত্যা করা হইয়াছে এবং খন্দকার মুশতাকের নেতৃত্বে সেনাবাহিনী ক্ষমতা দখল করিয়াছে। দেশবাসী সবাই শান্ত থাকুন। বাংলাদেশ জিন্দাবাদ।"" পর পর কয়েকবার এই ঘোষণা দেয়া হয়। পরবর্তী রেকর্ডিংয়ে শেখ মুজিবকে ""হত্যা করা হয়েছে"" বলার পরিবর্তে ""উৎখাত করা হয়েছে"" বলে ঘোষণা দেয়া হয়। ওই মুহূর্তে মেজর শাহরিয়ার রশিদ কড়া নির্দেশনা দেন যেন শেখ মুজিবুর রহমান বা তার দলের নাম, রবীন্দ্র সংগীত, জয় বাংলা স্লোগান কিছুই প্রচার করা না হয়। পরে খন্দকার মুশতাক তার মৌখিক নির্দেশে বাংলাদেশ বেতারের নাম বদলে রেডিও বাংলাদেশ রাখেন। বাংলাাদেশ টেলিভিশনে প্রচার হয়নি শেখ মুজিবের নাম ও ছবি এই সময়ের মধ্যে বিটিভিতে শেখ মুজিবুর রহমানের নাম উচ্চারিত হতে শোনেননি মিডিয়া ব্যক্তিত্ব ম. হামিদ। তিনি সে সময় বিটিভির প্রযোজক হিসেবে দায়িত্ব পালন করতেন। সেখানে থাকাকালীন তিনি একটি প্রামাণ্যচিত্র তৈরি করেছিলেন, যেখানে শেখ মুজিবের নাম ব্যবহার করা হয়েছিল। কিন্তু প্রামাণ্য চিত্রটি প্রচারের আগ মুহূর্তে নামটি কেটে দেয়া হয়। ২৬শে মার্চ বা ১৬ই ডিসেম্বরের মতো বিশেষ দিনগুলোয় হাতে গোনা দুই একটি অনুষ্ঠান প্রচার করা হতো, সেখানে মুক্তিযুদ্ধের ইতিহাস প্রসঙ্গটি জোড়াতালি দিয়ে কোন রকম দাঁড় করানো হতো বলে উল্লেখ করেন মিঃ হামিদ। এমনকি পাঠ্যবইতে শেখ মুজিবের নাম মুছে খণ্ডিত ইতিহাস পড়ানো হতো বলে তিনি জানান। ১৫ আগস্টে পালন করা হতো জাতীয় নাজাত (মুক্তি) দিবস। ওই দিন শেখ মুজিবুর রহমানের রাজনৈতিক ইতিহাস বা তাকে হত্যার ঘটনা কিছুই প্রচার করা হতো না। উল্টো বিটিভিতে প্রচারিত বিভিন্ন বক্তৃতা এবং আলোচনায় শেখ মুজিবকে নেতিবাচকভাবে তুলে ধরার চেষ্টা করা হতো বলে জানা যায়। মৃত্যুর এক বছর আগে ১৯৭৪ সালে ধারণ করা একটি ছবিতে শেখ মুজিব ""বঙ্গবন্ধু হত্যাকাণ্ডের পরে যারা রাজনৈতিকভাবে ক্ষমতায় এসেছিল তারা বাংলাদেশকে রাজনৈতিক ও আদর্শগতভাবে পুরোপুরি বিপরীত ধারায় নিয়ে গিয়েছিল। বঙ্গবন্ধুর প্রসঙ্গ আসলেই তারা ভয় পেতো, মানুষ যদি আবার তাঁর ব্যাপারে জানতে শুরু করে। এজন্য প্রচার প্রোপাগান্ডার মধ্যে দিয়ে তার নাম ও আদর্শকে রাষ্ট্রীয়ভাবে নিশ্চিহ্ন করে ফেলার সার্বিক প্রয়াস চালানো হয়েছিল,'' বলেন ম হামিদ। চলচ্চিত্রে সেন্সর বোর্ডের কাটছাট পঁচাত্তর পরবর্তী চলচ্চিত্রেও শেখ মুজিবের নাম ছবি এমনকি জয় বাংলা স্লোগান ব্যবহার হতে দেখা যায়নি। সেসময় বেশ কয়েকটি চলচ্চিত্রে অভিনয় করেছিলেন সারাহ বেগম কবরী। তার অভিনীত রক্তাক্ত বাংলা এবং আমার জন্মভূমি চলচ্চিত্রের বেশ কয়েকটি অংশ এবং সংলাপ সেন্সর বোর্ড থেকে বাদ দেয়া হয়েছিল। যার মধ্যে ছিল শেখ মুজিবের নাম, তাঁর ছবিযুক্ত শট, তাঁর ভাষণের অংশবিশেষ এবং জয় বাংলা স্লোগান। ""সে সময় যারা ক্ষমতায় এসেছিল তারা ইচ্ছামত রাজনৈতিকভাবে চলচ্চিত্র থেকে শুরু করে প্রতিটি জায়গা নিয়ন্ত্রণ করার চেষ্টা করেছে। তাদের কথা ছিল যে বঙ্গবন্ধুর নাম বা তার দলের কোন চিহ্ন যেন কোথাও না থাকে। এমনকি মুক্তিযুদ্ধের ইতিহাস ভিত্তিক ছবিতেও এই বিষয়গুলো বাদ দেয়া হয়েছিল,'' সারাহ বেগম কবরী বিবিসিকে বলেন। পুনরায় বাংলাদেশ বেতার, তথ্য পুনরুদ্ধার ১৯৯৬ সালে আওয়ামী লীগ সরকার গঠন করার পর তথ্যমন্ত্রী হিসেবে দায়িত্ব গ্রহণ করেছিলেন আবু সাঈদ। সে সময় তিনি 'রেডিও বাংলাদেশ'-এর নাম, মৌখিক নির্দেশে পুনরায় 'বাংলাদেশ বেতার' রাখেন। নতুন প্রজন্মের কাছে শেখ মুজিবের ইতিহাস তুলে ধরতে আরও গবেষণার প্রয়োজন আছে বলে জানান বিশেষজ্ঞরা। ""আমি বেতারের ডিজি সাহেবকে ডেকে প্রশ্ন করেছিলাম দেশ স্বাধীন হওয়ার পর স্বাধীন বাংলা বেতার কেন্দ্রের নাম বাংলাদেশ বেতার রাখা হয়েছিল। এটা রেডিও পাকিস্তানের আদলে রেডিও বাংলাদেশ কিভাবে হল? ডিজি সাহেব এ নিয়ে আমাকে লিখিত কোন নথি বা আদেশনামা দেখাতে পারেননি। কেবল একটি মৌখিক নির্দেশে এই নাম পরিবর্তন হয়েছিল। তারপর আমি পাল্টা নির্দেশ দিলাম এটাকে আবার বাংলাদেশ বেতার করতে,'' বলেন মি. সাঈদ। মি. সাঈদ সে সময় ডিএফপি এর আর্কাইভ থেকে শেখ মুজিবের সব রেকর্ডগুলো কয়েক বছর ধরে পুনরুদ্ধার করেন এবং রেডিও টেলিভিশন ও পত্রিকায় প্রচার করা শুরু করেন। যার মধ্যে উল্লেখযোগ্য ছিল শেখ মুজিবের গুরুত্বপূর্ণ কিছু ভাষণ। ""আমি আর্কাইভে গিয়ে দেখি বঙ্গবন্ধুর ভাষণের রিলগুলো অযত্ন অবহেলায় স্যাঁতস্যাঁতে পরিবেশে নষ্ট হচ্ছে। তখন আমি সেগুলো বের করে ওয়াশ করার জন্য ভারতের পুনেতে পাঠাই। কারণ বাংলাদেশে ওই প্রযুক্তি ছিলনা। এখন বঙ্গবন্ধুকে নিয়ে যতো ভিজুয়াল দেখেন, বেশিরভাগ সেই সময়ের উদ্ধার করা,'' তিনি বলেন।","শেখ মুজিবুর রহমানকে হত্যার পর দীর্ঘ সময় ধরে তার নাম ইতিহাস থেকে মুছে ফেলার চেষ্টা চলেছিল। ১৫ আগস্টের হত্যাকাণ্ডের পর, সরকারি প্রচার মাধ্যমে শেখ মুজিবের নাম বাদ দেওয়া হয় এবং তার প্রতি নেতিবাচক প্রচারণা চালানো হয়। ১৯৭৫ সালের পর থেকে বেতার, টেলিভিশন এবং পাঠ্যবই থেকে শেখ মুজিবের নাম, ছবি, এবং মুক্তিযুদ্ধের আদর্শ মুছে ফেলা হয়। বিশেষ করে, চলচ্চিত্রে তার নাম এবং ছবি সেন্সর করা হয়। ১৯৯৬ সালে আওয়ামী লীগ সরকার গঠনের পর, শেখ মুজিবের নাম এবং তার ভাষণ পুনরুদ্ধার শুরু হয়। তথ্যমন্ত্রী আবু সাঈদ বাংলাদেশ বেতারের নাম পুনরায় 'বাংলাদেশ বেতার' রাখেন এবং শেখ মুজিবের গুরুত্বপূর্ণ ভাষণগুলো প্রচার করতে শুরু করেন। "
"স্বর্ণের গয়না বাংলাদেশের সমাজে খুব গুরুত্বপূর্ণ। ঢাকার মিরপুরের বাসিন্দা তাসমিনা আহমেদ তার ছেলের বিয়ের আয়োজন করার পরিকল্পনা করছেন। তিনি বলছেন, ""গয়না না হলে আমাদের বিয়ে অসম্পূর্ণ থেকে যায়। আমি চাই আমার ছেলের বৌকে মাথার একটা তাজ, গলার হার, সীতা হার, হাতে চুড়ি- যতটুক দেয়া যায় ততটুকু দিয়ে সাজিয়ে আনবো।"" বিয়ের দিন তারিখ ঠিক হয়নি এখনও কিন্তু স্বর্ণের দাম বৃদ্ধি নিয়ে এখনই উদ্বিগ্ন তিনি। বলছিলেন, ""ইচ্ছা ছিল ছয় ভরি, তিন লাখ টাকার গয়না দিয়ে আমার ছেলের বৌকে আনবো। আমাদের ফ্যামিলিতে মিনিমাম ছয় ভরির সেট দিতেই হবে। যে হারে দাম বাড়ছে, আমি কি ছয় ভরি দিতে পারবো? আমাকে এখন ছোট হতে হবে। মানুষ এটা নিয়ে আড়ালে সমালোচনা করবে। আমার আত্মীয়দের সামনে আমি যদি সুন্দর করে ছেলেকে উপস্থাপন না করতে পারি তাহলে আমার কষ্ট হবে।"" স্বর্ণের গয়না বাংলাদেশের সমাজ ও পরিবারে কতটা গুরুত্বপূর্ণ সেটি তাসমিনা আহমেদ কথাতেই বোঝা যায়। ফলে এর দাম বাড়লে বিশেষ করে মধ্যবিত্তের মধ্যে উদ্বেগ তৈরি হয়। আরো পড়ুন: স্বর্ণ চোরাচালান কি নীতিমালা দিয়ে বন্ধ করা যাবে? লাইসেন্স দিয়ে বৈধভাবে স্বর্ণ আমদানি কতটা সম্ভব? বাংলাদেশ ব্যাংকের ভল্টে স্বর্ণ কারা রাখেন এবছর জানুয়ারি মাসে দু'দফায় স্বর্ণের দাম বৃদ্ধির ঘোষণা দিয়েছে বাংলাদেশ জুয়েলার্স সমিতি। আর বাজেট ঘোষণার পর থেকে দাম বাড়ানো হয়েছে আরও দুবার। একবার অবশ্য বাড়িয়ে আবার কমানোও হয়েছে। কিন্তু সব মিলিয়ে বছরের শুরুতে যে স্বর্ণ ভরি প্রতি ৪৮ হাজার ৯৮৮ টাকায় কেনা যেত এখন সেটি কিনতে হচ্ছে ৫২ হাজার ১৯৬ টাকায়। বছরের শুরু থেক চারবার দাম বাড়ানো ঘোষণা দেয়া হয়েছে। কী কারণে দাম বাড়ানো হচ্ছে? বাংলাদেশ জুয়েলার্স সমিতির প্রেসিডেন্ট গঙ্গাচরণ মালাকার বলছেন, ""আন্তর্জাতিক বাজারে স্বর্ণের দাম বেড়েছে। আমরা তো দুই হাজার টাকা বাড়িয়েছি। কিন্তু আন্তর্জাতিক বাজারে তো বাড়ছে আরও বেশি। মধ্যপ্রাচ্যে যুদ্ধের হুমকি, ডলার পাউন্ডের দাম ওঠানামা করা, শেয়ারের দাম, এই সব মিলে ইন্টারন্যাশনাল মার্কেটে দাম বেড়েছে, কমলে কমে যাবে।"" কিন্তু আন্তর্জাতিক বাজারে দাম বাড়লে তার প্রভাব বাংলাদেশে কতটা পড়া উচিৎ সেনিয়ে প্রশ্ন রয়েছে। বাংলাদেশে দীর্ঘদিন ধরে স্বর্ণ আমদানি করা হয় না। দু'বছর আগে ট্রান্সপারেন্সি ইন্টারন্যাশনাল এক হিসেবে বলেছিল বাংলাদেশে স্বর্ণের চাহিদা বছরে প্রায় ৪০ মেট্রিক টন। বহু দিন ধরে অভিযোগ রয়েছে- চোরাচালান হয়ে আসা স্বর্ণের দিয়েই বাংলাদেশে স্বর্ণকারদের ব্যবসা পরিচালিত হয়। তবে সামনেই স্বর্ণ আমদানির সুযোগ মিলতে যাচ্ছে। বাংলাদেশ ব্যাংকের অনুমোদিত ডিলারদের মাধ্যমে স্বর্ণ আমদানির বিধান রেখে গত বছর একটি স্বর্ণ নীতিমালা অনুমোদন দিয়েছে সরকার। ঢাকা বিশ্ববিদ্যালয়ের অর্থনীতির শিক্ষক সায়মা হক বিদিশা বলছেন, তিনি এখন স্বর্ণের দাম বৃদ্ধির কোন যুক্তি দেখছেন না। আন্তর্জাতিক বাজারে দাম বাড়লে তার প্রভাব বাংলাদেশে কতটা পড়া উচিৎ সেনিয়ে প্রশ্ন রয়েছে। তিনি বলছেন, ""এখন জিনিসটা বৈধ পথে আসার ব্যবস্থা হচ্ছে, সুতরাং কিছু হলেও স্বর্ণ প্রদর্শন করতে হবে। সুতরাং যেহেতু কিছু টাকা দিতে হবে সরকারকে, যত টাকা তাদের দিতে হবে তার চেয়েও কিন্তু বেশি হারে দাম বাড়ানো হচ্ছে।"" এভাবে দাম বাড়ানোর একটি অজুহাত তৈরি করা হচ্ছে বলে তিনি মনে করছেন। বাংলাদেশে স্বর্ণ ব্যবসার উপর সেই অর্থে সরকারের কোন নিয়ন্ত্রণ এতদিন ছিল না। দেশে কি পরিমাণে স্বর্ণ রয়েছে তার কোন সঠিক হিসেব তাদের কাছে নেই। সম্প্রতি একটি মেলার আয়োজন করে নির্দিষ্ট করের বিনিময়ে অপ্রদর্শিত স্বর্ণকে বৈধ করার সুযোগ দেয়া হয়েছে। বিদেশ থেকে স্বর্ণ আনার শুল্কও কমানো হয়েছে। বাণিজ্য মন্ত্রণালয়ের সচিব মোহাম্মদ মফিজুল ইসলাম বলছেন, ""যদি আন্তর্জাতিক বাজারে স্বর্ণের দাম বাড়ে, তারা স্বর্ণের দাম বাড়াতে পারে। এবং সেক্ষেত্রে আমাদের কাছ থেকে তাদের অনুমতি নেয়ার প্রয়োজন নেই।"" তবে তিনি বলছেন, সরকার এই খাতের উপর নিয়ন্ত্রণ বাড়ানোর চেষ্টা করছে। তিনি বলেন, ""কী পরিমাণ স্বর্ণ আমাদের দেশে আছে আমরা কিন্তু সেটার হিসাব পাচ্ছি না। বর্তমান স্বর্ণ নীতিমালায় আমরা একটা সুযোগ করে দিয়েছি যে স্বর্ণ ব্যবসায়ীদের কাছে কী পরিমাণ স্বর্ণ আছে এটি যেন তারা ডিক্লেয়ার করে। অলরেডি তারা তা করেছে এবং আমার জানা মতে প্রায় দুইশত কোটি টাকার রাজস্ব আমরা পেয়েছি।"" সরকার অপ্রদর্শিত স্বর্ণ বৈধ করার সুযোগ দিচ্ছে। তিনি আরও বলছেন, ""বাংলাদেশ ব্যাংকের মাধ্যমে ডিলার নিয়োগ করে যদি আমরা স্বর্ণ আমদানি করতে পারি তখন কিন্তু আমাদের কাছে একটা হিসাব থাকবে যে কি পরিমাণ স্বর্ণ তাদের কাছে আছে। বা ইন্টারন্যাশনাল মার্কেটে দাম বাড়লে, আমাদের এখানে কী করা উচিৎ, যেহেতু স্বর্ণের হিসাব থাকবে, তখন আমরা একটা নিয়ন্ত্রণ প্রতিষ্ঠা করতে পারবো।"" কিন্তু তাতেও উদ্বেগ কমছে না তাসমিনা আহমেদের মতো অনেকের। আর নতুন করে নেওয়া সরকারের নানা উদ্যোগ এই খাতে কতোটা স্বচ্ছতা নিয়ে আসবে এনিয়ে সন্দেহ রয়েই গেছে। আরো পড়ুন: রং ফর্সা করার মূল্য কীভাবে দিচ্ছেন লাখ লাখ নারী বাংলাদেশ-পাকিস্তান ম্যাচে যে কারণে চোখ রাখবেন দফায় দফায় কেন বাড়ছে স্বর্ণের দাম ই-পাসপোর্ট নিয়ে আপনাদের প্রশ্নের জবাব","বাংলাদেশে স্বর্ণের গয়না সামাজিকভাবে অত্যন্ত গুরুত্বপূর্ণ, বিশেষত বিয়ে ও অন্যান্য অনুষ্ঠানে। সম্প্রতি, স্বর্ণের দাম আন্তর্জাতিক বাজারের কারণে বৃদ্ধি পেয়েছে, যা বিশেষ করে মধ্যবিত্ত পরিবারগুলোর জন্য উদ্বেগজনক। সরকার স্বর্ণ আমদানির সুযোগ এবং নতুন নীতিমালা প্রবর্তন করেছে, তবে অনেকেই প্রশ্ন তুলছেন, এসব উদ্যোগ কি বাজারে স্বচ্ছতা আনবে? সরকার অপ্রদর্শিত স্বর্ণ বৈধ করতে উদ্যোগ নিয়েছে এবং ব্যবসায়ীদের মজুত স্বর্ণের হিসাব চেয়েছে, কিন্তু এই উদ্যোগগুলোর কার্যকারিতা নিয়ে সন্দেহ রয়ে গেছে।"
"নারীর ঋতুকালীন পরিচ্ছন্নতা বা নিরাপদ ব্যবস্থাপনা না থাকার অন্যতম কারণ সমাজের রক্ষণশীলতা। বয়:সন্ধিকাল থেকেই তিনি পিরিয়ড বা ঋতু্স্রাবের সময় স্যানিটারি ন্যাপকিন ব্যবহার করেছেন। তবে কোনদিনই নিজে দোকানে গিয়ে স্যানিটারি ন্যাপকিন কেনেননি তিনি। ""আমি তো কোনদিনই যাইনি নিজে। বিয়ের আগে বাবা বা মা যেত। বিয়ের পরে স্বামী যায় আনতে।"" এতো গেল শহরের পরিস্থিতি। কিন্তু গ্রামে কি অবস্থা? তা জানতে কথা বলেছিলাম ঢাকার কাছে মুন্সীগঞ্জের কয়েকজন নারীর সঙ্গে। মাসিক বা ঋতুস্রাব বিষয়ক পরিচ্ছন্নতা প্রশ্নে তারা সমাজ ও লোকলজ্জার বাধা কাটিয়ে উঠতে পারেননি। ফলে কেউই তাদের নাম পরিচয় প্রকাশ করতে চাননি। সবাই জানালেন, তারা কাপড় ব্যবহার করেন। সরকারের স্থানীয় সরকার বিভাগ ও আইসিডিডিআরবি'র চালানো ২০১৪ সালের ন্যাশনাল হাইজিন সার্ভেতে বলা হয়েছে, পিরিয়ডের সময়কার পরিচ্ছন্নতা এবং স্বাস্থ্য ঝুঁকি নিয়ে প্রায় কোন ধারণাই নাই বেশির ভাগ নারীর। এ নিয়ে সচেতন না থাকার কারণে নানা রকম অসুখবিসুখও হয় বলে শোনা যায়। আর তা সম্পর্কেও হয়ত জানেন না অনেকে। ভারতের স্কুলে শিক্ষার্থীদের স্যানিটারি ন্যাপকিন তৈরি শেখানো হচ্ছে। আরও দেখুন: মাদক বিরোধী অভিযানে পাচারের বিরুদ্ধে কতটা নজর দেয়া হচ্ছে? মমতাকে এড়িয়ে কেন তিস্তা চুক্তি করবে না ভারত মাদকবিরোধী অভিযান: প্রধানমন্ত্রীর কাছে খোলা চিঠি বলছেন, মুন্সীগঞ্জের জেলা স্বাস্থ্যকর্মী তাহমিনা আক্তার, ""ন্যাকড়া ব্যবহারের জন্য ইনফেকশন হয়, জরায়ুর ইনফেকশন হতে পারে। এছাড়া ইউরিনারি ট্র্যাক্ট ইনফেকশন হয়। মাসিক অনিয়মিত হয়, খুব পেট ব্যথা হয়।"" গবেষকেরা বলছেন, বাংলাদেশে নারী স্বাস্থ্য, বিশেষ করে নারীর প্রজননস্বাস্থ্য এবং পিরিয়ড বা মাসিকের সময়ে পরিচ্ছন্নতা বা নিরাপদ ব্যবস্থাপনা না থাকার অন্যতম কারণ সমাজের রক্ষণশীলতা। আইসিডিডিআরবি'র গবেষণা কর্মকর্তা ফারহানা সুলতানা বলছেন তেমনটাই, ""আমরা দেখেছি, এ নিয়ে মানুষের মধ্যে সংকোচ আছে, অজ্ঞতা আছে। লোকে এ নিয়ে কথা পর্যন্ত বলতে চায় না।"" ""স্কুলগুলোয় পিরিয়ড সংক্রান্ত ব্যবস্থাপনা একেবারেই নেই। এসব কারণেই মেয়েদের অনেক সময় দ্রুত বিয়ে দিয়ে দেয়া হয়।"" পিরিয়ডের মত একটা স্বাভাবিক এবং প্রাকৃতিক বিষয় নিয়ে লজ্জা আর সংকোচের শেষ নেই বাংলাদেশের সমাজে। কিন্তু বিশেষজ্ঞরা বলছেন, সামাজিক ট্যাবু পুষে না রেখে বিষয়টি নিয়ে খোলামেলা আলোচনা আর সচেতনতা বাড়ানোর মাধ্যমেই এড়ানো যাবে নানা ধরণের অসুখবিসুখ।","বাংলাদেশে নারীর ঋতুকালীন পরিচ্ছন্নতা ও নিরাপদ ব্যবস্থাপনা একটি সামাজিক ও সাংস্কৃতিক ট্যাবুর অন্তর্গত। অধিকাংশ নারীরই মাসিক বা ঋতুস্রাবের সময় স্যানিটারি ন্যাপকিন ব্যবহারের ধারণা নেই, এবং গ্রামীণ এলাকায় অনেকেই কাপড় ব্যবহার করেন। সমাজের রক্ষণশীলতার কারণে এই বিষয়টি নিয়ে খোলামেলা আলোচনা ও সচেতনতার অভাব রয়েছে, যার ফলে স্বাস্থ্য সমস্যা যেমন ইনফেকশন এবং অনিয়মিত মাসিকের মতো সমস্যা সৃষ্টি হয়। বিশেষজ্ঞরা মনে করছেন, এই ট্যাবু ভাঙতে এবং সচেতনতা বাড়াতে সঠিক শিক্ষা এবং আলোচনা প্রয়োজন।"
"কেবল কোটিপতি হলেই এসব খাবারের স্বাদ নেয়া যাবে তা নয়। কিন্তু আপনাকে অনেক টাকা জমাতে হবে! এরকম দামি খাবার বা খাবারের উপাদান আর কী আছে? কেন এগুলোর দাম এত বেশি? বিবিসির 'ফুড প্রোগ্রাম টিম' বিশ্বের সবচেয়ে দামী খাবার বা খাবারের উপদানগুলির খোঁজ নিয়েছে: ১. জাফরান ""লাল স্বর্ণ"" : জাফরানের আরেক নাম আপনার পাতের ভাত যদি হলদে রঙের আভা ছড়ায়, তাহলে বুঝতে হবে এটির ওপর ছিটানো হয়েছিল জাফরান। জাফরান আসলে একটি ফুলের গর্ভমুন্ড। এটি মূলত খাদ্যে ব্যবহার করা হয় রঙিন করতে। যদি ওজনের তুলনা করেন, এটি নিঃসন্দেহে স্বর্ণের চেয়ে দামী। কেন জাফরানের দাম এত বেশি? কারণ খুব সহজ। যে ফুল থেকে এই জাফরান সংগ্রহ করা হয়, সেটি ফুটে মাত্র এক সপ্তাহের জন্য, শরৎকালের শুরুতে। একটি ফুলে মাত্র তিনটি গর্ভমুন্ড থাকে। খালি হাতে এটি খুব সতর্কতার সঙ্গে সংগ্রহ করতে হয়। এক কিলোগ্রাম জাফরান সংগ্রহ করতে অন্তত দুটি ফুটবল মাঠের সমান জায়গায় এই ফুলের চাষ করতে হবে। বা দরকার হবে প্রায় তিন লাখ ফুল। ২. ক্যাভিয়ার বন্য ক্যাভিয়ার: এটি এখন এতটাই বিরল যে এর দাম এখন আরও বেড়েছে ক্যাভিয়ার আসলে এক ধরণের সামুদ্রিক মাছের ডিম। এই ডিমকে নোনা জল এবং চাটনিতে রসিয়ে নেয়া হয়। বিশ্বের সবচেয়ে সুস্বাদু খাবারের একটি বলে গণ্য করা হয়। এই ক্যাভিয়ার সংগ্রহ করে প্যাকেটে ভরে বাজারজাত করার কাজটি খুবই দুরূহ। তবে তার চেয়ে বড় কথা হচ্ছে ক্যাভিয়ার খুবই বিরল। সবচেয়ে বিখ্যাত ক্যাভিয়ার আসে বেলুজা স্টার্জেন মাছ থেকে। কেবল মাত্র কাস্পিয়ান সাগর এবং কৃষ্ণ সাগরে এই মাছ পাওয়া যায়। কিন্তু এই মাছ এখন বিপন্ন প্রায়। খুব কম মাছের ডিমই এখন বৈধভাবে কেনা-বেচা হয়। একটি বেলুজা ক্যাভিয়ার পূর্ণবয়স্ক হতে সময় লাগে প্রায় বিশ বছর। এরপরই কেবল এই মাছ ডিম পাড়তে পারে। কিন্তু এই মাছটিকে হত্যা করেই কেবল এর ডিম সংগ্রহ করা সম্ভব। অ্যালবিনো স্টার্জেন মাছের ডিম তো আরও বিরল। এটি এখন বিলুপ্তপ্রায়। গিনেজ বুক অব ওয়ার্ল্ড রেকর্ডসের হিসেবে এক কিলোগ্রাম অ্যালবিনো ক্যাভিয়ারের সর্বোচ্চ দাম উঠেছিল ৩৪ হাজার ৫শ ডলার। ৩. ঝিনুক ঝিনুক যত বিরল হয়ে উঠছে, এর দাম তত বাড়ছে ঝিনুক এখন বিলাসী খাবার হিসেবে বিবেচিত হলেও আগে কিন্তু তা ছিল না। উনিশ শতকের শুরুতে ঝিনুক ছিল খুব সস্তা। উপকূলীয় এলাকার শ্রমজীবী লোকজনের অন্যতম প্রধান খাবার ছিল এটি। কিন্তু অতিরিক্ত ঝিনুক আহরণ এবং সমূদ্র দূষণের ফলে ঝিনুকের সংখ্যা অনেক কমে গেছে। এবং ফলে এর দাম বেড়ে গেছে। বিশ্বের বিভিন্ন জায়গায় বিভিন্ন দামে বিক্রি হয় ঝিনুক। কিন্তু লন্ডনের কোন দামী রেস্তোঁরায় এক ডজন ঝিনুক খেতে আপনাকে অন্তত ৬৫ ডলার খরচ করতে হবে। তারপরও এর কদর কমছে না। অনেকে তো মনে করে ঝিনুকের মধ্যে আছে যৌনশক্তি বর্ধক উপাদান। ৪. সাদা ট্রাফল সাদা ট্রাফল: এই ফাঙ্গাস বা ছত্রাক জন্মায় মাটির নীচে সাদা ট্রাফলের বিশ্বের সবচেয়ে দুর্লভ ছত্রাকগুলোর একটি। এটি জন্মায় মাটির নীচে। তাও আবার কেবলমাত্র উত্তর ইটালির পাইডমন্ট অঞ্চলের কিছু গাছের শেকড়ের মধ্যে। সাদা ট্রাফলের মধ্যে আছে এক দারুণ সুগন্ধ। এবং খুবই তীব্র এক স্বাদ। সাদা ট্রাফলের চাষ করা যায় না। এটি নিজে থেকে হয়। অনেকে এই ট্রাফলের চাষ করার চেষ্টা চালিয়ে ব্যর্থ হয়েছেন। এ কারণেই সাদা ট্রাফলের দাম এত বেশি। ম্যাকাও এর এক ক্যাসিনো মালিক স্ট্যানলি হো একটি মাত্র সাদা ট্রাফলের জন্য ২০০৭ সালে ৩ লাখ ৩০ হাজার ডলার খরচ করেছিলেন। সেই ট্রাফলটির ওজন ছিল দেড় কেজি। মাটির নীচে জন্মানো দেড় কেজি ছত্রাকের জন্য বেশ চড়া মূল্যই বলতে হবে। ৫. ইবেরিকো হ্যাম ইবেরিকো হ্যাম: এর একটি স্লাইসের জন্য আপনাকে অপেক্ষা করতে হবে বহুদিন। একটা প্রবাদই আছে। পৃথিবীতে দুধরণের হ্যাম আছে। হ্যাম, আর ইবেরিকো হ্যাম। এই বিশেষ ধরণের শুকরের মাংস আসে কেবল মাত্র স্পেন আর পর্তুগালের একটি নির্দিষ্ট এলাকা থেকে। যেখানে ওক গাছের জঙ্গলে ঘুরে বেড়ায় কালো ইবেরিয়ান শুকর । ওক গাছ থেকে ঝরে পড়া ফল খেয়ে বাঁচে এই শুকর। ইবেরিয়ান হ্যাম আসে এই শুকর থেকে। প্রায় তিন বছর ধরে এই শুকরের মাংস প্রক্রিয়াজাত করা হয়। কখনো কখনো চার বছর। গিনেজ বুক অব ওয়ার্ল্ড রেকর্ডসের হিসেবে সবচেয়ে দামী ইবেরিয়ান শুকরের একটি পা সর্বোচ্চ ৪ হাজার ৮০ ডলার দামে বিক্রি হয়েছিল। ৬. ও6. ওয়েগু বিফ ওয়েগু বিফ ওয়েগু বিফ মানে আসলে জাপানি গরুর মাংস। চার ধরণের জাপানি গরুর যে কোনটি থেকেই আসতে পারে এই মাংস। এই গরুর মাংসের পরতে পরতে থাকে চর্বি। যখন রান্না করা হয়, তখন এই চর্বি গলে মাংসে মিশে যায়। ফলে মাংসটা থাকে খুবই নরম। মুখে দেয়ার সঙ্গে সঙ্গে মনে হবে মাংসটা যেন গলে যাচ্ছে। এর দাম এত বেশি হওয়ার কারণ, এসব গরু পালতে খরচ অনেক। ওয়েগু মাংস হিসেবে গণ্য হওয়ার জন্য এই গরুগুলিকে কঠোর নিয়ম-নীতি মেনে পালতে হয় এবং বড় করতে হয়। যাতে তাদের পেশীর পরতে পরতে চর্বি জমে সেজন্যে বাছুরগুলোকে একেবারের শুরু থেকেই বিশেষ ধরণের খাবার খাওয়ানো হয়। জাপানে সবচেয়ে দামি ওয়েগু বিফ হচ্ছে 'কোবে বিফ'। প্রতি কেজির দাম ৬৪০ ডলার। ৭. কোপি লুয়াক কফি লিটল লুয়াক বা সিভেক বিড়ালকে খাওয়ানো হয় কফি বীন এক কাপ কফি কেন দামী খাবারের তালিকায়, সে প্রশ্ন উঠতে পারে। কিন্তু এটি যেমন তেমন কফি নয়। এই কোপি লুয়াক কফির দাম প্রতি কেজি ৭শ ডলার। যে কফি বীন থেকে এই কফি তৈরি হয়, সেই বীনগুলোকে এক ধরণের বিড়ালকে খাওয়ানো হয়। এশিয়ান পাম সিভেট নামের এই বিড়াল কফি বীন গুলো খাওয়ার পর সেগুলো তার পাকস্থলীর এসিডে জারিত হয়। এরপর বিড়ালের মলের সঙ্গে বেরিয়ে আসে এই কফি বীন। সেই বীন থেকে তৈরি হয় কফি। আশা করি এই প্রক্রিয়ার কথা শুনে কফি খাওয়ার বাসনা আপনার উড়ে যায়নি! যারা এই কফির ভক্ত, তাদের যুক্তি, বিড়ালের পেটেই আসলে এই কফির সঙ্গে যুক্ত হয় ভিন্ন এক ফ্লেভার। ৮. ফোয়া গ্রা ফোয়া গ্রা: প্রাচীন মিশরের লোকজনও এই খাবারের ভক্ত ছিল ফোয়া গ্রা একটি দামী খাবার। মূলত হাঁস বা রাজহাঁসের লিভার বা যকৃৎ দিয়ে তৈরি করা হয় এই খাবার। এই হাঁস বা রাজহাঁসের লিভার স্বাভাবিক আকারের চাইতে প্রায় দশগুন পর্যন্ত বড় করা হয় বেশি করে খাইয়ে। এ কারণে এই লিভারের স্বাদ অনেক বেশি। যারা এই খাবারের ভক্ত, তারা এর জন্য যে কোন মূল্য দিতে রাজী। তবে মানুষের এই লোভের বলি হচ্ছে হাঁস। কারণ তাদেরকে জোর করে বেশি খাইয়ে মেদবহুল করে তোলা হচ্ছে। গলা দিয়ে টিউব ঢুকিয়ে এসব হাঁসকে জোর করে খাওয়ানো হয়। উদ্দেশ্য তাদের লিভারকে স্বাভাবিকের চেয়ে বহুগুণ বড় করে তোলা। এই প্রথা নাকি চালু আছে কয়েক সহস্র বছর ধরে। তবে এখন অনেক দেশে এখন ফো গ্রা উৎপাদনের বিরুদ্ধে আইন করা হয়েছে। কিন্তু বিশ্বের অনেক জায়গায় এখনো এই খাবার ভীষণ জনপ্রিয়।","বিশ্বের কিছু দামি খাবার বা খাবারের উপাদান সম্পর্কে বিবিসির ফুড প্রোগ্রাম টিমের অনুসন্ধানে জানা গেছে: জাফরানকে ""লাল স্বর্ণ"" বলা হয়, এটি ফুলের গর্ভমুন্ড থেকে সংগ্রহ করা হয় এবং এক কিলোগ্রাম জাফরান সংগ্রহ করতে তিন লাখ ফুল প্রয়োজন। এর দাম অত্যন্ত বেশি কারণ এটি সংগ্রহ করতে অনেক পরিশ্রম ও সময় লাগে।  ক্যাভিয়ার হল বেলুজা স্টার্জেন মাছের ডিম, যা অত্যন্ত বিরল এবং সংগ্রহ করতে ২০ বছর সময় লাগে। একটি পূর্ণবয়স্ক মাছের ডিম সংগ্রহের জন্য মেরেও ফেলা হয়। ঝিনুকের দাম অতিরিক্ত আহরণ ও সমুদ্র দূষণের কারণে বেড়ে গেছে। এক ডজন ঝিনুকের দাম ৬৫ ডলার পর্যন্ত হতে পারে।  সাদা ট্রাফল মাটির নিচে জন্মানো একটি দুর্লভ ছত্রাক, যা বিশেষ অঞ্চলেই পাওয়া যায়। এর দাম অনেক বেশি, যেমন ২০০৭ সালে একটি সাদা ট্রাফল ৩ লাখ ৩০ হাজার ডলারে বিক্রি হয়েছিল। ইবেরিকো হ্যাম স্পেন ও পর্তুগালের বিশেষ এক ধরনের শুকরের মাংস, যা প্রক্রিয়াজাত করতে তিন থেকে চার বছর সময় লাগে। এর দাম অত্যন্ত উচ্চ। ওয়েগু বিফ জাপানি গরুর মাংস যা বিশেষভাবে পালন করা হয়, এবং এর চর্বি পরত পরতে জমে থাকে। এর দাম খুব বেশি, যেমন কোবে বিফের প্রতি কেজির দাম ৬৪০ ডলার। কোপি লুয়াক কফি তৈরি হয় বিড়ালের মল থেকে। বিড়াল কফি বীন খেয়ে তা হজম না হয়ে মল হিসেবে বের করে, তারপর সেই বীন থেকে কফি তৈরি হয়। প্রতি কেজির দাম ৭০০ ডলার। ফোয়া গ্রা হাঁস বা রাজহাঁসের যকৃৎ, যা তাদের জোর করে বেশি খাইয়ে মেদবহুল করে তোলা হয়। এটি প্রাচীন মিশরের সময় থেকেই জনপ্রিয়। এগুলোর দাম বেশি কারণ এগুলির সংগ্রহ, প্রক্রিয়াজাতকরণ এবং উৎপাদন প্রক্রিয়া অত্যন্ত কঠিন এবং সময়সাপেক্ষ।"
"মারধর এবং বিনা কারণে পুলিশে দেয়ার প্রতিবাদে অবস্থান নিয়েছেন মুকিম তিনি বুধবার সন্ধ্যে থেকে এই অবস্থান নিয়েছেন। মঙ্গলবার রাতে তাকেসহ বাকীদেরকে নির্যাতনের পর পুলিশের হাতে তুলে দেয়া হয়। মুকিম চৌধুরী বিবিসিকে জানিয়েছেন, তাকে মারধর এবং বিনা কারণে পুলিশে দেয়ার ঘটনায় জড়িতদের বিচার না হওয়া পর্যন্ত তিনি সেখানে অবস্থান করবেন। এজন্য জহুরুল হক হল শাখা ছাত্রলীগ নেতার ও ডাকসু হল সংসদের কয়েকজন নেতার বিরুদ্ধে অভিযোগ করছেন মিঃ চৌধুরী। এদিকে, মুকিমের ওপর নির্যাতনের প্রতিবাদে ঢাকা বিশ্ববিদ্যালয়ের ট্যুরিজম অ্যান্ড হসপিটালিটি ম্যানেজমেন্ট বিভাগের শিক্ষার্থীরা রাজু ভাস্কর্যে মানববন্ধন করেছেন। মুকিম এই বিভাগের দ্বিতীয় বর্ষের ছাত্র। অন্যদিকে, ঘটনার সুষ্ঠু তদন্তের জন্য জহুরুল হক হল কর্তৃপক্ষ তিন সদস্যের তদন্ত কমিটি গঠন করেছে। কী হয়েছিল? মুকিম চৌধুরী বলেন, সার্জেন্ট জহুরুল হক হলে মঙ্গলবার রাতে সরকার-সমর্থক ছাত্রলীগের কয়েকজন নেতা তাকেসহ দ্বিতীয় এবং তৃতীয় বর্ষের মোট চারজন ছাত্রকে গেস্টরুমে ডেকে নেবার পর তাদের মারধর করা হয়। ছাত্র নির্যাতনের প্রতিবাদে ঢাকা বিশ্ববিদ্যালয়ে মানববন্ধন করেছে শিক্ষার্থীরা মারধরের শিকার শিক্ষার্থীরা অভিযোগ করেছেন, তাদেরকে 'শিবির সন্দেহে' ডাকা হয়েছিল, এবং তাদের দফায় দফায় হাতুড়ি, মোটা তার (মোটা এই কোএক্সিয়েল তারগুলো স্যাটেলাইট টিভি সংযোগের জন্য ব্যবহার হয়) এবং ক্রিকেট স্ট্যাম্প দিয়ে পেটানো হয়। এক পর্যায়ে ছাত্রলীগের অন্য নেতৃবৃন্দ এবং হলের আবাসিক শিক্ষকেরা এসে পৌঁছালে চার ছাত্রকে শাহবাগ থানায় হস্তান্তর করা হয়। তবে, ছাত্রলীগের সাধারণ সম্পাদক লেখক ভট্টাচার্য দাবি করেছেন, ওই শিক্ষার্থীদের জিজ্ঞাসাবাদ করার ঘটনায় শুধু হল শাখা ছাত্রলীগ নয়, হলের সাধারণ শিক্ষার্থীরাও ছিল। ""মারধরের ঘটনায় ছাত্রলীগ জড়িত ছিল না, যদি আমরা দেখি কেউ তাতে জড়িত ছিল, তাহলে তাদের বিরুদ্ধে আমরা সাংগঠনিক ব্যবস্থা নেব।"" পুলিশের হাতে তুলে দেয়ার প্রায় ১২ ঘণ্টা পর বুধবার বিকেল চারটায় শাহবাগ থানা থেকে চার ছাত্রকে ছেড়ে দেয়া হয়। শাহবাগ থানা থেকে জানানো হয়েছে, বিশ্ববিদ্যালয়ের পক্ষ থেকে কোন লিখিত অভিযোগ না পাওয়ায় চার ছাত্রকে প্রাথমিক জিজ্ঞাসাবাদের পর ছেড়ে দেয়া হয়। রাজু ভাস্কর্যে অবস্থান থানা থেকে ছাড়া পাবার পর, চারজন ছাত্রের একজন মুকিম চৌধুরি ওই ঘটনার প্রতিবাদে এবং তাতে জড়িতদের বিচার চেয়ে বুধবার সন্ধ্যার পর থেকে বিশ্ববিদ্যালয়ের রাজু ভাস্কর্যে অবস্থান ধর্মঘট পালন করছেন। বৃহস্পতিবার ভোররাত পর্যন্ত রাজু ভাস্কর্যে অবস্থান করার পর, সকাল সাতটা থেকে আবারো সেখানে অবস্থান নিয়েছেন মুকিম। তিনি বিবিসিকে জানিয়েছেন, ""এ ঘটনায় যতক্ষণ জড়িতদের বিচার না হবে, আমাদের নিরাপত্তা না দেয়া হবে, আমি এখান থেকে কোথাও যাবো না। আমাকে অন্যায়ভাবে সন্দেহ করা হইছে এবং বেদম মারা হইছে। আমি এ ঘটনার বিচার চাই।"" মুকিম অভিযোগ করেছেন, তাকে মারধরের ঘটনায় সরকার-সমর্থক ছাত্রলীগের হল কমিটির কয়েকজন নেতা এবং হল সংসদের কয়েকজন অংশ নিয়েছেন। বিক্ষোভ মুকিমসহ চারজন ছাত্রকে নির্যাতনের প্রতিবাদে ঢাকা বিশ্ববিদ্যালয়ের ট্যুরিজম অ্যান্ড হসপিটালিটি ম্যানেজমেন্ট বিভাগের শিক্ষার্থীরা সকালে রাজু ভাস্কর্যে মানববন্ধন করেছেন। মুকিম এই বিভাগের দ্বিতীয় বর্ষের ছাত্র। এদিকে, নির্যাতনের প্রতিবাদে এবং এ ঘটনায় জড়িতদের বিচারের দাবিতে ঢাকা বিশ্ববিদ্যালয়ের সন্ত্রাসবিরোধী ছাত্র ঐক্য দুপুর বারোটায় বিক্ষোভ মিছিল করছে। তদন্ত কমিটি ঘটনার সুষ্ঠু তদন্তের জন্য জহুরুল হক হল কর্তৃপক্ষ তিন সদস্যের তদন্ত কমিটি গঠন করেছে। রাতে মুকিমকে দেখতে রাজু ভাস্কর্যে গিয়ে এই তদন্ত কমিটি গঠনের কথা জানান সার্জেন্ট জহুরুল হক হলের প্রভোস্ট অধ্যাপক দেলোয়ার হোসেন। এখানে উল্লেখ করা যেতে পারে, গত বছর অক্টোবর মাসে বুয়েটের ছাত্র আবরার ফাহাদকে 'শিবির সন্দেহে' টানা নির্যাতনের এক পর্যায়ে সে মারা যায়। নির্যাতনের অভিযোগ ছিল ছাত্রলীগের বিরুদ্ধে। এ ঘটনায় দেশব্যাপী ছাত্রবিক্ষোভ ছড়িয়ে পড়েছিলো।","মুকিম চৌধুরী এবং তার সহপাঠীদের মারধর ও বিনা কারণে পুলিশে দেয়ার প্রতিবাদে তিনি ঢাকা বিশ্ববিদ্যালয়ে অবস্থান ধর্মঘট শুরু করেছেন। মঙ্গলবার রাতে ছাত্রলীগের নেতাদের হাতে তাদের মারধরের অভিযোগ ওঠে, এবং পরে তাদের শাহবাগ থানায় হস্তান্তর করা হয়। মুকিম এবং অন্যদের দাবি, তাদেরকে 'শিবির সন্দেহে' ডেকে এনে হাতুড়ি, মোটা তার ও ক্রিকেট স্ট্যাম্প দিয়ে পেটানো হয়।"
"মাল্টি লেভেল মার্কেটিং কোম্পানির কয়েকটির বিরুদ্ধে আর্থিক অনিয়মের অভিযোগ রয়েছে কারাদণ্ডের পাশাপাশি তাদের ২৭০২ কোটি ৪১ লক্ষ টাকা অর্থদণ্ড দেয়া হয়েছে, এবং প্রতিষ্ঠানটির ৪২০ কোটি টাকা বাজেয়াপ্ত করা হয়েছে। বাংলাদেশে এর আগে আরো কয়েকটি মাল্টি লেভেল মার্কেটিং কোম্পানির বিরুদ্ধে গ্রাহকদের অর্থ আত্মসাতের অভিযোগ উঠলেও, এই প্রথম এ ধরণের কোন প্রতিষ্ঠানের কারো সাজা হলো। দুর্নীতি দমন কমিশনের কৌঁসুলি মোশাররফ হোসেন কাজল জানিয়েছেন, প্রতিষ্ঠানটির ছয়জন কর্মকর্তাকে ১৩৫১ কোটি টাকা দুর্নীতির দায়ে মানি লণ্ডারিং আইনে সাজা দিয়েছেন আদালত। এর মধ্যে প্রতিষ্ঠানটির ব্যবস্থাপনা পরিচালক মোহাম্মদ মুনতাসীর হোসেন, পরিচালক আরশাদ উল্লাহ এবং জেনারেল ম্যানেজার এএম জামশেদ রহমান এই তিনজন ইতোমধ্যে কারাগারে রয়েছেন। দণ্ডপ্রাপ্ত বাকি তিনজন পলাতক। দুদক ২০১১ সালের ২৫শে জানুয়ারি ইউনিপেটুইউ -এর কর্মকর্তাদের বিরুদ্ধে গ্রাহকদের অর্থ আত্মসাতের অভিযোগে মামলা করে। বাংলাদেশে গত কয়েক বছরে ডেসটিনি ও যুবকসহ আরো কয়েকটি মাল্টি লেভেল মার্কেটিং কোম্পানির বিরুদ্ধে গ্রাহকদের অর্থ আত্মসাতের অভিযোগ উঠেছে। সেসব ঘটনায় একাধিক মামলা হবার পর সেগুলো এখনো বিচারাধীন রয়েছে। মাল্টি লেভেল মার্কেটিং কোম্পানিগুলোর বিরুদ্ধে অভিযোগ, এ প্রতিষ্ঠানগুলো ব্যাংকিং রেজিস্ট্রেশন না নিয়ে শুধুমাত্র সমবায়ের লাইসেন্স দিয়ে ব্যাংক সমতুল্য কিছু কার্যক্রম পরিচালনা করে আসছিল। শুরুতে মাল্টি লেভেল মার্কেটিং প্রতিষ্ঠানগুলো সমবায়ের লাইসেন্স দিয়ে গ্রাহকের কাছ থেকে আমানত সংগ্রহ করতো এবং কখনো তারা ঋণও প্রদান করতো। কিন্তু সমবায়ের লাইসেন্সের আওতায় সেটি করার জন্য তাদের অনুমতি নেই। যদিও সেসময় এ ধরনের কার্যক্রম তদারকি করার মতো লোকবল সমাজ কল্যাণ বা সমবায় অধিদফতরের ছিল না। এ ধরণের কয়েকটি অর্থ কেলেংকারির পরে ২০১৩ সালে সরকার মাল্টি লেভেল মার্কেটিং কার্যক্রম নিয়ন্ত্রণ আইন প্রণয়ন করে। বিবিসি বাংলার আরো খবর: ইজতেমা একটাই হবে, সাদ কান্দালভী আসছেন না মন্দিরে ঢুকে ইতিহাস গড়া নারী বাড়ি থেকে বিতাড়িত নিউইয়র্কে মুসলিমদের বিরুদ্ধে ষড়যন্ত্র: আটক ৪ চীনের যে অস্ত্র নিয়ে উদ্বিগ্ন হতে পারে রাশিয়া ও যুক্তরাষ্ট্র","বাংলাদেশে প্রথমবারের মতো একটি মাল্টি লেভেল মার্কেটিং কোম্পানির কর্মকর্তাদের বিরুদ্ধে আর্থিক অনিয়মের অভিযোগে সাজা হয়েছে। প্রতিষ্ঠানটির ছয়জন কর্মকর্তা মানি লন্ডারিং আইনে দোষী সাব্যস্ত হয়ে ১৩৫১ কোটি টাকা দুর্নীতির দায়ে সাজাপ্রাপ্ত হয়েছেন। এর মধ্যে তিনজন কারাগারে রয়েছেন, বাকি তিনজন পলাতক। প্রতিষ্ঠানটির ২৭০২ কোটি ৪১ লক্ষ টাকা অর্থদণ্ড এবং ৪২০ কোটি টাকা বাজেয়াপ্ত করা হয়েছে। এ ধরনের প্রতিষ্ঠানগুলি সমবায়ের লাইসেন্স দিয়ে ব্যাংকিং কার্যক্রম পরিচালনা করছিল, যা সরকারের অনুমোদন ছাড়া ছিল। এই ঘটনায় সরকার ২০১৩ সালে মাল্টি লেভেল মার্কেটিং নিয়ন্ত্রণ আইন প্রণয়ন করেছে।"
"ভারতে কন্ডোমের বিজ্ঞাপন দিনেরবেলায় দেখানো যাবে না ওই সময়কালে বাচ্চারা টিভি দেখে আর কন্ডোমের বিজ্ঞাপনগুলো তাদের ওপরে খারাপ প্রভাব ফেলতে পারে, এ কারণেই এই বিধিনিষেধ আরোপ করা হয়েছে বলে মন্ত্রণালয় জানাচ্ছে। রাত দশটা থেকে পরের দিন ভোর ছটা পর্যন্ত কন্ডোমের বিজ্ঞাপন দেখানোর ওপরে কোনও বাধা থাকবে না। দেশের সবকটি টিভি চ্যানেলের কাছে তথ্য ও সম্প্রচার মন্ত্রণালয় এই নির্দেশ পাঠিয়েছে। কেবল্ টেলিভিশন নেটওয়ার্ক রুলস-এ বলা হয়েছে, যেসব বিজ্ঞাপন শিশুদের সুরক্ষা বিঘ্নিত করতে পারে বা কিছু অস্বাস্থ্যকর বিষয়ে কৌতূহল তৈরি করতে পারে, এমন বিজ্ঞাপন দেখানো যাবে না। কন্ডোমের বিজ্ঞাপনগুলির প্রতি তথ্য ও সম্প্রচার মন্ত্রকের দৃষ্টি আকর্ষণ করেছিল অ্যাডভারটাইজিং স্ট্যান্ডার্স কাউন্সিল অফ ইন্ডিয়া। এই সংস্থাটি বিজ্ঞাপনের সঙ্গে সংশ্লিষ্টদের নিয়ে তৈরি একটি স্বেচ্ছানিয়ন্ত্রণ ব্যবস্থাপনা। গত সেপ্টেম্বরে সানি লিওন অভিনীত একটি কন্ডোমের বিজ্ঞাপনকে কেন্দ্র করে গুজরাটের সুরাট শহরে ব্যাপক প্রতিবাদ হয়। গুজরাটের বড় উৎসব নবরাত্রির আগে ওই বিজ্ঞাপনে বার্তা দেওয়া হয়েছিল, ''খেল, কিন্তু ভালবাসার সঙ্গে।'' হিন্দু যুব বাহিনী ওই বিজ্ঞাপনটির বিরুদ্ধে প্রতিবাদ করেছিল। একটা জনপ্রিয় ধারণা রয়েছে, যে গুজরাটে নবরাত্রির উৎসবের সময়ে অনেক অবিবাহিত নারীই অনাকাঙ্ক্ষিতভাবে গর্ভবতী হয়ে পড়েন। এ নিয়ে বিতর্কও রয়েছে প্রচুর। সেই প্রচলিত ধারণাকে কেন্দ্র করেই গুজরাটিদের উদ্দেশ্যে নবরাত্রির সময়ে কন্ডোমের ব্যবহার বাড়াতে আর তাদের নিজের পণ্য বিক্রি করার উদ্যোগ নিয়েছিল ওই বিশেষ ব্র্যান্ড বলেই মনে করা হয়ে থাকে। বিজ্ঞাপনটি নিয়ে প্রতিবাদ শুরু হওয়ায় প্রায় ৫০০ হোর্ডিং গুজরাত থেকে সরিয়ে নিয়েছিল ওই কন্ডোম প্রস্তুতকারী সংস্থাটি। তা নিয়ে অ্যাডভারটাইজিং কাউন্সিলে অভিযোগ জমা পড়ে। নিয়ন্ত্রক সংস্থা জানিয়ে দিয়েছিল যে বিজ্ঞাপনের বিষয়বস্তু নিয়ে তাদের কিছু বলার নেই, তবে তাদের পক্ষে কোনও পণ্যের বিজ্ঞাপন প্রচারের সময় বেঁধে দেওয়া সম্ভব নয়। তাই বিষয়টি মন্ত্রকের কাছে পাঠানো হয়েছিল বিবেচনার জন্য। কেউ কেউ বলছে কিশোর-কিশোরীদের তো জানা উচিত কন্ডোম সহ নানা ধরণের গর্ভনিরোধকের ব্যাপারে। তাহলে তারা অনাকাঙ্ক্ষিত গর্ভধারণ বা এইডস-এর ব্যাপারে সচেতন থাকতে পারবে। তথ্য ও সম্প্রচার মন্ত্রকের এই নির্দেশে বিতর্ক কেন? কেউ বলছেন, সত্যিই পরিবারের সঙ্গে বসে টিভি দেখার সময়ে হঠাৎ কন্ডোমের বিজ্ঞাপন চলে এলে বেশ অস্বস্তিতেই পড়তে হয়। কেউ আবার বলছেন এমন বহু সিরিয়াল বা সিনেমা সারাদিন ধরেই দেখানো হয়, যেখানে পারিবারিক হিংসা, একাধিক নারীর সঙ্গে বিবাহের মতো ক্ষতিকারক বিষয় থাকে। শিশুদের ওপরে সেসবেরও কুপ্রভাব পড়ে। তাই বন্ধ করতে হলে সেগুলোও বন্ধ করা উচিত। কেউ কেউ আবার মনে করছেন যে কন্ডোমের বিজ্ঞাপনগুলো আজকাল একটু বেশিরকমেরই উত্তেজক হয়ে যাচ্ছে। পরিবার নিয়ন্ত্রণ বা এইডস্-এর মতো মারণ রোগের প্রতিরোধে কন্ডোমের যে গুরুত্ব, সেই বার্তা কিছুটা খাটো হয়ে যাচ্ছে। মুম্বাইয়ে বিজ্ঞাপন ফিল্ম তৈরি করেন শৌভিক রায়। তিনি বলছিলেন, ""আমরা এমন একটা যুগে বাস করছি, যেখানে যৌন-শিক্ষা বা খারাপ-ছোঁয়া, ভাল-ছোঁয়া এগুলোও যেমন দশ এগারো বছর থেকেই শেখানো দরকার, তেমনই পরিবার নিয়ন্ত্রণ বা এইডসের সম্বন্ধেও ধারণা দেওয়া দরকার। তবে এখন কন্ডোমের বিজ্ঞাপনগুলোর মধ্যে অনেকগুলোই সেই গুরুত্বপূর্ণ বার্তা দেওয়ার বদলে যৌন আবেদনের সীমার কাছাকাছি চলে যাচ্ছে। অনেকগুলিতেই যৌনসুড়সুড়িও দেওয়া হয়।"" মি. রায়ের নিজেরও সাত বছরের একটি মেয়ে আছে। তিনি বলছিলেন, ভারতীয় সমাজে এখনও পরিবারের সঙ্গে বসে টিভি দেখার চল রয়েছে বেশিরভাগ বাড়িতেই। তাই কন্ডোমের যেসব বিজ্ঞাপন কিছুটা উত্তেজক, - যা সফট পর্ণোগ্রাফির কাছাকাছি চলে যায়, অথবা গোটা বিষয়টাকে একটা মজা করার বিষয়বস্তু হিসাবে তুলে ধরে, সেই বার্তাটা ছোট বাচ্চাদের সামনে না দেওয়াই শ্রেয় বলে মনে করেন শৌভিক রায়। জাতীয় শিশু সুরক্ষা কমিশনও কন্ডোমের বিজ্ঞাপনের সময়সীমা বেঁধে দেওয়ার এই সরকারি নির্দেশনাকে স্বাগত জানিয়েছে। অনেকে প্রশ্ন তুলছেন সারাদিন ধরে টিভিতে যেসব সিনেমা বা সিরিয়াল হয়, সেগুলো কি শিশুদের ওপরে খারাপ প্রভাব ফেলে না? তবে কন্ডোমের বিজ্ঞাপনের সময়সীমা বেঁধে দেওয়ার বিরুদ্ধ মতও দেখা যাচ্ছে সামাজিক মাধ্যমে। 'অপেক্ষা' নামের এক টুইট ব্যবহারকারী লিখছেন, ""মনে হচ্ছে কন্ডোমের বিজ্ঞাপন দেখে ছোটদের থেকে বড়রাই বেশি অস্বস্তিতে পড়ে। কিন্তু ছোটরা অন্য যাসব ছবি, ভিডিও দেখছে বা যেসব গান শুনছে - সেগুলোও কি সবসময়ে রুচিকর?"" পশ্চিমবঙ্গ শিশু সুরক্ষা কমিশনের চেয়ারপার্সন অনন্যা চ্যাটার্জীও উল্লেখ করছিলেন এই বিষয়টিরই। তাঁর কথায়, ""সারাদিন ধরে যেসব সিনেমা বা সিরিয়াল হয়, সেগুলো কি শিশুদের ওপরে খারাপ প্রভাব ফেলে না? সেগুলোতে কি পারিবারিক হিংসা, বেআইনীভাবে একই পুরুষের দুতিনটি বিয়ে এসব দেখানো হয় না? শুধু কন্ডোমের বিজ্ঞাপন কেন, তাহলে ওইসব সিনেমা সিরিয়ালও বন্ধ হোক। ওগুলো বন্ধ করা বেশি জরুরি।"" ""একেবারে ছোট বাচ্চাদের ওপরে কন্ডোমের বিজ্ঞাপনের প্রভাব হয়তো পড়তে পারে, কিন্তু কিশোর-কিশোরীদের তো জানাই উচিত কন্ডোম সহ নানা ধরণের গর্ভনিরোধকের ব্যাপারে। তাহলে তারা অনাকাঙ্ক্ষিত গর্ভধারণ বা এইডস-এর ব্যাপারে সচেতন থাকতে পারবে,""বলছিলেন মিসেস চ্যাটার্জী। 'যশ সিঙ্গলা' টুইটারে মন্তব্য করেছেন, ""কেন জনসংখ্যার দিক থেকে একেবারে প্রথম সারিতে আছে ভারত, জানেন সেটা? কারণ এই দেশে মানুষ কন্ডোমের ব্যাপারে অজ্ঞ আর সেটা কিনতে তারা লজ্জা পায়। কন্ডোমের বিজ্ঞাপনে কি পর্নোগ্রাফি দেখানো হয় যে সেটা বন্ধ করতে হবে?"" জনসংখ্যা নিয়ন্ত্রণে পরিবার পরিকল্পনার অংশ হিসাবে সরকারি কন্ডোমের বিজ্ঞাপন তিন চার দশক ধরেই ভারতের টিভি তে দেখানো হত। সেগুলোতে অবশ্য মূলত ''ছোটপরিবার, সুখী পরিবার'' ধরণের বার্তাই দেওয়া হত। জন্মনিয়ন্ত্রণের বিষয়ে নববিবাহিত দম্পতিদের অবহিত করার জন্য কন্ডোম সহ বেশ কয়েকধরণের গর্ভনিরোধক বড়ি আর কয়েকরকমের প্রসাধনী উপহার দেওয়ার ব্যবস্থা নিয়েছে উত্তরপ্রদেশ সরকার।","ভারতে কন্ডোমের বিজ্ঞাপন দিনের বেলায় দেখানো যাবে না বলে তথ্য ও সম্প্রচার মন্ত্রণালয় সিদ্ধান্ত নিয়েছে। এটি শিশুদের ওপর খারাপ প্রভাব ফেলতে পারে, বিশেষ করে যখন তারা টিভি দেখে। তবে, রাত ১০টা থেকে পরের দিন ভোর ৬টা পর্যন্ত কন্ডোমের বিজ্ঞাপন দেখানোর ওপর কোনো বিধিনিষেধ নেই। এই সিদ্ধান্তের বিরুদ্ধে বিতর্কও চলছে। অনেকেই বলছেন, কিশোর-কিশোরীদের কন্ডোমের মতো গর্ভনিরোধক সম্পর্কে সচেতন করা দরকার, তবে বিজ্ঞাপনগুলোর ভাষা এবং উপস্থাপন একাধিকবার যৌন আবেদন সৃষ্টিকারী হওয়ায় তা ছোটদের জন্য অস্বস্তিকর হতে পারে। অন্যদিকে, অনেকের মতে, দিনের বেলা টিভিতে প্রচারিত সিনেমা এবং সিরিয়ালগুলিতেও শিশুদের জন্য ক্ষতিকর বার্তা থাকে, যেগুলোও বন্ধ হওয়া উচিত।"
"ইরানের প্রেসিডেন্ট হাসান রৌহানি বলেছেন মার্কিন অবরোধ থেকে বাঁচতে এ উদ্যোগ নেয়া হয়েছে চুক্তি অনুযায়ী ইরান তার স্পর্শকাতর পারমানবিক কর্মসূচী সীমিত করে আনবে এবং দেশটির ওপর আরোপ করা অর্থনৈতিক অবরোধ তুলে নেয়ার বিনিময়ে ইরান আন্তর্জাতিক পরিদর্শকদের ঢুকতে দেবে। সমৃদ্ধ ইউরেনিয়াম কী? দুনিয়া জুড়ে সমৃদ্ধ ইউরেনিয়াম বা ইউরেনিয়ামের মজুদ বাড়ানো হয় শান্তিপূর্ণ ব্যবহারের উদ্দেশ্যে, যেমন চিকিৎসা কাজে বা বিদ্যুৎ উৎপাদনের কাজে ব্যবহারের জন্য। কিন্তু এটি যদি অত্যধিক পরিশোধিত হয়, তাহলে সেই ইউরেনিয়াম দিয়ে পারমানবিক বোমা বানানো যায়। পারমানবিক চুক্তি অনুযায়ী, ২০৩১ সাল পর্যন্ত ইরানকে কেবলমাত্র কম সমৃদ্ধ ইউরেনিয়াম উৎপাদনের অনুমতি দেয়া হয়েছে, যার মাত্রা হবে তিন থেকে চার শতাংশ। পারমানবিক অস্ত্র তৈরির জন্য যে ইউরেনিয়াম লাগে, তার মাত্রা ৯০ শতাংশ বা তার বেশি। এছাড়া চুক্তি অনুযায়ী, ইরান ৩০০ কেজির বেশি কম সমৃদ্ধ ইউরেনিয়াম রাখতে পারবে না। এছাড়া ইরান ১৩০ টনের বেশি ভারী পানি, যার মধ্যে সাধারণ পানির চেয়ে বেশি হাইড্রোজেন থাকে, সংরক্ষণ করতে পারবে না। সেই সঙ্গে দেশটির আরাকে অবস্থিত বিশেষায়িত পানির মাধ্যমে পারমানবিক বিদ্যুৎ উৎপাদন কেন্দ্রের নকশা নতুন করে করতে হবে। বিশেষায়িত পানির রিঅ্যাক্টরে প্লুটোনিয়াম থাকে, যা পারমানবিক বোমার ব্যবহার করা যায়। বিভিন্ন দেশ ও আন্তর্জাতিক সংস্থার সাথে ইরানের পারমাণবিক চুক্তি বিষয়ক আলোচনা। ইরান কেন নিষেধাজ্ঞা ভেঙ্গেছে? ২০১৮ সালের মে মাসে পারমানবিক চুক্তি থেকে যুক্তরাষ্ট্র একতরফাভাবে নিজেকে প্রত্যাহার করে নেয়, এবং নতুন করে ইরানের ওপর নিষেধাজ্ঞা আরোপ করে। মিঃ ট্রাম্পের ভাষ্যমতে চুক্তিতে অনেক ত্রুটি রয়ে গেছে, তিনি চাইছিলেন ইরানের সরকারকে নতুন করে চুক্তি করতে বাধ্য করতে। কিন্তু ইরান তাতে রাজি হয়নি। কিন্তু যুক্তরাষ্ট্রের এই পদক্ষেপের ফলে ইরানের অর্থনীতির ওপর ভয়াবহ প্রভাব পড়ে। যুক্তরাষ্ট্র চুক্তি থেকে বেরিয়ে গেলেও, তার ইউরোপীয় মিত্র ব্রিটেন, ফ্রান্স এবং জার্মানি ইরানের সাথে চুক্তি অব্যাহত রাখার প্রতিশ্রুতি দেয়। ইরানও যাতে চুক্তি না ভাঙ্গে সে জন্যও ইউরোপীয় দেশগুলো তেহরানের প্রতি ক্রমাগত আহ্বান জানিয়ে আসছিল। কিন্তু একের পর এক মার্কিন নিষেধাজ্ঞা এবং অতি সম্প্রতি উপসাগরে মার্কিন সামরিক তৎপরতার কারণে পরিস্থিতি বিপজ্জনক হয়ে পড়েছে। এ সিদ্ধান্তের গুরুত্ব কী? প্রথমেই এটা ২০১৫ সালে চুক্তির লঙ্ঘন। আন্তর্জাতিক আণবিক সংস্থা আইএইএ যদি একে চুক্তির লঙ্ঘন বলে ঘোষণা করে তাহলে জাতিসংঘ এবং বৃহৎ শক্তিগুলো ইরানের ওপর আরো অবরোধ আরোপ করতে পারে। নিরাপত্তা পরিষদের কোন সদস্য সেই সিদ্ধান্তের ওপর ভেটো দিতে পারবে না। এদিকে, সাতই জুলাই এর মধ্যে যদি বৃহৎ শক্তিগুলো এ নিয়ে কোন ব্যবস্থা না নেয় তাহলে ইরান চুক্তির আরো লঙ্ঘন করতে পারে এমন একটি সতর্কতা দিয়ে রেখেছে। এখন, ইরানের পক্ষ থেকে চুক্তির শর্ত ভাঙ্গার এই খবরের পর পারমানবিক চুক্তিটির ভবিষ্যৎ নিয়েও প্রশ্ন তৈরি হবে। সাবেক মার্কিন প্রেসিডেন্ট বারাকা ওবামার উদ্যোগে ২০১৫ সালে তেহরানের সাথে ছয়টি শক্তিধর দেশের একটি চুক্তি হয়। কী করেছে ইরান? ইরানকে পারমানবিক বোমা তৈরি থেকে বিরত রাখতে সাবেক মার্কিন প্রেসিডেন্ট বারাকা ওবামার উদ্যোগে ২০১৫ সালে তেহরানের সাথে ছয়টি শক্তিধর দেশের একটি চুক্তি হয়। চুক্তির শর্ত অনুযায়ী, ইরান তাদের সমৃদ্ধ ইউরেনিয়ামের মজুদ একটি বেধে দেওয়া সীমার মধ্যে রাখবে। বিনিময়ে, ইরানের ওপর থেকে অধিকাংশ অর্থনৈতিক নিষেধাজ্ঞা ওঠানো হয়। কিন্তু প্রেসিডেন্ট ট্রাম্প ক্ষমতায় আসার পর খোলাখুলি এই চুক্তির বিরোধিতা শুরু করেন, এবং গত বছর তিনি একতরফাভাবে চুক্তি থেকে বেরিয়ে যান। শুধু চুক্তি থেকেই বেরিয়ে গিয়ে তিনি ক্ষান্ত হননি, ইরানের ওপর নতুন করে কড়া নিষেধাজ্ঞা আরোপ শুরু করেন। এখন জানা যাচ্ছে, পারমানবিক চুক্তিতে বেঁধে দেওয়া সমৃদ্ধ ইউরেনিয়ামের মজুদের সীমা লঙ্ঘন করেছে ইরান। ২০১৫ সালে চুক্তিতে মজুদের সর্বোচ্চ সীমা ছিল ২০২ দশমিক আট কিলোগ্রাম। আরও পড়তে পারেন: 'যুদ্ধ বাধলে নিশ্চিহ্ন হবে ইরান', বলছেন ট্রাম্প ইরানের ওপর 'গুরুতর' নিষেধাজ্ঞার ঘোষণা ট্রাম্পের গুলি করে মার্কিন ড্রোন ফেলে দিল ইরান আন্তর্জাতিক আণবিক সংস্থা আইএইএ সোমবার তাদের সর্বশেষ পরিদর্শনে দেখেছে ইরানের কাছে সমৃদ্ধ ইউরেনিয়ামের মজুদ ছিল ২০০ কিলোগ্রাম। কিন্তু ইরানের সূত্রে জানা গেছে ইউরেনিয়ামের মজুদ ৩০০ কিলোগ্রাম ছাড়িয়ে গেছে। শুক্রবার ভিয়েনাতে এক বৈঠকের পর, ইরানের পক্ষ থেকে বলা হয়, যুক্তরাষ্ট্রের নিষেধাজ্ঞার প্রভাব প্রশমনে ইউরোপীয় দেশগুলোর উদ্যোগ যথেষ্ট নয়। সোমবার রাষ্ট্রীয় টিভিতে এক ভাষণে ইরানের পররাষ্ট্রমন্ত্রী জাভেদ জারিফ বলেছেন- ""চাপের কাছের ইরান কখনই নতি স্বীকার করবে না। যুক্তরাষ্ট্র যদি কথা বলতে চায়, তাহলে হুমকি ধামকি বন্ধ করে, সম্মান করে কথা বলতে বলতে হবে।""","ইরানের প্রেসিডেন্ট হাসান রৌহানি বলেছেন, মার্কিন অবরোধ থেকে বাঁচতে ইরান তার পারমাণবিক কর্মসূচী সীমিত করার উদ্যোগ নিয়েছে। চুক্তি অনুযায়ী, ইরানকে কেবল কম সমৃদ্ধ ইউরেনিয়াম উৎপাদনের অনুমতি দেওয়া হয়েছে এবং ৩০০ কেজির বেশি ইউরেনিয়াম মজুদ রাখতে পারবে না। তবে, ২০১৮ সালে যুক্তরাষ্ট্র একতরফাভাবে পারমাণবিক চুক্তি থেকে বেরিয়ে যাওয়ার পর, ইরান ওই চুক্তির শর্ত লঙ্ঘন করেছে এবং ইউরেনিয়ামের মজুদ সীমা অতিক্রম করেছে। ইরান দাবি করেছে যে, যুক্তরাষ্ট্রের নিষেধাজ্ঞার কারণে ইউরোপীয় দেশগুলোর পদক্ষেপ যথেষ্ট নয় এবং তাদের জন্য চাপ সৃষ্টি করা হয়েছে। ইরানের পররাষ্ট্রমন্ত্রী বলেছেন, ""চাপের কাছে ইরান কখনো নতি স্বীকার করবে না"" এবং যুক্তরাষ্ট্রকে সম্মানজনকভাবে কথা বলার আহ্বান জানিয়েছেন।"
"'গজনাইম' নামের এটি ম্যালওয়্যার দিয়ে এই অর্থ চুরি করা হতো। মোট ছয়টি দেশের সমন্বিত পুলিশি কর্মকাণ্ডে এই অপরাধী চক্রটি অবশেষে ভেঙে দেয়া হয়েছে। এর মধ্যে ১০ জনকে পাকড়াও করে তাদের নানা ধরনের অভিযোগে অভিযুক্ত করা হয়েছে। যেভাবে চুরি করা হতো অর্থ 'গজনাইম' নামের এটি ম্যালওয়্যার দিয়ে কম্পিউটারে প্রবেশ করে এই অর্থ চুরি করা হতো। দুটি ম্যালওয়্যারের হাইব্রিড এটি। এই ম্যালওয়্যার দিয়ে গোপনে বিভিন্ন অ্যাকাউন্টের অনলাইন ব্যাংকিং-এর তথ্য চুরি করে হাতিয়ে নেয়া হতো অর্থ। এই চক্রের মুল শিকার ছিল ক্ষুদ্র ব্যবসায়ী, আইনজীবীদের কোম্পানি, আন্তর্জাতিক কোম্পানি ও অলাভজনক প্রতিষ্ঠান। অন্যান্য সাইবার অপরাধীদের এই ম্যালওয়্যার অর্থের বিনিময়ে ব্যাবহারের জন্য ভাড়া দেয়া হতো। খুব জটিল ও বিস্তৃত সাইবার অপরাধ ছিল এটি। অন্য অপরাধীদের কাছে এটি সম্পর্কে গোপন বিজ্ঞাপনের ব্যবস্থা ছিল। সাইবার জগতে দক্ষ ব্যক্তিরা এই চক্রের জন্য ভাড়ায় কাজ করতো। ছয়টি দেশের সমন্বিত পুলিশি অভিযান দা হেগে অবস্থিত ইউরোপিয়ান পুলিশের এজেন্সি ইউরোপোলের সদরদপ্তর থেকে এই অভিযানের বিস্তারিত প্রকাশ করা হয়েছে। আরো পড়ুন: আর্থিক খাতে সাইবার ক্রাইম ঠেকানো যাচ্ছেনা কেন? দেশে স্মার্টফোন ঝুঁকিতে - নিরাপদ থাকার উপায় বিশ্ব জুড়ে বড় ধরনের সাইবার হামলা খুব জটিল ও বিস্তৃত সাইবার অপরাধ ছিল এটি। আর এটি ঠেকাতেও লেগেছে জটিল সাইবার অপরাধ বিরোধী পুলিশি ব্যবস্থা। এর সাথে জড়িত ছিল যুক্তরাষ্ট্র, জার্মানি, বুলগেরিয়া, জর্জিয়া, ইউক্রেইন ও মলদোভিয়ার পুলিশ। যুক্তরাষ্ট্রের পিটসবার্গে এই চক্রের দশজনকে অর্থ চুরি, কালোটাকা সাদা করা ও অর্থ পাচারের অভিযোগে অভিযুক্ত করা হয়েছে। হেগে অবস্থিত ইউরোপিয়ান পুলিশের এজেন্সি ইউরোপোলের সদরদপ্তর পাঁচজন রাশিয়ান নাগরিককে এখনো খুঁজছে পুলিশ। যাদের একজন 'গজনাইম' নামের এই ম্যালওয়্যারটি তৈরি করেছেন। সেটির ব্যবস্থাপনা করতেন তিনি। চক্রের নেতা ও প্রযুক্তিগত সহযোগীর বিরুদ্ধে জর্জিয়াতে অভিযোগ আনা হয়েছে। বুলগেরিয়া থেকে একজনকে মার্কিন কর্তৃপক্ষের কাছে বিচারের জন্য হস্তান্তর করা হয়েছে। 'গজনাইম' যাতে সনাক্ত করা না যায় সেই কাজে যুক্ত একজনকে মলদোভিয়াতে বিচার করা হচ্ছে। জার্মানিতে দুজনের বিরুদ্ধে অর্থ পাচারের অভিযোগ আনা হয়েছে। অন্যান্য খবর: মোদী সরকারের আমলে আতঙ্কে কেন মুসলমানরা? নিম্নমানের ৫২টি পণ্য: দোকানে বিক্রি হলে কী ব্যবস্থা? সর্পদংশন: 'হাতটা যেন হাতুড়ির আঘাতে চুরমার হয়ে যাচ্ছে'","গজনাইম নামক একটি ম্যালওয়্যার ব্যবহার করে আন্তর্জাতিক অপরাধী চক্রটি সাইবার আক্রমণের মাধ্যমে অর্থ চুরি করত। এই ম্যালওয়্যারটি একটি হাইব্রিড ম্যালওয়্যার, যা কম্পিউটারে প্রবেশ করে অনলাইন ব্যাংকিং তথ্য চুরি করে অর্থ হাতিয়ে নিত। এর প্রধান লক্ষ্য ছিল ক্ষুদ্র ব্যবসায়ী, আইনজীবী, কোম্পানি, এবং অলাভজনক প্রতিষ্ঠান। অপরাধীরা এই ম্যালওয়্যার অন্যান্য সাইবার অপরাধীদের ভাড়া দিয়ে ব্যবহার করত।"
"যখন নতুন কিছু আমরা শেখা শুরু করি, তখনই আমাদের মাথা সবচেয়ে বেশি কাজ করে। যে কোন বিষয়, তা যত কঠিনই হোক, আমাদের মস্তিস্ক নাকি বেশ দ্রুতই তা শিখতে পারে। অন্তত শেখা শুরু করার প্রথম বিশ ঘন্টার মধ্যে। গবেষণায় দেখা যাচ্ছে, যে কোন বিষয় শেখার সবচেয়ে কার্যকর সময় আসলে সেই বিষয়টি সম্পর্কে প্রথম পরিচয় হওয়ার প্রথম বিশ ঘন্টার মধ্যেই। ঠিক ঐ সময়ের মধ্যেই নাকি আমাদের মস্তিস্ক সবচেয়ে দ্রুততার সঙ্গে শিখতে পারে। কারণ মস্তিস্ক তখন ঐ বিষয় সম্পর্কে জানতে সবচেয়ে বেশি আগ্রহী থাকে এবং তখন যে কোন উদ্দীপনায় সাড়া দেয়ার ক্ষমতাও বেশি থাকে। মস্তিস্ক তখনই উদ্দীপনায় সবচেয়ে বেশি সাড়া দেয় যখন আমরা নতুন কিছুর সঙ্গে প্রথম পরিচিত হই। আমাদের মস্তিস্ক আসলে কিভাবে নতুন তথ্য সঞ্চিত করে, তা নিয়ে প্রথম গবেষণা করেছিলেন উনিশ শতকের জার্মান দার্শনিক এবং মনোবিজ্ঞানী হেরম্যান এবিংহউস। তিনিই প্রথম 'লার্নিং কার্ভ', অর্থাৎ কোন নতুন বিষয়ে দক্ষতা এবং সেই দক্ষতা অর্জনে কতটা সময় লাগে, এই দুয়ের সম্পর্কের ব্যাপারে প্রথম ধারণা দেন। একটি গ্রাফে যদি এটা দেখাতে হয়, তাহলে 'নলেজ' বা 'জ্ঞান'কে দেখাতে হবে উল্লম্ব রেখা বা 'ওয়াই-এক্সিস' বরাবর। আর সময়কে দেখাতে হবে অনুভূমিক রেখা বা 'এক্স-এক্সিস' বরাবর। হেরম্যান এবিংহউসের 'লার্নিং কার্ভ'। হেরম্যান এবিংহউস বুঝতে পেরেছিলেন, প্রথম কয়েক ঘন্টায় কোন নতুন বিষয় শিখতে যত বেশি সময় দেয়া যায়, তত বেশি জ্ঞান অর্জন করা যায়। দেখা যায় এই গ্রাফে 'লার্নিং কার্ভ' দ্রুত উপরে উঠছে। কিন্তু পরের দিকে দেখা যায় আমাদের মস্তিস্কের শেখার ক্ষমতা কমতে থাকে। একপর্যায়ে এসে লার্নিং কার্ভ প্রায় সমান হয়ে যায়। তখন অনেক বেশি সময় ধরে কোন বিষয় অধ্যায়ন করলে সেটি হয়তো নিখুঁতভাবে জানা হবে, তবে এই পর্যায়ে এসে মস্তিস্ক আর কোন কিছু অতি দ্রুত গতিতে শিখবে না। হেরম্যান এবিংহউসের এই গ্রাফটি আজকের যুগেও ব্যবহার করা হয়। এটির ভিত্তিতেই ঠিক করা হয়, কোন নতুন দক্ষতা অর্জনে কতটা সময় আসলে লাগতে পারে। ব্যবসা-বাণিজ্যের জগতে উৎপাদনশীলতা মাপার কাজেও এটি ব্যবহৃত হয়। যখন আমরা কোন নতুন বিষয় শিখতে শুরু করি, তখন প্রথম বিশ ঘন্টাই আসলে সবচেয়ে নিবিড় এবং কার্যকর সময়। কারণ যখন আমরা নতুন কোন উদ্দীপনার সংস্পর্শে আসি, আমাদের মস্তিস্ক তাতে দ্রুত সাড়া দেয়। তখন মস্তিস্ক সবচেয়ে বেশি তথ্য ধারণ করতে পারে। যখন নতুন কিছু শেখা শুরু করেন, তখন আপনার মাথা সবচেয়ে বেশি কাজ করে। তবে যত সময় গড়াতে থাকে, মস্তিস্কের সাড়া দেয়ার ক্ষমতা তত কমতে থাকে। মস্তিস্কের এই দ্রুত শেখার ক্ষমতা দ্রুতই কমে যেতে থাকে। এই পর্যায়টিকে বলা হয় 'হ্যাবিচুয়েশন।' এই সময়টাতে আমাদের মস্তিস্ক অনেক ধীর গতিতে শেখে। সেজন্যেই যখন আমরা নতুন কিছু নিয়ে পড়াশোনা করি, সেটা যত জটিলই হোক, আমরা খুব দ্রুত সেটা শিখতে পারি। শেখার উপায় খুঁজে বের করুন মার্কিন লেখক জশ কাউফম্যান দৃঢ়ভাবে বিশ্বাস করেন, প্রথম দিকের সময়টাই আসলে শেখার জন্য সবচেয়ে কার্যকর। তিনি উৎপাদনশীলতা কিভাবে বাড়াতে হবে, সেটা নিয়ে পড়ান। 'দ্য ফার্স্ট টুয়েন্টি আওয়ার্স: মাস্টারিং দ্য টাফেস্ট পার্ট অব লার্নিং এনিথিং' বলে তার লেখা একটি বই বেস্টসেলার তালিকায় জায়গা পেয়েছে। শেখার জন্য সময় বের করুন: প্রতিদিন অল্প অল্প করে শিখে অনেক কিছুই আপনি আয়ত্ব করতে পারেন। তার মতে, কোন কিছু দ্রুত শিখতে হলে আগে বিষয়টিকে ছোট ছোট খন্ডে ভাগ করতে হবে, যাতে করে সেগুলো দ্রুত রপ্ত করা যায়। এরপর প্রতিদিন ৪৫ মিনিট করে সেসব বিষয় শিখতে হবে। আপনি হয়তো ঐ বিষয়ে বিশেষজ্ঞ হবেন না। কিন্তু বিশ ঘন্টার অধ্যায়ন শেষে দেখা যাবে (এতে হয়তো আপনার প্রায় এক মাস সময় লাগবে) ঐ কঠিন বিষয়টির যেসব অংশ দুর্বোধ্য বলে মনে হচ্ছিল আপনার কাছে, সেগুলো পরিস্কার হয়ে গেছে। আপনি হতাশা কাটিয়ে উঠেছেন। আরও পড়ুন: কেন একা বসে খাবেন তার আটটি কারণ যে আটটি উপায়ে আপনি বাড়াতে পারেন মগজের শক্তি অচেনা জায়গাকে চেনা মনে হয় যে কারণে এরপর যখন নতুন বিষয়টিতে আপনার দক্ষতা তৈরি হবে, তখন আপনি এটি আরও সুচারু করতে মনোযোগ দিতে পারবেন। কোন নতুন জিনিস শিখতে আরেকটি উপায় হচ্ছে ""পাঁচ ঘন্টার নিয়ম।"" প্রতিদিন এই নতুন জিনিস শেখার জন্য এক ঘন্টা বরাদ্দ রাখুন। সপ্তাহে পাঁচ দিনে পাঁচ ঘন্টা। বেনজামিন ফ্রাংকলিন প্রতিদিন এক ঘন্টা ব্যয় করতেন নতুন কিছু শিখতে। যুক্তরাষ্ট্রের প্রতিষ্ঠাতাদের একজন বেনজামিন ফ্রাংকলিন নাকি এই নিয়মের সবচেয়ে বিখ্যাত প্রবক্তাদের একজন। নতুন জ্ঞান আহরণের জন্য প্রতিদিন এক ঘন্টা সময় ব্যয় করতেন তিনি। যখন তিনি বুঝতে পারতেন যে ঐ বিষয়ে যথেষ্ট জ্ঞান তিনি পেয়েছেন, তখন তিনি পরবর্তী বিষয়ে মনোযোগ দিতেন। বিশেষজ্ঞরা মনে করেন, আমরা যদি সপ্তাহে পাঁচ ঘন্টার এই নিয়ম মেনে চলি, প্রতি চার সপ্তাহে আমরা একটা নতুন বিষয়ে দক্ষতা অর্জন করতে পারি। প্রতি চার সপ্তাহেই নতুন কিছু শেখা সম্ভব এভাবে নির্দিষ্ট পরিমাণ সময় ব্যয় করে নতুন জ্ঞান অর্জনের এই পদ্ধতি অনুসরণ করেন বিশ্বজুড়ে হাজার হাজার মানুষ। অপরাহ উইনফ্রে, বিল গেটস, এলন মাস্ক, ওয়ারেন বাফেট থেকে শুরু করে মার্ক জাকারবার্গ- অনেকেই স্বীকার করেছেন যে তারা পদ্ধতি ব্যবহার করে শিক্ষা অর্জন করেছেন। আপনি যদি এই পথ বেছে নিতে চান, দুটি বিষয় খুবই গুরুত্বপূর্ণ: প্রথমত: নতুন কিছু শেখার ইচ্ছে, আর দ্বিতীয়: সেটি বাস্তবে পরিণত করার জন্য নিজের জীবনে একটি শৃঙ্খলা মেনে চলা।","নতুন কিছু শেখার প্রথম ২০ ঘণ্টা সবচেয়ে কার্যকরী সময়, কারণ মস্তিষ্ক তখন সবচেয়ে দ্রুত শিখতে সক্ষম থাকে। হেরম্যান এবিংহউসের ""লার্নিং কার্ভ"" তত্ত্ব অনুসারে, প্রথম কিছু ঘণ্টায় শেখার গতি দ্রুত থাকে, কিন্তু পরে তা ধীরে ধীরে কমতে থাকে, যাকে ""হ্যাবিচুয়েশন"" বলা হয়। মার্কিন লেখক জশ কাউফম্যানও বিশ্বাস করেন যে প্রথম ২০ ঘণ্টায় নতুন বিষয় শেখার জন্য সময় দেওয়া উচিত। তিনি ""ফার্স্ট টুয়েন্টি আওয়ার্স"" বইয়ে বলেছেন, বিষয়টি ছোট ছোট অংশে ভাগ করে প্রতিদিন ৪৫ মিনিট করে শেখা উচিত। এছাড়া, বেনজামিন ফ্রাংকলিনের পাঁচ ঘণ্টার নিয়ম অনুসরণ করেও নতুন কিছু শিখতে পারেন, যা সপ্তাহে পাঁচ দিন এক ঘণ্টা সময় দেওয়ার প্রস্তাব।"
"১৯৭১এ পাকিস্তানী বাহিনীকে সহায়তার অভিযোগে কয়েকজনকে ধরে নিয়ে যাওয়া হচ্ছে : ফাইল ছবি মুক্তিযুদ্ধ বিষয়ক মন্ত্রণালয় থেকে প্রকাশিত এই তালিকায় ১০ হাজার ৭৮৯ জন রাজাকারের নাম উল্লেখ করা হয়েছে। মুক্তিযুদ্ধ বিষয়ক মন্ত্রী আ ক ম মোজাম্মেল হক এক সংবাদ সম্মেলনে বলেন, ""এই তালিকা প্রস্তুত করা হয় নি, প্রকাশ করা হচ্ছে। "" মন্ত্রী বলেন, সরকারের হেফাজতে যেসব দালিলিক প্রমাণ পাওয়া যাবে তাই প্রকাশ করা যায়। ""আমরা স্বরাষ্ট্র মন্ত্রণালয় থেকে এসব তথ্য পেয়েছি,"" তিনি বলেন। রবিবার প্রথম পর্যায়ের তালিকা প্রকাশ করা হয়। পরে ক্রমান্বয়ে আরো তালিকা প্রকাশ করা হবে বলেও জানান তিনি। বিএনপি জামায়াত জোট সরকারের শাসনামলে রাজাকারদের অনেক রেকর্ড সরিয়ে ফেলা হয়েছে বলেও অভিযোগ করেন মি. হক। মুক্তিযোদ্ধাদেরও একটি আনুষ্ঠানিক তালিকা প্রকাশ করা হবে বলে উল্লেখ করেন মি. হক। এই তালিকাটি প্রকাশ করা হবে আগামি বছরের ২৬শে মার্চ। বাংলাদেশে ১৯৭১-এর মুক্তিযুদ্ধের সময় সংঘটিত অপরাধের বিচারের দাবিতে দীর্ঘ আন্দোলন হয়েছে তালিকা তৈরির কাজ এখনো বাকি রয়েছে বলে জানানো হয়। মিস্টার হক অভিযোগ করেন, তালিকা তৈরি করতে গিয়ে যথাযথ সহযোগিতা তারা পাননি। মন্ত্রী বলেন, ""সেই সময় ১৯টা জেলা ছিল। জেলা প্রশাসকদের বলা হয়েছে ঐ সময়ে তাদের রেকর্ড রুমের তালিকা দিয়ে তাদের সহযোগিতা করার জন্য। দুঃখজনক হল সেই ভাবে আমরা সহযোগিতা পাইনি""। ""১৯৭১ সালের সব গেজেট আমরা চেয়েছি। তার সবগুলো দিতে পারেনি।"" মিটার হক অভিযোগ করেন, বিএনপি, জামায়াত ক্ষমতায় আসার পর তারা সুকৌশলে স্বরাষ্ট্র মন্ত্রণালয় থেকে অনেক রেকর্ড সরিয়ে ফেলেছে।","১৯৭১ সালে মুক্তিযুদ্ধের সময় পাকিস্তানি বাহিনীকে সহায়তা করার অভিযোগে রাজাকারের নামের একটি তালিকা প্রকাশ করেছে মুক্তিযুদ্ধ বিষয়ক মন্ত্রণালয়। তালিকায় ১০,৭৮৯ জন রাজাকারের নাম উল্লেখ করা হয়েছে। মন্ত্রী আ ক ম মোজাম্মেল হক সংবাদ সম্মেলনে বলেন, এই তালিকা সরকারের কাছে থাকা প্রমাণের ভিত্তিতে প্রস্তুত করা হয়েছে। তিনি অভিযোগ করেন, বিএনপি-জামায়াত জোট সরকার আমলে অনেক রেকর্ড মুছে ফেলা হয়েছে। তিনি আরও জানান, মুক্তিযোদ্ধাদের একটি আনুষ্ঠানিক তালিকা আগামী বছরের ২৬ মার্চ প্রকাশ করা হবে। তবে তালিকা তৈরি করতে যথাযথ সহযোগিতা পাওয়া যায়নি এবং কিছু রেকর্ড সরিয়ে ফেলা হয়েছে বলেও মন্ত্রী অভিযোগ করেন।"
"হাকালুকির এই কাতলার দাম হাঁকা হয়েছে ১ লাখ ২০ হাজার তিনি জানান, মৌলভীবাজারের হাকালুকি হাওর থেকে এই মাছটি মেলায় বিক্রি করার জন্যই মাছটি তিনি কিনে এনেছেন। কাতল মাছটির আনুমানিক বয়স ১০-১২ বছর বলে জানাচ্ছেন ওই ব্যবসায়ী। কাতলার পাশাপাশি বেশ কয়েকটি বড় সাইজের চিতল, রুই, আইড় এবং বাঘাইড় মাছও তিনি নিয়ে এসেছেন। ২০০ বছর ধরে মাছের মেলা! সিলেটের স্থানীয় সাংবাদিক আহমেদ নূর বলছেন, পৌষসংক্রান্তি উপলক্ষে সদর উপজেলার শেরপুরে এই মাছের মেলা বসে, প্রায় দুইশো বছর ধরে চলছে এটা। প্রতি বছরের মত এই বছরও প্রায় দুই শতাধিক মাছের দোকান এবং প্রায় ৩০টি মাছের আড়ত বসেছে। মেলায় বিক্রির জন্য দেশের বিভিন্ন জায়গা থেকে কয়েক কোটি টাকার মাছ নিয়ে এসেছেন ব্যবসায়ীরা। শ্রীমঙ্গলে মাছ মেলায় দেড় লাখ টাকা দামের বাঘা আইড়। মৌলভীবাজার জেলার শ্রীমঙ্গলের মাছ বাজারে সোমবারের মূল আকর্ষণ ছিল বিশাল আকৃতির এই বাঘা আইড় মাছ। মাছটির বিক্রেতা হাফিজ আহমেদ দাবি করেছেন, মেঘনা নদী থেকে ধরা এই বাঘা আইড় মাছটির ওজন ৬০ কেজি। এর দাম দেড় লাখ টাকা হাঁকলেও বেলা একটা পর্যন্ত মাছটির দাম ৭২ হাজার টাকা উঠে। মৌলভীবাজার জেলার শ্রীমঙ্গলের মাছ বাজারে সোমবার জমে উঠেছিল মাছের মেলা। সেখানের মূল আকর্ষণই হয়ে ওঠে বিশাল আকৃতির এই বাঘা আইড় মাছ। এদিকে মেলা উপলক্ষে পুরো বাজারে বড় আকৃতির নানা ধরনের মাছ আনা হয়েছে। রুই, কাতলা, ব্রিগেড, সিলভার কার্প, বোয়াল, বাঘা আইড়, চিতল, আইড়সহ বিশাল আকৃতির মাছ সাজিয়ে রেখেছেন বিক্রেতারা। মৌলভীবাজার জেলার শেরপুরে ঐতিহ্যবাহী মাছ মেলা গত রোববার থেকে শুরু হয়েছে, আজ মঙ্গলবার এই মেলা শেষ হবার কথা রয়েছে। ঐতিহ্যবাহী এই মাছ মেলায় উত্তরবঙ্গসহ দেশের বিভিন্ন স্থান থেকে বড় বড় কাতল, রুই, আইড়, বোয়ালসহ বিভিন্ন জাত প্রজাতির মাছ আসে। প্রতি বছর এই মেলাতেই ১৬-১৭ কোটি টাকার মাছ কেনাবেচা হয় বলে জানিয়েছেন মেলা কমিটির সভাপতি ওলিউর রহমান। বিবিসি বাংলায় আরো পড়তে পারেন: সময়ের সাথে বদলেছে ঐতিহ্যবাহী যে উৎসব সংরক্ষিত আসনের সাংসদের কাজ কী? শখের বশে বানানো ভাইরাল ভিডিও'র পিছনের কথা","মৌলভীবাজারের হাকালুকি হাওর থেকে আনা একটি বিশাল কাতলা মাছ মেলায় বিক্রি করা হচ্ছে ১ লাখ ২০ হাজার টাকায়। এই মাছটি আনুমানিক ১০-১২ বছর বয়সী বলে জানা গেছে। মেলায় অন্যান্য বড় মাছ যেমন চিতল, রুই, আইড় এবং বাঘাইড়ও বিক্রি হচ্ছে। শেরপুরে প্রতি বছরের মতো এবারও মাছের মেলা বসেছে, যা প্রায় ২০০ বছর ধরে চলছে। মেলায় প্রায় ৩০টি আড়ত এবং ২০০টি মাছের দোকান রয়েছে। বিভিন্ন স্থান থেকে কয়েক কোটি টাকার মাছ নিয়ে আসা হয়েছে। শ্রীমঙ্গলে এই মেলায় ১ লাখ ৫০ হাজার টাকার বাঘা আইড় মাছের চাহিদা ছিল, যার ওজন ছিল ৬০ কেজি। মেলায় প্রতি বছর ১৬-১৭ কোটি টাকার মাছ কেনাবেচা হয়।"
"২০১৩ সালে দুজন চেচেন মুসলিম ফুটবলার কেনার পর, এই ক্লাবটির অফিস জ্বালিয়ে দেয়া হয়। বেইতার জেরুযালেম নামের এই ক্লাবটিতে আগামী ১০ বছরে ৯২ মিলিয়ন ডলার বিনিয়োগ করবেন শেখ হামাদ বিন খলিফা আল নাহিয়ান। তিনি বলেন, 'গৌরবময় এই ক্লাবটির অংশীদার হতে পেরে তিনি রোমাঞ্চিত।' ঠিক তিন মাস আগে আরব আমিরাত প্রথম উপসাগরীয় আরব দেশ হিসেবে ইসরায়েলের সম্পর্ক স্বাভাবিক অবস্থায় আনতে পদক্ষেপ নেয়। ইসরায়েল, আরব আমিরাত এবং বাহরাইন যুক্তরাষ্ট্রের ট্রাম্প প্রশাসনের তত্ত্বাবধায়নে একটি কূটনৈতিক সম্পর্ক স্থাপন করার লক্ষ্যে চুক্তি সই করেন। ইসরায়েলের শীর্ষস্থানীয় ফুটবল ক্লাব বেইতার জেরুযালেম। যারা ছয়বার ইসরায়েলের প্রিমিয়ার লিগে জয় পেয়েছে। ইসরায়েলের প্রধানমন্ত্রী বেনিয়ামেন নেতানিয়াহু এই ক্লাবটির সমর্থক। এই ক্লাবটি পরিচিত 'উগ্র' সমর্থকগোষ্ঠীর জন্য, যারা 'লা ফ্যামিলিয়া' নামে পরিচিত। যারা আরবদের প্রতি সরাসরি বর্ণবাদী। ইসরায়েলের মোট জনসংখ্যার ২০ শতাংশ আরব। আরো পড়ুন: উপসাগরীয় আরব দেশগুলোর সঙ্গে ইসরায়েলের শান্তি চুক্তি কেন গুরুত্বপূর্ণ ফিলিস্তিনে ইহুদি বসতি এলো যেভাবে আরবদের হটিয়ে যেভাবে ইসরায়েল রাষ্ট্রের জন্ম হয়েছিল ক্লাবটির স্টেডিয়ামে 'আরবদের মৃত্যু' এমন কোরাস ধ্বনি শোনা যেত নিয়মিত। ক্লাবটির স্টেডিয়ামে 'আরবদের মৃত্যু' এমন শ্লোগান শোনা যেত নিয়মিত। ক্লাবটির মালিকরা কখনোই আরব বা মুসলিম ফুটবলার কিনতেন না। ২০১৩ সালে দুজন চেচেন মুসলিম ফুটবলার কেনার পর, এই ক্লাবটির অফিস জ্বালিয়ে দেয়া হয়। লা ফ্যামিলিয়ার দুজন সদস্যকে আগুন জ্বালানোর জন্য গ্রেফতার করা হয়। তবে ২০১৮ সালে ক্লাবটির বর্তমান মালিক ইসরায়েলের প্রযুক্তি উদ্যোক্তা মোশে হোগেগ, বর্ণবাদ বিরোধী একটি প্রচারণা চালু করেন। ২০১৯ সালের ডিসেম্বরে তিনি বিবিসিকে বলেন, ভক্তদের তিনি সতর্ক করেছেন, 'একটি বর্ণবাদী মন্তব্য করলে আমি তোমাদের নামে মিলিয়ন ডলারের মামলা করবো।' শেখ হামাদের সাথে তার এই নতুন চুক্তির পর কিছু সমর্থক বিরোধিতা করেছে। এখন আবুধাবির রাজকীয় এই পরিবার ক্লাবটির ৫০ শতাংশের মালিক। ইসরায়েলের রাষ্ট্রপতি রুভেন রিভলিন ক্লাবটির সমর্থক মি. হোগেগ বলেন, এই চুক্তি হয়েছে ইহুদিদের হানুকা উৎসবের পরদিন। হানুকা হলো ইহুদিদের আলোর উৎসব এবং মি. হোগেগ তাদের ক্লাবে এই আরব শেখের বিনিয়োগকে বর্ণনা করছেন 'উত্তেজনাকর নতুন আলো' বলে। ""নতুন দিনে ক্লাবের স্বার্থে, জাতির স্বার্থে, ইসরায়েলি স্পোর্টসের স্বার্থে সহাবস্থান, অর্জন, ভাতৃত্ববোধের দিকে আগাচ্ছি।"" শেখ হামাদ বলেন, আমি রোমাঞ্চিত এই গৌরবময় ক্লাবের অংশীদার হতে পেরে। আমি এই শহর সম্পর্কে অনেক শুনেছি, বিশ্বের অন্যতম পবিত্র শহর। তিনি আরো বলেন, এই ক্লাবে যেসব পরিবর্তন আসছে তা আমার জানা আছে। যেভাবে সব চলছে আমি এর ভাগীদার হতে পেরে খুশি। শেখ হামাদ জেরুযালেম নিয়ে যা বলেছেন তা বিতর্কসাপেক্ষ, ইসরায়েলের এই শহরটি প্যালেস্টাইনের সাথে ইসরায়েলের দ্বন্দ্বের কেন্দ্রস্থল। ১৯৬৭ সালে মধ্যপ্রাচ্য যুদ্ধে ইসরায়েল পূর্ব জেরুযালেম দখল করে নেয়। পুরো শহরটিকে ইসরায়েলের রাজধানী ঘোষণা করে। এটি সমর্থন করেছে কেবলমাত্র- ট্রাম্প প্রশাসন, গুয়াতেমালা এবং হন্ডুরাস। প্যালেস্টাইন পূর্ব জেরুাজালেমকে তাদের ভবিষ্যৎ সার্বভৌম রাষ্ট্রের রাজধানী হিসেবে দাবি করে আসছে। ইসরায়েলের সাথে কূটনৈতিক চুক্তির পরে আরব আমিরাত কর্তৃপক্ষ বলেছে, প্যালেস্টাইনের প্রতিষ্ঠা এবং পূর্ব জেরুজালেমকে এর রাজধানী হিসেবে স্বীকৃতি দেয়ার যে অঙ্গিকার তার প্রতি আরব আমিরাত অটল থাকবে।","ইসরায়েলের শীর্ষস্থানীয় ফুটবল ক্লাব বেইতার জেরুযালেম, যা 'উগ্র' সমর্থকগোষ্ঠী ""লা ফ্যামিলিয়া"" এর জন্য পরিচিত এবং বর্ণবাদী মনোভাবের জন্য সমালোচিত, এবার নতুন মালিকানা পরিবর্তন করেছে। আবুধাবির রাজকীয় পরিবার, শেখ হামাদ বিন খলিফা আল নাহিয়ান, এই ক্লাবটির ৫০ শতাংশ মালিকানা অর্জন করেছেন এবং ১০ বছরে ৯২ মিলিয়ন ডলার বিনিয়োগ করবেন। এই চুক্তির পর কিছু সমর্থক বিরোধিতা করলেও, ক্লাবের বর্তমান মালিক মোশে হোগেগ বর্ণবাদ বিরোধী প্রচারণা চালানোর প্রতিশ্রুতি দিয়েছেন।  ২০১৩ সালে মুসলিম ফুটবলার কেনার পর ক্লাবটির অফিসে আক্রমণ হয়, তবে পরবর্তীতে ২০১৮ সালে হোগেগ বর্ণবাদ বিরোধী প্রচারণা শুরু করেন। শেখ হামাদের সাথে চুক্তির পর ক্লাবটি নতুন আলো দেখতে যাচ্ছে, যদিও এটি বিতর্কিত শহর জেরুযালেমের সঙ্গে সম্পর্কিত। জেরুযালেম শহরটি ইসরায়েল-প্যালেস্টাইন দ্বন্দ্বের কেন্দ্রস্থল এবং প্যালেস্টাইন পূর্ব জেরুযালেমকে তাদের ভবিষ্যৎ রাজধানী হিসেবে দাবি করে।"
"ডি জে মারুফের 'বাবু খাইছো?' মিউজিক ভিডিওর একটি দৃশ্য। ""বাবু খাইছো"" - এই শিরোনামের একটি গান নিয়ে নিজের অভিমত ব্যক্ত করছিলেন বাংলাদেশের একটি পাবলিক বিশ্ববিদ্যালয়ের শিক্ষক নিশাত পারভেজ। সামাজিক যোগাযোগমাধ্যম ফেসবুক এবং ইউটিউবে চলতি মাসেই রিলিজ করা হয় গানটি, আর খুব অল্প সময়েই এটি ভাইরাল হয়। সেপ্টেম্বর মাসের ৫ তারিখে ইউটিউবে প্রথমবার আপলোড করা হয় 'বাবু খাইছো' শিরোনামের গানটি। প্রিমিয়ার করার পরপরই গানটি লুফে নেন বাংলাদেশের নেটিজেনদের অনেকেই। দিন দশেকের মধ্যে ২০ লাখেরও বেশি বার গানটি দেখা হয়ে গেছে কেবল ইউটিউবেই। এই গানের শিরোনামে ব্যবহার করা হয়েছে সেই শব্দ যুগল, যা বাংলাদেশের কলেজ বা বিশ্ববিদ্যালয় পড়ুয়া তরুনরা কথায় হরহামেশা ব্যবহার করছেন। কিন্তু এই শব্দ যুগল তরুনদের মধ্যে এতো সাড়া জাগালো কেন? কিংবা এমন একটি গানই বা কেন তাদের পছন্দ তালিকায় জায়গা করে নিলো? সামাজিক যোগাযোগমাধ্যম ফেসবুক ও ইউটিউবে সেপ্টেম্বর মাসে প্রকাশিত একটি গান, যার শিরোনাম 'বাবু খাইছো' নিশাত পারভেজের মতে, মোবাইল কমিউনিকেশন, তারপর সামাজিক মাধ্যম, প্রেমিক-প্রেমিকার মধ্যে যে দূরত্ব তা কমিয়ে দিয়েছে অনেকখানি। প্রতিমুহূর্তেই তারা পরষ্পরের খোঁজ নিতে পারছে। ""খাবারের বিষয়টাও যেহেতু নৈমিত্তিক একটা বিষয়, স্বাভাবিকভাবেই প্রিয়জন খেয়েছে কি-না, কি করছে, এগুলো তারা জানতে চাইতেই পারে। সে কারণে এই 'বাবু খাইছো' টার্মটি তরুণদের মধ্যে বেশ জনপ্রিয় হয়েছে।"" নিশাত পারভেজ অবশ্য জানান যে সোশ্যাল মিডিয়ায় 'বাবু খাইছো' নিয়ে প্রচুর ট্রলও হয়েছে। তবে তিনি মনে করছেন যে রোমান্টিক পার্টনারকে সম্বোধন, বাংলা-ইংরেজি মিশিয়ে গানের লিরিকস, সাথে ভিডিও-কোরিওগ্রাফি - সব মিলিয়ে এই শিরোনামের গানটি তরুণ সমাজের মধ্যে আলোড়ন তুলতে সক্ষম হয়েছে। ঢাকার একটি বিশ্ববিদ্যালয়ের শিক্ষার্থী মুমতাজ মুমুর অবশ্য এই গান সম্পর্কে রয়েছে একটু ভিন্ন রকমের অভিমত। ""অনেকেই এ ধরনের মিউজিক বেশ উপভোগ করে থাকেন। কিন্তু আসলে গান বলতে আমরা যেমন খুবই গভীর বা মহান ধরনের আর্ট বা শিল্প বুঝি, সেই গভীরতাটা কিন্তু এ ধরনের মিউজিকে নেই।"" তিনি বলেন, এই 'অনেকেই' আবার সবাইকে প্রতিনিধিত্ব করেন না। একটা বড় অংশ একটু জোরালো মিউজিক ও ডিজে টাইপের গান পছন্দ করে, তবে এটাও আবার সবার ক্ষেত্রে প্রযোজ্য নয়। বিনোদনের মাধ্যম এখন মানুষের হাতের কাছেই রয়েছে - যে কোন ডিজিটাল প্লাটফরমে মানুষ চাইলেই তার যে কোন পছন্দের গান অনায়াসে শুনতে পারে। আরো পড়ুন: বোরকা পরে ক্রিকেট খেলার ভাইরাল ছবি নিয়ে কী বলছেন মা 'কলঙ্কিনী রাধা গানটি কখনও গাননি শাহ আবদুল করিম' বয়াতি-বাউলরা কি এখন নির্ভয়ে গান করতে পারবেন? বাউলগান 'কলঙ্কিনী রাধা' নিয়ে নেটফ্লিক্স বয়কটের ডাক ভারতের হিন্দুত্ববাদীদের তবে এখন যেহেতু সামাজিক যোগাযোগমাধ্যমে সক্রিয়দের একটা বড় অংশই তাদের কথাবার্তায় বিশেষ ধরনের শব্দ চয়ন করছেন, তাই সঙ্গীতের প্রযোজকরা বরং একটা জনপ্রিয় সংস্কৃতির দিকেই হাত বাড়াচ্ছেন বলে মনে করা হচ্ছে। মুমতাজ মুমু বলেন, ""ক্ল্যাসিকাল মিউজিকগুলো যদি আমরা দেখি, তাহলে দেখবো ওই সব গানের কথা সুন্দর, মিউজিকও খুব শ্রুতিমধুর। কিন্তু তরুণদের অনেকেই এই আর্টকে কদর করেন না। ডিজে ধরনের বা রংচঙ ধরনের মিউজিক এদের বেশি টানে - শরীরে উত্তেজনা সৃষ্টিকারী, মুড লাইট করা ধরনের সব মিউজিক।"" বাংলাদেশে এখন তরুণদের মধ্যে গত ৪-৫ বছরে এমন কিছু মিউজিক ভিডিও বেশ জনপ্রিয়তা লাভ করছে, যেগুলোতে প্রাত্যহিক জীবনে তরুণরা ব্যবহার করে এমন শব্দ বা কথা ব্যবহার করা হয়েছে। 'বন্ধু তুই লোকাল বাস', 'এই যে বেয়াইন সাব', 'মাইয়া ও মাইয়া তুই অপরাধী রে', 'মাফ কইরা দেন ভাই' - এই গানগুলো বিভিন্ন ডিজিটার প্লাটফরমে বাংলাদেশে বেশ জনপ্রিয়তা লাভ করেছে। রাস্তাঘাটে, শপিং মলেও এসব গান শোনা যায়। বাংলাদেশের মূলধারার সঙ্গীতের সাথে এই গানগুলোর খুব সম্পৃক্ততা না থাকলেও তরুণ প্রজন্মের মধ্যে এগুলো আলোড়ন তুলতে সক্ষম হয়েছে। এর একটা বড় কারণ 'ব্যঙ্গ করা' করা বলে উল্লেখ করেন কামারুন কণিকা। ঢাকার এই চাকরিজীবী নারী বিবিসি বাংলাকে বলেন, ""হেট স্পিচ খুব দ্রুত মানুষের অ্যাটেনশন পায়। আমরা চিন্তা-ভাবনা কম করি। এই যে এই গানটা বা অপরাধী টাইপ গান - এগুলো মানুষ ঠিক মতো পুরা গান শোনেও না, কিন্তু একটা-দু'টা লাইন নিয়ে মজা করে।"" তার মতে, 'বাবু খাইছো' ধরনের শব্দ অনেকেই তাদের কথার মধ্যে ব্যবহার করেন, কিন্তু এসব গানের মাধ্যমে অন্যকে ব্যঙ্গ করে মজা পায় কিছু মানুষ। যেভাবে বদলে যাচ্ছে গানের ভবিষ্যৎ সুকান্ত হালদার বাংলাদেশের বিনোদন জগতের সঙ্গে সংশ্লিষ্ট। তিনি মনে করেন, এই গানের মূল টার্গেট অডিয়েন্স হলেন টিনএজার'রা। গানটির কথা ও মিউজিক শুনলেই বোঝা যায়, তাদের কথা ভেবেই গানটির কথা লেখা হয়েছে, মিউজিক কম্পোজিশন করা হয়েছে। ""আমার ধারণা, তারা (গানটি তৈরির সঙ্গে জড়িত মীর মারুফ ও মীর ব্রাদার্স) বেশ সু-পরিকল্পিতভাবেই কাজটি করেছেন। আর সে কারণেই এখন গানটি নিয়ে এতো আলোচনা হচ্ছে। তারা চেয়েছিলেন গানটি এমন হাইপ তৈরি করুক।"" মি. হালদারের মতে, এই ধরনের গান অবশ্য জনপ্রিয়তার দিক থেকে খুব বেশি সময় ধরে টিকে থাকে না। প্রকাশের পর দু-তিন মাস বেশ আলোচনা হয়, তারপর হারিয়ে যায়। গানটির সুরকার একজন ডিস্ক জকি বা ডিজে, মীর মারুফ। তিনি বলেন, তারা মূলত ট্রেন্ডিং কিছু ব্যাপার নিয়ে গান করার চেষ্টা করছেন। যেমন তারা করোনাভাইরাস নিয়ে, কোয়ারেন্টিন নিয়ে গান করেছেন, ঠিক তেমনই গানে ব্যবহার করেছেন একটি বহুল ব্যবহৃত কথা, যা বাংলাদেশে প্রেমিক-প্রেমিকারা তাদের ভালোবাসার মানুষকে বলে থাকেন। ""এখনকার সম্পর্কগুলোতে কী হচ্ছে, কী ধরনের কথা হয়, সেটাই বলতে চেয়েছি আমরা।""","ডি জে মারুফের *'বাবু খাইছো?'* গানটি তরুণদের মধ্যে ব্যাপক জনপ্রিয়তা পেয়েছে। গানটির শিরোনামে ব্যবহৃত শব্দটি প্রেমিক-প্রেমিকাদের মধ্যে প্রচলিত একটি মজাদার প্রশ্ন, যা সম্পর্কের স্নেহপূর্ণ ভাব প্রকাশ করে। গানটি সোশ্যাল মিডিয়ার মাধ্যমে দ্রুত ভাইরাল হয়, এবং তরুণরা এই গানটির লিরিক্স ও ভিডিও কোরিওগ্রাফি পছন্দ করেছে। যদিও কিছু মানুষ এই গানটিকে শিল্পের গভীরতার সঙ্গে তুলনা করেননি, তবে সঙ্গীতের ডিজে স্টাইল তরুণদের আকৃষ্ট করেছে। এ গানটি আধুনিক সম্পর্কের বাস্তবতা এবং তরুণ সমাজের রুচি প্রতিফলিত করে।"
"অনলাইন নির্ভর এক জীবন তরুণ-তরুণীদেরকে আরো উদ্বিগ্ন, অসম্পূর্ণ ও ভীত করে তুলতে পারে, বলছে গবেষণা। ডিচ দ্য লেবেল নামের একটি অ্যান্টি-বুলিয়িং বা পীড়ন-বিরোধী দাতব্য সংস্থা এই গবেষণাটি চালিয়েছে। এই গবেষণা জরিপে অংশ নেয়াদের মধ্যে ৪০%-ই বলছে, কেউ যদি তাদের সেলফিতে লাইক না দেয়, তাহলে তারা খারাপ বোধ করে। আর ৩৫% বলছে তাদের কি পরিমাণ ফলোয়ার বা অনুসারী তার উপর সরাসরি নির্ভর করে তাদের আত্মপ্রত্যয়ের ব্যাপারটি। প্রতি তিন জনে একজন বলছে তারা সারাক্ষণই সাইবার-বুলিয়িংয়ের বা পীড়নের আতঙ্কে থাকে। একজন বিশেষজ্ঞ বলছেন, সোশ্যাল মিডিয়ার কারণে শিশুরা 'বৈরিতার সংস্কৃতির' মধ্যে বেড়ে উঠছে। দশ হাজার তরুণ তরুণীর উপর এই জরিপটি চালানো হয়। এদের বয়েস ছিল ১২ থেকে ২০ এর মধ্যে। এই জরিপে বেরিয়ে এসেছে সাইবার-বুলিয়িং ব্যাপক বিস্তৃতি লাভ করেছে। ৭০% অংশগ্রহণকারী স্বীকার করেছে যে তারা অনলাইনে অন্যের উপর পীড়নমূলক আচরণ করে। ১৭% দাবী করেছে তারা অনলাইনে পীড়নের স্বীকার হয়েছে। অর্ধেকই বলেছে যে তারা অনলাইনে তাদের সাথে ঘটে যাওয়া খারাপ আচরণগুলো নিয়ে আলোচনা করতে চায় না। গবেষণায় আরো জানা যাচ্ছে, ঘৃণা ছড়ানোর জন্য সবচাইতে বেশী ব্যবহৃত সোশ্যাল মিডিয়া হচ্ছে ইনস্টাগ্রাম। আরো পড়ুন: ভূমিকম্প প্রবণ স্থানে গভীর গর্ত খুঁড়ছে কেন ভারতীয়রা? জার্মান গানের স্কুলে বহু ছেলে যৌন নির্যাতনের শিকার","অনলাইন নির্ভর এক জীবন তরুণ-তরুণীদেরকে আরো উদ্বিগ্ন, অসম্পূর্ণ ও ভীত করে তুলতে পারে, বলছে গবেষণা। ডিচ দ্য লেবেল নামের একটি অ্যান্টি-বুলিয়িং বা পীড়ন-বিরোধী দাতব্য সংস্থা এই গবেষণাটি চালিয়েছে। এই গবেষণা জরিপে অংশ নেয়াদের মধ্যে ৪০%-ই বলছে, কেউ যদি তাদের সেলফিতে লাইক না দেয়, তাহলে তারা খারাপ বোধ করে। আর ৩৫% বলছে তাদের কি পরিমাণ ফলোয়ার বা অনুসারী তার উপর সরাসরি নির্ভর করে তাদের আত্মপ্রত্যয়ের ব্যাপারটি। প্রতি তিন জনে একজন বলছে তারা সারাক্ষণই সাইবার-বুলিয়িংয়ের বা পীড়নের আতঙ্কে থাকে। একজন বিশেষজ্ঞ বলছেন, সোশ্যাল মিডিয়ার কারণে শিশুরা 'বৈরিতার সংস্কৃতির' মধ্যে বেড়ে উঠছে। দশ হাজার তরুণ তরুণীর উপর এই জরিপটি চালানো হয়। এদের বয়েস ছিল ১২ থেকে ২০ এর মধ্যে। এই জরিপে বেরিয়ে এসেছে সাইবার-বুলিয়িং ব্যাপক বিস্তৃতি লাভ করেছে। ৭০% অংশগ্রহণকারী স্বীকার করেছে যে তারা অনলাইনে অন্যের উপর পীড়নমূলক আচরণ করে। ১৭% দাবী করেছে তারা অনলাইনে পীড়নের স্বীকার হয়েছে। অর্ধেকই বলেছে যে তারা অনলাইনে তাদের সাথে ঘটে যাওয়া খারাপ আচরণগুলো নিয়ে আলোচনা করতে চায় না। গবেষণায় আরো জানা যাচ্ছে, ঘৃণা ছড়ানোর জন্য সবচাইতে বেশী ব্যবহৃত সোশ্যাল মিডিয়া হচ্ছে ইনস্টাগ্রাম। আরো পড়ুন: ভূমিকম্প প্রবণ স্থানে গভীর গর্ত খুঁড়ছে কেন ভারতীয়রা? জার্মান গানের স্কুলে বহু ছেলে যৌন নির্যাতনের শিকার"
"ঢাকার গণপরিবহণ ব্যবস্থার সংস্কার নিয়ে কথা হচ্ছে অনেকদিন ধরেই রাজধানীর বিভিন্ন সড়ক বন্ধ করে সোমবার প্রতিবাদ জানিয়েছে ঢাকার বেশ কয়েকটি স্কুল কলেজের শিক্ষার্থীরা। আর দুর্ঘটনার পর সাংবাদিকদের প্রশ্নের জবাবে নৌ পরিবহন মন্ত্রীর প্রতিক্রিয়া নিয়ে গতকাল থেকেই সামাজিক যোগাযোগ মাধ্যমে চলছে ব্যাপক সমালোচনা। ঢাকার গণপরিবহন ব্যবস্থার সংস্কার নিয়ে গত কয়েক বছর ধরেই সরকার ও বিশ্লেষক নানা মহলেই আলাপ আলোচনা চলছে। কিন্তু কোন পরিবর্তনই আসেনি। কেন কোন একটি কাঠামোয় আনা যাচ্ছে না গণপরিবহন ব্যবস্থাকে? বাংলাদেশ যাত্রী কল্যাণ সমিতির তথ্যানুযায়ী সারা দেশে গত জানুয়ারি মাস থেকে জুন মাস পর্যন্ত সড়ক দুর্ঘটনায় তিন হাজার ২৬ জন মানুষ নিহত হয়েছেন। আরো পড়তে পারেন: আসামের ৪০ লাখ অবৈধ বিদেশি এখন কোথায় যাবে? গাড়ি চালকের বিরুদ্ধে ধর্ষণ চেষ্টার অভিযোগ মাইগ্রেনের যন্ত্রণা দূর করতে ভিটামিন সমুদ্র এর মধ্যে বেশ কয়েকটি ঘটনা আলোচিত হবার পর সংশ্লিষ্ট চালককে গ্রেপ্তার ও মামলার মত তাৎক্ষণিক কিছু ব্যবস্থা নেয়া হলেও দৃশ্যত বড় কোন পরিবর্তন হয়নি। বাংলাদেশের গণপরিবহন ব্যবস্থাকে গুছিয়ে একটি কাঠামোর মধ্যে আনার জন্য ২০০৫ সালে একটি পরিকল্পনাও তৈরি করা হয়েছিল। ঢাকার রাস্তায় যানবাহনের বিশৃঙ্খল চলাচল কিন্তু সেটি বাস্তবায়নের কোন উদ্যোগ নেয়া হয়নি। বুয়েটের অ্যাকসিডেন্ট রিসার্চ ইন্সটিটিউটের অধ্যাপক শামসুল হক বলেছেন, সংশ্লিষ্ট প্রতিষ্ঠানের মনোযোগের অভাবে সেই পরিকল্পনা এখনও বাস্তবায়ন হয়নি। ""সংশ্লিষ্ট বাস্তবায়নকারী প্রতিষ্ঠানগুলো, যাদের কাছে সেই কৌশলপত্র পাঠানো হয়েছিল, তাদের নজরদারির অভাবের কারণে সেটি হয়নি। পাশাপাশি আমাদের দাতাগোষ্ঠীগুলোও মেগা প্রজেক্টের মধ্যে চলে আসছে। ফলে পথচারীবান্ধব ও গণপরিবহনকে বাসরুট ফ্রাঞ্চাইজির মাধ্যমে সুশৃঙ্খল করে সেবা খাতে পরিণত করা যায়নি।"" অধ্যাপক হক বলছেন, এখনকার আলাদা আলাদা মালিক নির্ভর গণপরিবহন ব্যবস্থা বিশৃঙ্খল এবং সেটি নিয়ন্ত্রণের অসাধ্য। তিনি মনে করেন, এর মূল সমস্যা পরিচালনায়। সে কারণে কৌশলপত্রে সুপারিশ করা হয়েছিল ছিল সব গণপরিবহনকে এক ছাতার নিচে কয়েকটি কোম্পানির অধীনে নিয়ে আসার। কিন্তু সেটা হয়নি। কিন্তু প্রশ্ন উঠছে, এত বছর আগে একটি কৌশলপত্র সরকার অনুমোদন করলেও এখনো তা বাস্তবায়ন করা যায়নি কেন। সড়ক পরিবহন ও সেতু মন্ত্রণালয় বলছে, গণপরিবহন ব্যবস্থাপনার দায়িত্ব সরাসরি মন্ত্রণালয়ের নয়, বরং বাংলাদেশ সড়ক পরিবহন কর্তৃপক্ষ বা বিআরটিএ'রই সেই দায়িত্ব। বাংলাদেশে একটি সংগঠন বলছে, সড়ক দুর্ঘটনায় জানুয়ারি থেকে জুন পর্যন্ত তিন হাজার ২৬ জন নিহত হয়েছেন বিআরটিএর কর্মকর্তারা বলছেন, সেই দায়িত্ব তারা পুরোপুরি পালন করতে পারেন না। কারণ রুট পারমিট দেয়াসহ যেসব বিষয়কে সড়কে বিশৃঙ্খলার জন্য দায়ী করা হয়, তা দেখভালের একক কর্তৃত্ব তাদের হাতে নেই। সংস্থাটির একজন পরিচালক শেখ মোহাম্মদ মাহবুবে রাব্বানী বিবিসি বাংলাকে বলেছেন, ""আঞ্চলিক পরিবহন কমিটি যার প্রধান পুলিশ কমিশনার, সেই কমিটি ঢাকা শহরে চলাচলের রুট পারমিট দেয় এবং নির্ধারণ করে কোন রুটে কতটি বাস চলবে।"" ২০১৩ সালে ঢাকা নগরীর জন্য মোট ১৫৬টি রুট নির্ধারণ করা হয়েছিল। কিন্তু এই মূহুর্তে প্রায় তিনশ রুটে বাস চলাচলের অনুমতি রয়েছে। বিশ্লেষকেরা বলছেন, প্রয়োজনের চেয়ে বেশি রুট পারমিট থাকায় একই রুটে একাধিক কোম্পানি গাড়ি নামায় আর এ কারণেই অসুস্থ প্রতিযোগিতা তৈরি হয়। এছাড়াও বিভিন্ন সময়ে সব গণপরিবহনকে এক ছাতার নিচে কয়েকটি কোম্পানির অধীনে পরিচালনার প্রস্তাবের শক্ত বিরোধিতা করেছে পরিবহন মালিকেরা। বিষয়টি নিয়ে তাদের বক্তব্য জানার চেষ্টা করা হলে বাংলাদেশে সড়ক পরিবহন মালিক সমিতির নেতৃবৃন্দ এ নিয়ে কথা বলবেন না বলে জানিয়ে দেন।","ঢাকার গণপরিবহন ব্যবস্থার সংস্কারের প্রক্রিয়া নিয়ে দীর্ঘদিন ধরে আলোচনা চলছে, তবে বাস্তবায়ন হয়নি। সম্প্রতি, ঢাকার বেশ কয়েকটি স্কুল কলেজের শিক্ষার্থীরা সড়ক বন্ধ করে প্রতিবাদ জানিয়েছে। তবে, সড়ক দুর্ঘটনার পর নৌ পরিবহন মন্ত্রীর প্রতিক্রিয়া নিয়ে সামাজিক মাধ্যমে ব্যাপক সমালোচনা চলছে। গত জানুয়ারি থেকে জুন পর্যন্ত সড়ক দুর্ঘটনায় তিন হাজার ২৬ জন মানুষ নিহত হয়েছেন, এবং দুর্ঘটনা রোধে কিছু ব্যবস্থা নিলেও বড় কোন পরিবর্তন হয়নি। ২০০৫ সালে একটি পরিকল্পনা তৈরি হয়েছিল, কিন্তু বাস্তবায়নে সংশ্লিষ্ট প্রতিষ্ঠানের মনোযোগের অভাবের কারণে তা কার্যকর হয়নি। বর্তমানে, বিভিন্ন কোম্পানি একে অপরের সাথে প্রতিযোগিতা করে, ফলে বিশৃঙ্খলা বৃদ্ধি পায়। সরকারি কর্মকর্তারা জানাচ্ছেন, রুট পারমিটের দায়িত্ব তাদের হাতে নেই এবং পরিবহন মালিকদের বিরোধিতার কারণে একক ব্যবস্থাপনায় আনা সম্ভব হয়নি।"
"ভারতে লোকসভা নির্বাচনের দিনক্ষণ ঘোষণা করছেন নির্বাচন কমিশনাররা রাষ্ট্রপতির কাছে লেখা এক চিঠিতে তারা বিভিন্ন দৃষ্টান্ত দিয়ে দাবি করেছেন, বর্তমান নির্বাচন কমিশনের 'হাঁটু এখন দুর্বল' হয়ে পড়েছে - নিজের পায়ে দাঁড়িয়ে স্বাধীনভাবে সিদ্ধান্ত নেওয়ার ক্ষমতাও তাদের নেই। যে ৬৬জন এই চিঠিতে সই করেছেন তার মধ্যে ভারতের বহু প্রাক্তন সচিব, রাষ্ট্রদূত, পুলিশ-প্রধান বা জাতীয় নিরাপত্তা উপদেষ্টারা রয়েছেন। আর তাদের অনেকেই বিবিসিকে জানিয়েছেন, কমিশনের নির্লজ্জ পক্ষপাতিত্ব আর মেরুদন্ডহীনতাই তাদের এ চিঠি লিখতে বাধ্য করেছে। পশ্চিমবঙ্গের সাবেক মুখ্য সচিব অর্ধেন্দু সেন গত সত্তর বছরে ধরে ভারতে গণতন্ত্রর চর্চায় নির্বাচন কমিশন একটি অত্যন্ত গুরুত্বপূর্ণ ভূমিকা পালন করে এসেছে। বিশেষত সুকুমার সেন, টি এন শেষন বা জে এম লিংডোর মতো প্রধান নির্বাচন কমিশনাররা এই প্রতিষ্ঠানকে একটা আলাদা মর্যাদায় অধিষ্ঠিত করে গেছেন। কিন্তু এখন সেই নির্বাচন কমিশনের গ্রহণযোগ্যতা দারুণভাবে প্রশ্নবিদ্ধ বলেই মনে করছেন ভারতের একদল সাবেক শীর্ষস্থানীয় আমলা - যাদের অন্যতম হলেন পশ্চিমবঙ্গের প্রাক্তন মুখ্য সচিব অর্ধেন্দু সেন। মি. সেন বিবিসিকে বলছিলেন, ""আমরা দেখলাম একটা রাজ্যের রাজপাল একটা দলের হয়ে প্রকাশ্যে ভোট চাইছেন। আমরা দেখলাম এক রাজ্যের মুখ্যমন্ত্রী ভারতীয় সেনাবাহিনীকে 'মোদীজির সেনা' বলে বর্ণনা করছেন।"" বিবিসি বাংলায় আরো পড়তে পারেন: মোদী সরকার টিকছে কি না, জানা যাবে ২৩শে মে ভারতে ১১ এপ্রিল প্রথম পর্বের ভোটের প্রস্তুতি। নয়ডা ""আমরা আরও দেখলাম, প্রধানমন্ত্রী নাটকীয়ভাবে অ্যান্টি-স্যাটেলাইট পরীক্ষার কথা ঘোষণা করলেন, যেটা নির্বাচনী আচরণবিধি চালু হয়ে যাওয়ার তার করা একেবারেই উচিত হয়নি।"" ""এভাবে পরপর অনেকগুলো ঘটনার পর আমরা মনে করেছি, এর একটা প্রতিবাদ হওয়া দরকার।"" ""কারণ নির্বাচন কমিশন যদি এরপরও কঠোর ব্যবস্থা না-নেয় তাহলে তো সবাই ভাববে এরা চাপের কাছে নতি স্বীকার করেছে"", বলছিলেন অর্ধেন্দু সেন। নির্বাচন কমিশন মানুষের আস্থার জায়গাটা হারিয়ে ফেললে সেটা যে ভারতীয় গণতন্ত্রের জন্য চরম ক্ষতি, চিঠিতে সে কথাও লিখেছেন তারা। আর এই গোটা সমস্যার মূলে আছে নির্বাচন কমিশনারদের নিয়োগের প্রক্রিয়াটাই, মনে করছেন চিঠির অন্যতম স্বাক্ষরকারী ও ভারত সরকারের সাবেক পরিবহন সচিব টুকটুক কুমার। ড: টুকটুক কুমার ড: কুমার বিবিসিকে বলছিলেন, ""নির্বাচন কমিশন এত কমজোর হয়ে পড়েছে, কারণ সরকার কমিশনারদের নির্বাচন করছে বেছে বেছে - আর তারাও রাজনৈতিক প্রভুদের অনুগত হয়েই থাকছেন।"" ""তাদের ইচ্ছার বিরুদ্ধে গিয়ে কিছু করার ক্ষমতাই যেন কমিশনের নেই।"" ""শাসক দলের প্রতি কমিশনাররা একটু নরম মনোভাব বরাবরই দেখাতেন, কিন্তু এখন যেন সেই প্রবণতা চক্ষুলজ্জারও সব সীমা ছাড়িয়ে গেছে।"" ""আর পুরস্কার হিসেবে, অবসরের পরই একদিনও অপেক্ষা না-করেই তারা লোভনীয় অ্যাসাইনমেন্টও পেয়ে যাচ্ছেন!"" মহারাষ্ট্রের সাবেক পুলিশ কর্মকর্তা মীরন বোরওয়ানকরও রাষ্ট্রপতিকে লেখা ওই চিঠিতে সই করেছেন। মীরন বোরওয়ানকর তিনি মনে করছেন, তাদের প্রতিবাদে যে কাজ হচ্ছে তার প্রমাণ হলো: কমিশন আজ বুধবার নরেন্দ্র মোদীর ওপর নির্মিত বায়োপিকের মুক্তি আটকে দিয়েছে। কিন্তু একই সঙ্গে তার আক্ষেপ, ""মোদীকে নিয়ে তৈরি ওয়েব সিরিজ বা তার নামাঙ্কিত নমো টিভির সম্প্রচার কিন্তু এই কমিশন ঠেকাতে পারেনি।"" ""ভোটে ইলেকট্রনিক ভোটিং মেশিনের পাশাপাশি ভিভিপ্যাটের (ভোটার ভেরিফায়েবল পেপার অডিট ট্রেইল) ব্যবহার নিয়েও নির্বাচন কমিশন আমাদের বিভ্রান্ত করেছে।"" ""তারা বলেছে, ভিভিপ্যাট বেশি ব্যবহার করলে ফল গণনায় না কি তিন-চারদিন পর্যন্ত লেগে যেতে পারে, যে কথা মোটেও ঠিক নয়!"" ভারতের প্রধান নির্বাচন কমিশনার সুনীল অরোরা ""ফলে যখন একদিন ইতিহাস লেখা হবে, তখন এই কমিশন সম্বন্ধে কী আর লেখা হবে? মানুষ তো সবই দেখছেন!"", বলছিলেন মিস বোরওয়ানকর। দিল্লির সিনিয়র সাংবাদিক নলিনী সিং আবার বলছিলেন, রাজস্থানের রাজ্যপাল কল্যাণ সিংয়ের বিজেপির হয়ে ভোটের প্রচার করার ঘটনায় তীব্র আপত্তি জানিয়ে কমিশন যেভাবে রাষ্ট্রপতির কাছে বিষযটি 'রেফার' করেছে - তাতে তিনি খুশি। ""কারণ অন্তত এই একটি ক্ষেত্রে নির্বাচনী আচরণবিধি লঙ্ঘনের ঘটনায় কমিশন সাংবিধানিক পদে থাকে কোনও ব্যক্তির বিরুদ্ধে ব্যবস্থা নেওয়ারে সাহস দেখিয়েছে।"" কিন্তু ঘটনা হল, ভারতে নির্বাচন কমিশনের দিক থেকে এই ধরনের পদক্ষেপ খুবই বিরল হয়ে দাঁড়িয়েছে - আর সে কারণেই এবারের ভোটে তাদের ভূমিকা নিয়ে এত প্রশ্ন। বিবিসি বাংলায় আরো পড়তে পারেন: ভারতের নির্বাচনে মোদী জিতলেই ভালো, বলছেন ইমরান হোমিওপ্যাথি চিকিৎসায় কেন আস্থা রোগীদের? আদালতে আড়াই মাসের শিশু, আইন বদলানোর আদেশ সারা বিশ্বে দিনে কত জীবজন্তুর জন্ম হয়?","ভারতে লোকসভা নির্বাচনের আগে ৬৬ জন প্রাক্তন শীর্ষ আমলা, রাষ্ট্রদূত, পুলিশ প্রধান ও নিরাপত্তা উপদেষ্টা নির্বাচন কমিশনের কার্যক্রম নিয়ে উদ্বেগ প্রকাশ করেছেন। তাদের মতে, বর্তমান নির্বাচন কমিশন নিরপেক্ষতা হারিয়েছে এবং সরকারপক্ষে পক্ষপাতিত্ব দেখাচ্ছে। তারা অভিযোগ করেছেন যে, কমিশন নির্বাচনী আচরণবিধি লঙ্ঘনের বিরুদ্ধে কঠোর ব্যবস্থা নেয়নি এবং কমিশনের নিয়োগ প্রক্রিয়া রাজনৈতিক প্রভাবিত। তারা কমিশনের ভূমিকা পুনঃমূল্যায়ন করার আহ্বান জানিয়েছেন।"
"চীনা ভ্যাকসিনের ট্রায়ালের অনুমতি দিলো বাংলাদেশ ঢাকায় চীনা রাষ্ট্রদূতের সঙ্গে বৈঠকের পর বাংলাদেশের স্বাস্থ্যমন্ত্রী জাহিদ মালেক এ সিদ্ধান্ত জানিয়েছেন। স্বাস্থ্যমন্ত্রী জাহিদ মালেক ঢাকায় ব্রিফিং করে বলেছেন, ""আমরা ট্রায়াল করতে দিবো। তবে যারা স্বেচ্ছায় আসবে তাদেরকেই ট্রায়াল করতে দেয়া হবে। আর অগ্রাধিকার পাবে ডাক্তার, নার্সসহ যারা স্বাস্থ্যসেবার সঙ্গে জড়িত তারা""। তিনি বলেন, ""আমরা ট্রায়াল চালাতে দিবো। কিন্তু ভ্যাকসিনের ক্ষেত্রে আমাদের অগ্রাধিকার দিতে হবে। যেসব দেশ পাবে তার ওপরের দিকেই বাংলাদেশের নাম থাকতে হবে। আর এ সংক্রান্ত খরচও তারা বহন করবেন""। এর আগে গত ২০শে অগাস্ট করোনাভাইরাসের টিকার ক্লিনিক্যাল ট্রায়াল বাংলাদেশে হওয়া উচিত বলে মন্তব্য করে বিবৃতি দিয়েছিলো বাংলাদেশের কোভিড-১৯ বিষয়ক জাতীয় কারিগরি পরামর্শক কমিটি। কমিটি তখন বলেছিলো বাংলাদেশের মানুষের রোগ প্রতিরোধ ক্ষমতা গড়ে তোলার উদ্দেশ্যে এই ট্রায়াল বাংলাদেশে চালানো উচিৎ। বিবিসি বাংলায় আরও পড়ুন: করোনাভাইরাস: ভ্যাকসিন পাওয়ার দৌড়ে বাংলাদেশ কতদূর? ভ্যাকসিন আসার আগেই কোভিড চলে যাবে স্বাস্থ্যমন্ত্রীর এই বক্তব্যে দ্বিমত বাংলাদেশে টিকার ট্রায়াল আয়োজনের সুপারিশ কারিগরি কমিটির টিকার মাধ্যমে পৃথিবী থেকে যেসব রোগ নির্মূল করা সম্ভব হয়েছে স্বাস্থ্যমন্ত্রী জাহিদ মালেক আজ ঢাকায় চীনা রাষ্ট্রদূতের সঙ্গে এক বৈঠকের পর স্বাস্থ্যমন্ত্রী বলছেন ভ্যাকসিন যারাই করুক ট্রায়াল এখানে করতে তো দিতেই হবে এবং ভ্যাকসিনের বিষয়ে সব প্রস্তাব বা অগ্রগতি সম্পর্কে প্রধানমন্ত্রীকে জানানো হয়েছে। বিশেষ করে চীনের, ভারতের এমনকি অক্সফোর্ডের টিকার বিষয়েও অগ্রগতি প্রধানমন্ত্রীকে জানানো হয়েছে। মন্ত্রী বলেন বাংলাদেশে মন্ত্রণালয় ও আইসিডিডিআরবির সহায়তা ট্রায়াল কার্যক্রম চালাবে চীনা কোম্পানি। ""আমরা চীনা কোম্পানি ও রাষ্ট্রদূতকে জানিয়ে দিয়েছি। বাংলাদেশে থাকা চীনের নাগরিক ও দূতাবাসের লোকদের ওপরও ট্রায়াল করবে কোম্পানিটি। আমরা তাদের বলেছি যে আপনার ট্রায়ালের ব্যবস্থা করুন,"" বলছিলেন স্বাস্থ্যমন্ত্রী জাহিদ মালেক। চীনা সরকার ও সংশ্লিষ্ট কোম্পানির সাথে আলোচনা করে তারা (বাংলাদেশে চীনা দূতাবাস) দ্রুত ট্রায়ালের ব্যবস্থা করবে বলেও জানান তিনি। ট্রায়াল চালাতে দেয়া উচিত বলে দেয়া বিবৃতিতে যা বলেছিলো জাতীয় পরামর্শক কমিটি ২০শে অগাস্ট দেয়া ওই বিবৃতিতে যেসব প্রতিষ্ঠান বা দেশ টিকার ট্রায়ালের তৃতীয় পর্যায়ে রয়েছে, টিকা বাজারে আসার পর অগ্রাধিকার ভিত্তিতে পাওয়া নিশ্চিত করতে তাদের সাথে এখনই যোগাযোগ করার সুপারিশ করেছিলো কমিটি। পাশাপাশি টিকা প্রদানের জন্য প্রয়োজনীয় সিরিঞ্জ উৎপাদন বা কেনার প্রস্তুতি রাখা, টিকা পাওয়ার পর তা সংরক্ষণ, বিতরণের পরিকল্পনা ঠিক করে রাখা এবং টিকা পাওয়ার পর জনসংখ্যার কারা অগ্রাধিকার পাবে তা এখনই ঠিক করে রাখার আহ্বান জানানো হয় কমিটির সুপারিশে। বিবৃতিতে বলা হয়, কয়েকটি সংস্থার টিকার তৃতীয় পর্যায়ের ক্লিনিক্যাল ট্রায়াল ব্রাজিল, ভারত, ইন্দোনেশিয়া, চিলি, সংযুক্ত আরব আমিরাতের পাশাপাশি বাংলাদেশে হলে বাংলাদেশের সক্ষমতা বৃদ্ধি ও তা প্রমাণের সুযোগ তৈরি হবে। পাশাপাশি টিকা সফল হিসেবে প্রমাণিত হলে তা বাংলাদেশের অগ্রাধিকার ভিত্তিতে পাওয়ার সুযোগও থাকবে। বাংলাদেশের মতো ঘনবসতিপূর্ণ দেশে ভ্যাকসিন খুবই দরকার বলে মনে করছেন জনস্বাস্থ্য বিশেষজ্ঞরা বাংলাদেশের জন্য করোনাভাইরাসের ভ্যাকসিন কতটা জরুরি সারা বিশ্বের প্রায় দুইশটির মতো কোম্পানি ও গবেষণা প্রতিষ্ঠান এখন করোনাভাইরাসের ভ্যাকসিন আবিষ্কারে কাজ করে যাচ্ছে। যার মধ্যে মানবদেহে ট্রায়ালে এগিয়ে রয়েছে, যুক্তরাজ্যের অক্সফোর্ড, চীনের সিনোভ্যাক, যুক্তরাষ্ট্রের মডার্না, অস্ট্রেলিয়ার মারডক চিলড্রেনস রিসার্চ ইন্সটিটিউট। ছয়টি ভ্যাকসিন ক্লিনিকাল ট্রায়ালের তৃতীয় ধাপে রয়েছে। সরকারি প্রতিষ্ঠান রোগতত্ত্ব, রোগ নিয়ন্ত্রণ ও গবেষণা ইন্সটিটিউটের প্রধান বৈজ্ঞানিক কর্মকর্তা ডা. এএসএম আলমগীর সম্প্রতি বিবিসি বাংলাকে বলছেন, ""বাংলাদেশের জন্য একটি ভ্যাকসিন খুবই দরকার কারণ বাংলাদেশ অত্যন্ত ঘনবসতিপূর্ণ একটি দেশ। এত দীর্ঘদিন ধরে আমাদের মতো উন্নয়নশীল দেশে সবকিছু বন্ধ রেখে মানুষকে ঘরে রাখা খুবই সমস্যার একটি বিষয়। কারণ জীবন টিকিয়ে রাখতে হলে জীবিকাও লাগবে।"" ""পৃথিবীর কোন দেশ থেকে কবে এই ভাইরাস চলে যাবে সেটাতো বলা মুশকিল। সংক্রমণ যদি দীর্ঘ দিনের জন্য থাকে তাহলে ভ্যাকসিন দিয়ে যদি এর সংক্রমণে একটা হস্তক্ষেপ করতে পারা যায় তাহলে কিছু জনগোষ্ঠী অন্তত নিরাপদে থাকতে পারলো।"" করোনাভাইরাস: সুস্থ হয়ে উঠতে কতদিন লাগে? নিজেকে যেভাবে নিরাপদ রাখবেন করোনাভাইরাস থেকে করোনাভাইরাস : কীভাবে বানাবেন আপনার নিজের ফেসমাস্ক আপনার কি দ্বিতীয়বার কোভিড ১৯ সংক্রমণ হতে পারে? টাকার মাধ্যমে করোনাভাইরাস ছড়াতে পারে কি? 'হার্ড ইমিউনিটি' কী, এর জন্য কতটা মূল্য দিতে হবে? কোথায় কতোক্ষণ বেঁচে থাকে কোভিড-১৯ এর জীবাণু, নির্মূলের উপায়","বাংলাদেশ সরকার চীনা ভ্যাকসিনের ট্রায়ালের জন্য অনুমতি দিয়েছে। স্বাস্থ্যমন্ত্রী জাহিদ মালেক জানান, যারা স্বেচ্ছায় অংশগ্রহণ করবেন, বিশেষত স্বাস্থ্যকর্মীরা অগ্রাধিকার পাবেন। তিনি বলেন, ভ্যাকসিনের খরচ চীনা সরকার বহন করবে এবং ট্রায়াল কার্যক্রমে আইসিডিডিআরবি এবং মন্ত্রণালয় সহায়তা করবে। গত ২০ আগস্ট, কোভিড-১৯ বিষয়ক জাতীয় কারিগরি পরামর্শক কমিটি বাংলাদেশে করোনাভাইরাসের ভ্যাকসিন ট্রায়ালের প্রস্তাব দিয়েছিল, যার উদ্দেশ্য দেশের জনগণের রোগ প্রতিরোধ ক্ষমতা বাড়ানো। বৈঠকের পর মন্ত্রী বলেন, চীনা দূতাবাসের কর্মীদের ওপরও ট্রায়াল হবে। এছাড়াও, টিকার তৃতীয় পর্যায়ের ট্রায়াল চালানোর জন্য বাংলাদেশে সক্ষমতা বৃদ্ধি ও নিরাপদে বিতরণ পরিকল্পনা করা হবে।"
"তারানা হালিমের ফেসবুক পেজ এরপর এনিয়ে সামাজিক যোগাযোগ মাধ্যমে শুরু হয় নানারকম আলোচনা। কিন্তু ঐ বক্তব্য তিনি দেননি জানিয়ে নিজের ফেসবুক পেজে আজ এক পোষ্টে প্রতিমন্ত্রী লিখেছেন, ""পর্ণ সাইটের প্রবেশকারীদের নামের তালিকা করার প্রশ্নই আসেনা। ব্যক্তিগত তথ্য সুরক্ষায় আমরা অঙ্গীকারাবদ্ধ। পর্ণ সাইটের প্রবেশকারীদের নামের তালিকা করার কোন কথা কখনই বলিনি।"" বিভিন্ন প্রকাশিত খবরে জানা যাচ্ছে, সোমবার সংবাদ সংস্থা বাসসের সাথে আলাপকালে তারানা হালিম বলেছিলেন, ইন্টারনেট সেবা দানকারীদেরকে দেশের অভ্যন্তরে পরিচালিত পর্ণ সাইটগুলো বন্ধ করতে হবে। ইন্টারনেট সেবা দানকারীদেরকে দেশের অভ্যন্তরে পরিচালিত পর্ণ সাইটগুলো বন্ধ করতে বলেছে সরকার কিন্তু আন্তর্জাতিক সাইটগুলোর ক্ষেত্রে এমন একটি কৌশল গ্রহণের উপর গুরুত্ব দেয়া হচ্ছে, যাতে ওইসব সাইটে প্রবেশকারীদের পরিচয় সরকারের কাছে প্রকাশ পাবে। পরিচয় প্রকাশ হওয়ার ভয়ে লোকে পর্ণ সাইটে প্রবেশে বিরত থাকবে বলে উল্লেখ করেছিলেন প্রতিমন্ত্রী। এরপর প্রতিমন্ত্রীর এই বক্তব্যের পক্ষে বিপক্ষে ফেসবুকে আসতে থাকে নানা আলোচনা। টিনা নন্দী নামে একজন লিখেছেন, ""নাগরিকের যৌনজীবন নিয়ন্ত্রন করাও নিরাপত্তা নিশ্চিত করার জন্য দরকারী! তারচেয়ে সাঁওতালদের বাড়িঘরে আগুনের সুত্রপাতকারীদের নামের তালিকা প্রকাশ করা বেশি জরুরী।"" কেউ ঠাট্টা করে বন্ধুদের সাবধান হবার বার্তা দিয়েছেন। আবার অনেকেই লিখেছেন, তারানা হালিমের বক্তব্যকে সমর্থন করে। পর্ন সাইট বন্ধের উদ্যোগ নিয়েছে সরকার কেউ লিখেছেন, তারানা হালিম নারী হবার কারণেই বিষয়টি নিয়ে বেশি আলোচনা হচ্ছে। কেউ পর্ণ সাইট বন্ধের উদ্যোগের জন্য প্রতিমন্ত্রী ধন্যবাদ জানিয়েছেন। রিফাতুল ইসলাম নাজমুল নামেএকজন লিখেছেন, ""যদি এতে কিছু হলেও পর্ন সাইট ভিজিটকারীর সংখ্যা কমে।"" এদিকে, আজ দুপুরে তারানা হালিম নিজের ফেসবুক পাতায় একটি পোষ্ট দিয়েছেন। ""পর্ণ সাইটের প্রবেশকারীদের নামের তালিকা করার প্রশ্নই আসেনা। ব্যক্তিগত তথ্য সুরক্ষায় আমরা অঙ্গীকারাবদ্ধ। পর্ণ সাইটের প্রবেশকারীদের নামের তালিকা করার কোন কথা কখনই বলিনি। এটি হবেও না। টেকনিক্যালিও সম্ভব নয়।"" তারানা হালিম আরো লিখেছেন, এমন তালিকা করা হবে, এ ধরণের রটনা পড়ে সত্যাসত্য যাচাই না করেই অনেকে নিজ নিজ ফেসবুক আইডিতে কিছু কিছু ব্যক্তি নেতিবাচক পোস্ট দিতে শুরু করলেন- ট্রল করা শুরু করলেন। এবং সেখানে অনেকেই সভ্যতা, ভব্যতার মাত্রাও অতিক্রম করেছেন বলে উল্লেখ করেছেন তিনি। তিনি লিখেছেন, পদে থাকলেও, একজন মানুষের মানবিক অনুভূতিগুলোর প্রতি সবার শ্রদ্ধাশীল হওয়া উচিত।","তারানা হালিম, বাংলাদেশের তথ্য ও যোগাযোগ প্রযুক্তি প্রতিমন্ত্রী, সম্প্রতি সামাজিক যোগাযোগ মাধ্যমে ভীষণ বিতর্কের সৃষ্টি করেছেন। কিছু সংবাদ মাধ্যমে তার বক্তব্য তুলে ধরে বলা হয়েছিল যে, পর্ণ সাইটের প্রবেশকারীদের নামের তালিকা তৈরি করার পরিকল্পনা করছে সরকার। তবে পরবর্তীতে, তিনি নিজের ফেসবুক পেজে একটি পোস্ট দিয়ে সাফ জানিয়ে দেন, তিনি কখনই এমন কিছু বলেননি এবং এমন তালিকা তৈরি করার প্রশ্নই ওঠে না। তারানা হালিম মন্তব্য করেন যে, ব্যক্তিগত তথ্য সুরক্ষা বিষয়ক প্রতিশ্রুতি নিয়ে সরকার কাজ করছে এবং এধরনের তালিকা তৈরি করা টেকনিক্যালিভাবে সম্ভব নয়। তিনি আরো বলেন, কিছু মানুষ গুজব ছড়িয়ে নেতিবাচক মন্তব্য করছে এবং ব্যক্তিগত আক্রমণও করছে, যা তিনি মেনে নিতে পারছেন না।"
"ঢাকার ইস্ট ওয়েস্ট বিশ্ববিদ্যালয় চত্বরে কাঁদানে গ্যাস এরপর বিশ্ববিদ্যালয় কর্তৃপক্ষ অনির্দিষ্টকালের জন্য বিশ্ববিদ্যালয় বন্ধ ঘোষণা করে। বিশ্ববিদ্যালয়ের একজন কর্মকর্তা নিশ্চিত করেছেন, ছাত্র-ছাত্রীদের এসএমএস করে সিদ্ধান্ত জানানো হচ্ছে। ওদিকে বাড্ডা এলাকায় ইস্ট ওয়েস্ট বিশ্ববিদ্যালয়ও দুদিনের জন্য বন্ধ ঘোষণা করা হয়েছে। বিশ্ববিদ্যালয়ের ওয়েবসাইটে এক ঘোষণায় বলা হয়েছে, অনিবার্য কারণে আগামি ৭ ও ৮ অগাস্ট বিশ্ববিদ্যালয় বন্ধ থাকবে। সকালের দিকে এই বিশ্ববিদ্যালয়ের ছাত্রদের সাথে পুলিশ এবং ছাত্রলীগের সংঘর্ষ হয়। আরও পড়ুন: জিগাতলা-সায়েন্স ল্যাব 'ঠান্ডা', অশান্ত বাড্ডা আইসিটি আইনে মামলায় শহীদুল আলম ৭ দিনের রিমান্ডে জানা গেছে, সেখানে সরকারি দলের অঙ্গ সংগঠন ছাত্রলীগের বেশ কিছু সদস্য সকাল ১০টার দিকে ছাত্র-ছাত্রীদের ক্যাম্পাস ঢুকতে বাধা দিলে সংঘর্ষ শুরু হয়। বিশ্ববিদ্যালয়ের জেনেটিক ইঞ্জিনিয়ারিং বিভাগের ছাত্র হৃদয় ইসলাম বিবিসিকে বলেছেন, ছাত্রলীগের ছেলেরা বেশ কিছু শিক্ষার্থীকে মারধর করে। ভাঙচুর করে। পরে পুলিশ বেশ কয়েক দফা কাঁদানে গ্যাস ছোঁড়ে। বাস চাপায় দুজন শিক্ষার্থীর মৃত্যু কেন্দ্র করে সপ্তাহখানেক ধরে স্কুলের ছাত্র-ছাত্রীরা যে বিক্ষুব্ধ আন্দোলন করছিলো - তাতে রোববার থেকে বিশ্ববিদ্যালয়ের ছাত্রদেরও যোগ দিতে দেখা যায়। আজ (সোমবার) রাস্তায় স্কুলের ছাত্র-ছাত্রীদের দেখা না গেলেও, কয়েকটি বিশ্ববিদ্যালয়ের শিক্ষার্থীরা বিক্ষোভ মিছিল বের করার চেষ্টা করে। নিরাপদ সড়ক: নর্থ সাউথ ও ইস্ট-ওয়েস্ট বিশ্ববিদ্যালয় বন্ধ ঘোষণা","ঢাকার ইস্ট ওয়েস্ট বিশ্ববিদ্যালয়ে সোমবার সকালে পুলিশ ও ছাত্রলীগের সঙ্গে ছাত্রদের সংঘর্ষের পর বিশ্ববিদ্যালয় কর্তৃপক্ষ অনির্দিষ্টকালের জন্য বিশ্ববিদ্যালয় বন্ধ ঘোষণা করেছে। বিশ্ববিদ্যালয়ের কর্মকর্তা জানিয়েছেন, শিক্ষার্থীদের এসএমএসের মাধ্যমে এই সিদ্ধান্ত জানানো হচ্ছে। এছাড়া, বাড্ডা এলাকায়ও বিশ্ববিদ্যালয়টি ৭ ও ৮ আগস্ট বন্ধ ঘোষণা করা হয়েছে। সংঘর্ষের সময়, ছাত্রলীগের সদস্যরা কিছু শিক্ষার্থীকে ক্যাম্পাসে প্রবেশ করতে বাধা দেয় এবং মারধরসহ ভাঙচুরও চালায়। এর পর পুলিশ পরিস্থিতি নিয়ন্ত্রণে আনতে কাঁদানে গ্যাস ছোঁড়ে। উল্লেখ্য, সম্প্রতি বাস চাপায় দুই শিক্ষার্থীর মৃত্যুর ঘটনার প্রতিবাদে সপ্তাহখানেক ধরে শিক্ষার্থীরা আন্দোলন চালিয়ে আসছে, এবং ওই আন্দোলনে বিশ্ববিদ্যালয়ের শিক্ষার্থীরা যোগ দিয়েছিল।"
"গরু সামলাতে গিয়ে বিপাকে বোয়ালিয়া থানার পুলিশ। থানার প্রধান ফটকের কাছে খোলা আকাশের নিচে প্রায় ৪ সপ্তাহ ধরে বাঁধা রয়েছে গরু তিনটি। যার দুটি বাদামী রঙা এবং একটি কালো। খোঁজ নিয়ে জানা যায়, এই দুটো গরুর মালিক থানার কেউ নয়। বরং থানায় গরু চুরি মামলার খপ্পরে পড়া দুই আসামীর কাছ থেকে পাওয়া। সম্প্রতি গরু চুরির অভিযোগে তাদের আদালতের নির্দেশে কারাগারে পাঠানো হয়। আসামীদের কারাগারে পাঠানো হলেও তাদের এই চোরাই গরু নিয়ে বিপাকে পড়েছে বোয়ালিয়া মডেল থানার পুলিশরা। এ অবস্থায় থানার বাইরেই তাদের পরিচর্যার ব্যবস্থা করা হয়েছে। বাধ্য হয়ে নিজের পকেটের টাকা খরচ করে এই অবলা তিন প্রাণীকে খাবার কিনে দিতে বাধ্য হচ্ছেন মামলার তদন্ত কর্মকর্তা নগরীর উপশহর পুলিশ তদন্ত কেন্দ্রের ইনচার্জ এসআই মাহফুজুল ইসলাম। নানা ব্যবস্থা নেয়ার পরও সক্রিয় গরু পাচারকারীরা। আরো পড়ুন: থানায় গরু জমা রাখলেন ভারতীয় মুসলিম নেতা গরু পাচারকারীদের হত্যার হুমকিতে পশ্চিমবঙ্গের মন্ত্রী গো-সেবার জন্য ভারতে গরু মহিষের হোস্টেল হচ্ছে বোয়ালিয়া থানায় খোঁজ নিয়ে জানা যায়, গত ২৭ এপ্রিল সকালে গোরহাঙ্গা থেকে নওগাঁগামী রাস্তায় ওই তিনটি গরুকে ট্রাক থেকে নামাতে দেখে পুলিশের সন্দেহ হয়। এসময় তারা গরুর মালিকানার বৈধ কাগজপত্র দেখতে চান। তখন ধরা পড়ার ভয়ে তিন-চারজন ট্রাক থেকে নেমে দৌড়ে পালিয়ে যায়। পরে পুলিশ ধাওয়া দিয়ে তাদের মধ্যে থেকে দুজনকে আটক করতে সক্ষম হন। সেই ফাঁকে রাস্তায় গরু রেখে ট্রাক নিয়ে কৌশলে পালিয়ে যায় চালকও। এরপর আটক দুই সন্দেহভাজন গরু চোরকে জিজ্ঞাসাবাদ করে পুলিশ। কিন্তু তারা কোন কাগজপত্র দেখাতে না পারায় উপপরিদর্শক (এসআই) গোলাম মোস্তফা তাদের বিরুদ্ধে গরু চুরির অভিযোগ এনে থানায় মামলা করেন। এরপর আসামিদের আদালতের মাধ্যমে কারাগারে পাঠানো হয়। তবে গরুগুলোর প্রকৃত মালিক পাওয়া না যাওয়ায় এবং এক্ষেত্রে গরুগুলোর দায়িত্ব কারা নেবে সে বিষয়ে আদালতের পক্ষ থেকে এখন পর্যন্ত কোনো সিদ্ধান্ত না আসায় গরুগুলোকে নিয়মানুযায়ী থানাতেই রাখতে হচ্ছে। এখন যারাই থানায় আসেন দেখতে পান গরুগুলো আঙিনা জুড়ে ছড়িয়ে রাখা সামান্য খড়কুটো খাওয়ার চেষ্টা করছে। এ বিষয়ে বোয়ালিয়া মডেল থানার এসআই মাহফুজুল ইসলাম কাছে খবর নিয়ে জানা গেছে গরুগুলো গত ২৬ দিন ধরে থানার বাইরেই বাঁধা অবস্থায় আছে। এবং এগুলোকে প্রতিদিন খড়, ভুশি ও ভাতের মাড় খাওয়ানো হয়। যার জন্য প্রতিদিন খরচ পড়ে প্রায় ৭শ থেকে ৮শ টাকা। তিনি নিজেই এই খরচ দিয়ে থাকেন। তবে এই খাবার ওই তিনটি গরুর দৈনিক চাহিদার জন্য পর্যাপ্ত নয় বলে অভিযোগ উঠেছে। এসআই মাহফুজুল এই অভিযোগ অস্বীকার করে বলেন, তিনি নিয়মিত গরুগুলোর পরিচর্যা করেন। এছাড়া বৃষ্টি বাদলের সময় গরুগুলো কোথায় থাকে এ বিষয়ে জানতে চাওয়া হলে এসআই মাহফুজুল বলেন, ঝড়-বৃষ্টি শুরু হলে গরুগুলোকে পাশের একটি ছাউনিতে নিয়ে যাওয়া হয়।","বোয়ালিয়া মডেল থানায় প্রায় ৪ সপ্তাহ ধরে তিনটি গরু বাঁধা অবস্থায় আছে, যা গরু চুরির অভিযোগে গ্রেপ্তার হওয়া দুই আসামীর কাছ থেকে উদ্ধার করা হয়েছে। থানা কর্তৃপক্ষ জানায়, আসামিরা গরু চুরির মামলায় কারাগারে পাঠানো হলেও তাদের চোরাই গরুগুলোর বিষয়ে আদালতের সিদ্ধান্ত না আসায় থানা কর্তৃপক্ষই গরুগুলোর দায়িত্ব নিতে বাধ্য হয়েছেন।  এসআই মাহফুজুল ইসলাম, মামলার তদন্ত কর্মকর্তা, নিজের পকেট থেকে প্রতিদিন গরুগুলোর খাবারের ব্যবস্থা করছেন। তবে গরুগুলোর দৈনিক খাদ্য চাহিদা পূরণে তেমন পর্যাপ্ত ব্যবস্থা নেয়া সম্ভব হয়নি বলে অভিযোগ উঠেছে। এসআই মাহফুজুল জানান, বৃষ্টির সময় গরুগুলোকে পাশের ছাউনিতে রাখা হয় এবং তিনি নিয়মিত তাদের পরিচর্যা করেন।"
"ইসলামিক স্টেট যোদ্ধাদের কুচকাওয়াজ আরবী এবং ইংরেজিতে লেখা এক খোলা চিঠিতে তারা বলছেন, যে মতবাদের ওপর ভিত্তিতে ইসলামিক স্টেট কাজ করছে ইসলাম কোনমতেই তাকে সমর্থন করে না। ইসলামিক স্টেট প্রধান ড. ইব্রাহীম আওয়াদ আল-বদরি, যিনি আবু বাকার আল-বাগদাদি নামেই বেশি পরিচিত, এবং ইসলামিক স্টেটের সকল যোদ্ধা ও যারা এই সংগঠনকে সমর্থন করে তাদের প্রতি এই খোলা চিঠিতে মুসলিম পন্ডিতরা বিস্তারিত ধর্মীয় ব্যাখ্যাসহ মোট ২৪টি যুক্তি তুলে ধরেছেন। আবু বাকার আল-বাগদাদি সম্প্রতি নিজেকে খলিফা বলে ঘোষণা করেছেন। ইসলামের দোহাই দিয়ে ইসলামিক স্টেট যা করছে, সে সম্পর্কে মুসলমান পন্ডিতদের কিছু যুক্তি: * শরিয়ার বিধান অতি সরলীকরণ করে বর্ণনা করা ইসলামে নিষিদ্ধ করা হয়েছে। * নিরপরাধ মানুষকে হত্যা করা ইসলামে নিষিদ্ধ। * দূত ও কূটনীতিক, সেই ব্যাখ্যা অনুযায়ী সাংবাদিক এবং ত্রাণকর্মীদেরও হত্যা করা নিষিদ্ধ। * কাউকে অ-মুসলিম ঘোষণা করা নিষিদ্ধ। অবশ্য কেউ যদি প্রকাশ্যে নিজেকে অ-মুসলিম বলে ঘোষণা করেন, সেটি ভিন্ন কথা। * সকল মুসলমানের সমর্থন ছাড়া খিলাফত ঘোষণা করা ইসলামে নিষেধ করা হয়েছে। যুক্তরাষ্ট্রের রাজধানী ওয়াশিংটন ডিসিতে এক সংবাদ সম্মেলনের মাধ্যমে এই খোলা চিঠি কার্যক্রমের সূচনা হয়। উদ্যোক্তারা আশা করছেন, আরো বেশি মানুষ এর প্রতি তাদের সমর্থন জানাবেন, যাদের সামরিক পদক্ষেপের পাশাপাশি আদর্শগতভাবেও ইসলামিক স্টেটকে মোকাবেলা করা যায়। এই খোলা চিঠির ইংরেজি সংস্করণটি পড়তে এখানে ক্লিক করুন","একদল মুসলিম পণ্ডিত আইএসআইএসের মতাদর্শ প্রত্যাখ্যান করে একটি খোলা চিঠি প্রকাশ করেছেন। তারা ২৪টি মূল পয়েন্ট তুলে ধরে বলেছেন শরিয়া আইনকে সহজভাবে বর্ণনা করা ইসলাম সমর্থন করে না। নিরপরাধ মানুষকে হত্যা করা, সহ সাংবাদিক, কূটনীতিক এবং ত্রাণকর্মীদের হত্যাও ইসলামি আইন বিরুদ্ধ। কাউকে অমুসলিম ঘোষণা করা নিষিদ্ধ, সেক্ষেত্রে যদি কেউ নিজেই প্রকাশ্যে অমুসলিম বলে ঘোষণা না করে। মুসলিমদের ব্যাপক সমর্থন ছাড়া খিলাফত ঘোষণা করা ইসলামি বিধান অনুযায়ী অবৈধ। চিঠির উদ্দেশ্য হলো আইএসআইএসের বিরুদ্ধে আদর্শিকভাবে লড়াই করা, যাতে মুসলিমরা এই গোষ্ঠীকে সামরিক এবং আদর্শিকভাবে প্রতিহত করতে পারে।"
"ফেসবুকে প্রকাশ করা আবরার ফাহাদের একটি সেলফি চকবাজার থানার ভারপ্রাপ্ত কর্মকর্তা মোঃ. সোহরাব হোসেন জানিয়েছেন গ্রেফতার সবাইকে ডিবি অফিসে রাখা হয়েছে। তাদের আদালতে প্রেরণের প্রস্তুতি চলছে বলে জানিয়েছেন তিনি। বুয়েট ছাত্রলীগের বেশ কজনকে বহিষ্কার করেছে সংগঠনটি। আবরারের বাবা গতরাতে এই ঘটনায় চকবাজার থানায় যে মামলা করেছেন তাতে ১৯ জনকে আসামী দেখানো হয়েছে। যারা সবাই শেরেবাংলা হলেরই ছাত্র। আবরারের মরদেহ দাফনের জন্য কুষ্টিয়ায় তার বাড়িতে পৌঁছেছে। ঐ ছাত্রকে পিটিয়ে হত্যা করা হয়েছে, জানিয়েছেন ঢাকা মেট্রোপলিটন পুলিশের অতিরিক্ত পুলিশ কমিশনার কৃষ্ণপদ রায়। নিহত ছাত্রের নাম আবরার ফাহাদ। তিনি ইলেকট্রিকাল অ্যান্ড ইলেকট্রনিক্স ইঞ্জিনিয়ারিং বিভাগের দ্বিতীয় বর্ষের ছাত্র ছিলেন বলে পুলিশ জানিয়েছে। চকবাজার থানার ভারপ্রাপ্ত কমকর্তা মোহাম্মদ সোহরাব হোসেন বিবিসিকে জানান, সোমবার ভোরে শেরে বাংলা হলের সিঁড়ি থেকে একজন ছাত্রের মরদেহ উদ্ধার করে তারা। সোহরাব হোসেন জানান, ""আমরা ধারণা করছি রাত দুইটা থেকে আড়াইটার দিকে হত্যার ঘটনা ঘটেছে। আমরা মরদেহ উদ্ধার করেছি ভোরে।"" বুয়েটে ছাত্র হত্যার ঘটনায় দুইজনকে আটক করা হয়েছে বলে নিশ্চিত করেছে পুলিশ মি. সোহরাব হোসেন জানান, নিহতের পায়ের উপরে আঘাতের চিহ্ন ছিল। ঐ ছাত্র মারা যাওয়ার ঘটনার সাথে জড়িত থাকার সন্দেহে শুরুতে বুয়েটের ছাত্রলীগের দুই নেতাকে আটক করা হয় বলে বিবিসি বাংলাকে নিশ্চিত করেন সোহরাব হোসেন। ""বুয়েট ছাত্রলীগের সাধারণ সম্পাদক রাসেল এবং যুগ্ম সম্পাদক ফুয়াদকে আটক করা হয়েছে"",জানান মি. হোসেন। এর কিছুক্ষণ পর হল থেকে বুয়েট ছাত্রলীগের তথ্য ও গবেষণা বিষয়ক সম্পাদক অনিক সরকার এবং ক্রীড়া সম্পাদক মিফতাহুলইসলাম জিয়নকে আটকের তথ্য নিশ্চিত করেন মি. হোসেন। মি. হোসেন জানান পরবর্তীতে ডিবি পুলিশ হল থেকে আরো দু'জনকে আটক করে, কিন্তু ঐ দু'জনের পরিচয় সম্পর্কে নিশ্চিত হওয়া যায়নি। প্রকৌশল বিশ্ববিদ্যালয়ের ক্যাফেটেরিয়া নাম প্রকাশে অনিচ্ছুক শেরে বাংলা হলের এক ছাত্র - যিনি আবরারের সাথে এই বর্ষে অধ্যয়নরত ছিলেন - বিবিসিকে জানান রবিবার সন্ধ্যা সাতটার দিকে একই বর্ষের কয়েকজন ছাত্র আবরারকে ডেকে নিয়ে যান। এরপর আনুমানিক রাত ২টার দিকে সিঁড়িতে আবরারকে পড়ে থাকতে দেখেন তারা। সেসময় তার শরীরে বেশকিছু আঘাতের চিহ্ন ছিল বলে জানান তিনি। শিক্ষার্থী নিহত হওয়ার ঘটনা ছড়িয়ে পড়লে বিশ্ববিদ্যালয়টির শিক্ষার্থীরা ক্যাম্পাসে জড়ো হয়ে বিক্ষোভ প্রকাশ করে। আবাসিক হলের ভেতরে হত্যার ঘটনা ঘটায় সাধারণ শিক্ষার্থীদের অনেকেই নিজেদের নিরাপত্তা নিয়ে আশঙ্কা প্রকাশ করে। এদিকে ঢাকা বিশ্ববিদ্যালয় ক্যাম্পাসেও শিক্ষার্থীদের বিক্ষোভের খবর পাওয়া গিয়েছে। আরো পড়তে পারেন: 'বাংলাদেশের উপকূলে ভারতীয় রেডার ব্যবস্থার লক্ষ্য চীন' দুর্গাপূজা: নারীরা যেখানে কাঁধে তুলে নেয় ঢাক যুবলীগ নেতা সম্রাট যেভাবে ক্ষমতাশালী হয়ে উঠলেন","বুয়েটের দ্বিতীয় বর্ষের ছাত্র আবরার ফাহাদ হত্যার ঘটনা নিয়ে এখন সারা দেশে আলোচনা চলছে। চকবাজার থানার ভারপ্রাপ্ত কর্মকর্তা সোহরাব হোসেন জানিয়েছেন, গ্রেফতার হওয়া শিক্ষার্থীদের ডিবি অফিসে রাখা হয়েছে এবং তাদের আদালতে প্রেরণের প্রস্তুতি চলছে। আবরারের বাবা চকবাজার থানায় মামলা করেছেন, যাতে ১৯ জনকে আসামি করা হয়েছে, সবাই শেরেবাংলা হলের ছাত্র। পুলিশ জানায়, আবরারকে সোমবার ভোরে শেরেবাংলা হলের সিঁড়ি থেকে মৃত অবস্থায় উদ্ধার করা হয়। তার শরীরে আঘাতের চিহ্ন ছিল এবং হত্যার সময় ২টা থেকে ২:৩০ টার মধ্যে হওয়া সম্ভব বলে ধারণা করা হচ্ছে। এ ঘটনায় বুয়েট ছাত্রলীগের সাধারণ সম্পাদক রাসেল, যুগ্ম সম্পাদক ফুয়াদ, তথ্য ও গবেষণা সম্পাদক অনিক সরকার এবং ক্রীড়া সম্পাদক মিফতাহুল ইসলাম জিয়নসহ কয়েকজনকে আটক করা হয়েছে। এ ঘটনায় বিক্ষুব্ধ শিক্ষার্থীরা ক্যাম্পাসে প্রতিবাদ জানান এবং বিশ্ববিদ্যালয়ের নিরাপত্তা নিয়ে উদ্বেগ প্রকাশ করেন।"
"শেষ ষোলেতেই রাশিয়া বিশ্বকাপ থেকে বিদায় হলো মেসি আর রেনাল্ডোর শেষ ষোলো'র ম্যাচে দলকে জেতাতে পারেননি ক্রিশ্চিয়ানো রোনালদো-লিওনেল মেসি কেউই। ফ্রান্স ও উরুগুয়ের কাছে আর্জেন্টিনা আর পর্তুগাল হারায় নকআউট পর্বের প্রথম দিনেই বিশ্বকাপ থেকে বিদায় নিলেন বিশ্ব ফুটবলের দুই আইকন। ফলে ফুটবলের সবচেয়ে বড় অর্জন বিশ্বকাপ বিজয়ের স্বপ্নও হয়তো শেষ হয়ে গেল দুই কিংবদন্তীর জন্যই। এই বিশ্বকাপ থেকে বিদায় নেয়া মেসি ও রোনালদোর বয়স যথাক্রমে ৩১ আর ৩৩। ২০২২ কাতার বিশ্বকাপে তাঁদের বয়স হবে ৩৫ ও ৩৭। সেসময় তাদের বিশ্বকাপ জয়ের সম্ভাবনা বেশ ক্ষীণ। এমনকি তাদের ঐ বিশ্বকাপে খেলতে দেখা যাবে কিনা তা নিয়েও সংশয় রয়েছে অনেকের। বিশ্বকাপের নক আউট পর্বে কখনো গোল করেননি মেসি। 'বিশ্বকাপ থেকে মেসিকে ফিরে যেতে দেখা দু:খজনক' কাজানে হাত থেকে অধিনায়কের আর্মব্যান্ড খুলে মাঠ ছেড়ে বের হয়ে যাওয়ার সময় নিষ্প্রাণ মেসি একবারও পেছনে ফিরে তাকাননি। উত্তেজনা ও আবেগে ভরা ম্যাচে নিজের সর্বস্ব দিয়েছিলেন মেসি। তিনটি গোলের মধ্যে দু'টিতে অ্যাসিস্ট ছিল তাঁরই। কিন্তু শেষ পর্যন্ত জেতাতে পারেননি দলকে। জার্মানির বিশ্বকাপজয়ী দলের সদস্য ইয়ুর্গেন ক্লিন্সম্যান বলেছেন এবারের আসরে আর্জেন্টিনা ""মেসিকে কখনো খুঁজেই পায়নি""। ""প্রথমার্ধে তাঁকে অনেকটা একাই খেলতে হয়েছে। দ্বিতীয়ার্ধে খুব অল্প সময়ই পায়ে বল পেছেন মেসি।"" বার্সেলোনায় মেসি দলের খেলোয়াড়দের কাছ থেকে যেই সহায়তাটা পান তার কিছুমাত্র সহায়তা তিনি আর্জেন্টিনা খেলোয়াড়দের কাছ থেকে পাননি। স্প্যানিশ ফুটবল বিশেষজ্ঞ গুইয়েম বালাগ বলেছেন, ""মেসি - যিনি হয়তো সর্বকালের সেরা ফুটবলার - ফিরে যেতে দেখার মধ্যে এক ধরণের দু:খ রয়েছে।"" ""মেসি জানতেন তিনি এই দল নিয়ে খুব বেশী দূর যেতে পারবেন না। তিনি একা দলকে জেতাতে পারবেন না তাও জানতেন তিনি। আর্জেন্টিনা দল হিসেবে একেবারেই সমন্বয়হীন ছিল আর তারা সম্পূর্ণ আবেগ দিয়ে খেলেছে। সেরা দল হিসেবেই ম্যাচ জিতেছে ফ্রান্স।"" যতটা কার্যকর হবেন বলে আশা করেছিলেন ততটা না হলেও রাশিয়া ২০১৮ কিন্তু মেসির জন্য খুব একটা বিশেষত্বহীনও ছিল না। আইসল্যান্ডের বিপক্ষে প্রথম ম্যাচে পেনাল্টি মিস করেছিলেন মেসি। ক্রোয়েশিয়ার বিপক্ষে ম্যাচের শুরুতে জাতীয় সঙ্গীতের সময় তাঁর চিন্তিত মুখের ছবিটি ছিল আর্জেন্টিনার পুরো আসরের পারফরমেন্সের প্রতীকী চিত্র। নাইজেরিয়ার বিপক্ষে গোল করে ম্যান অব দ্যা ম্যাচ হওয়া মেসি দলকে পরের পর্বে তুললেও, নক আউট পর্বে ফ্রান্সের বাঁধা পেরোতে পারলেন না। মেসি'র বিশ্বকাপ পরিসংখ্যান আরো পড়তে পারেন: বিশ্বকাপ ২০১৮: কাভানির ইনজুরিতে 'চিন্তিত' উরুগুয়ে বিশ্বকাপ ২০১৮: গ্রুপ পর্বের সেরা মুহূর্ত, সেরা চরিত্র বিশ্বকাপের প্রথম রাউন্ডে কারা নায়ক, কারা ভিলেন বিশ্বকাপের নক আউট পর্বে গোল বা অ্যাসিস্ট কোনোটিই করতে পারেননি রোনালদো। রোনালদোর এখনো 'অনেক কিছু দেয়ার আছে' স্পেনের বিপক্ষে অসাধারণ এক হ্যাট-ট্রিক দিয়ে এবারের আসর শুরু করেন রোনালদো। স্পেনের বিপক্ষে নেয়া তাঁর ফ্রিকিক এবারের বিশ্বকাপের অন্যতম সেরা গোলগুলোর মধ্যে একটি। মরক্কোর বিপক্ষে ম্যাচেও তাঁর গোলেই জয় নিশ্চিত করে পর্তুগাল। যদিও ইরানের বিপক্ষে একটি পেনাল্টি মিস করেন তিনি। ঐ ম্যাচে লাল কার্ডও দেখার সম্ভাবনা ছিল রোনালদোর। আর মেসি'র মত তিনিও নক আউট রাউন্ডে দলকে জয় এনে দিতে পারেননি। অনেকেই প্রশ্ন করছেন তাহলে কি ২০১৬'র ইউরোপিয়ান চ্যাম্পিয়নশিপ জেতা রোনালদো কি এখানেই শেষ? পর্তুগালের কোচ ফার্নান্দো সান্তোস মনে করেন, দলের অধিনায়কের 'ফুটবলকে এখনো অনেক কিছু দেয়ার আছে' এবং এখনই তিনি সম্ভবত জাতীয় দল থেকে অবসর নেবেন না। রোনালদোর বিশ্বকাপ পরিসংখ্যান","২০১৮ রাশিয়া বিশ্বকাপের শেষ ষোলোতেই আর্জেন্টিনা ও পর্তুগাল বাদ পড়েছে, ফলে মেসি ও রোনালদোর বিশ্বকাপ জয়ের স্বপ্ন প্রায় শেষ। তাদের বয়স বিবেচনায় ২০২২ বিশ্বকাপে অংশগ্রহণ অনিশ্চিত হয়ে পড়েছে। "
"বিষয়টি নিয়ে শিশুদের সাথে কথা বলা কঠিন। (প্রতীকী ছবি) বিবিসি বাংলাকে তিনি বলেন, ""ধর্ষণ রোধ করে শিশুদের নিরাপদ রাখার জন্য যে ধরণের অবকাঠামো, লোকবল বা সেবা দরকার সেগুলো এখনো অনেক কম।"" ঢাকার ওয়ারিতে গত শুক্রবার রাতে সাত বছরের এক শিশুর মরদেহ খুঁজে পাওয়ার পর, পুলিশ জানায়, ধর্ষণের পর হত্যা করা হয় তাকে। এঘটনায় মূল অভিযুক্তকে গ্রেফতার করার কথা জানায় পুলিশ। মিস জাহিরিনের মতে, সমাজের বিভিন্ন পর্যায়ে বিশেষ করে কমিউনিটি লেভেলে যে ধরণে সুরক্ষা ব্যবস্থা থাকার প্রয়োজন আছে সেগুলো এখনো কার্যকর নয়। তিনি বলেন, ""কিছু সার্ভিস আছে বা লোকজন আছে। কিন্তু শিশুদের বিষয় বা এধরণের ঘটনাকে কেউই সেভাবে আমলে নেন না।"" ""আইন-শৃঙ্খলা রক্ষাকারী বাহিনী, সামাজিক কল্যাণ কার্যক্রমের পক্ষ থেকে সোশ্যাল ওয়ার্কারদের থাকার কথা, কমিউনিটি লেভেলে এবং প্রবেশন অফিসার যার একটা বিশেষ দায়িত্ব আছে, অনেক জায়গায়ই তারা চাহিদার তুলনায় অপ্রতুল।"" তিনি বলেন, ""এরা ভালোভাবে প্রশিক্ষণপ্রাপ্ত না এবং শিশুদের বিষয়গুলো যেভাবে দেখা উচিত বা কেস ম্যানেজমেন্ট সিস্টেম থাকা উচিত সেগুলো এখনো ওইভাবে আমাদের দেশে গড়ে উঠেনি।"" উন্নত বিশ্বে স্কুলে শিশুদের নিরাপত্তার উদাহরণ দিয়ে বলা হয়ে থাকে যে সেসব দেশে কোন স্কুলে কোন শিশুর সাথে দেখা করতে হলে আগে তার একটা ছবি তোলা হয়, একটা কার্ড দেয়া হয় এবং কেউ সাথে করে স্কুলের ভেতরে নিয়ে যাওয়া হয়। যাতে অন্য শিশুদের সমস্যা না হয়। বাংলাদেশে ফ্ল্যাট বাসায় বা শিক্ষাপ্রতিষ্ঠানে শিশুদের রক্ষায় এ ধরণের কোন ব্যবস্থা রয়েছে কিনা? আরো পড়তে পারেন: '৬ মাসে প্রায় ৪০০ শিশু ধর্ষণের শিকার' উপরের শূন্য ফ্ল্যাটে পড়ে ছিল ধর্ষিতা শিশুটির মৃতদেহ 'ছাদ দেখানোর কথা বলে শিশুটিকে হত্যা করা হয়েছিল' এমন প্রশ্নের উত্তরে মিস শাবনাজ জাহিরিন বলেন, ""এ ধরণের সিস্টেম শহরাঞ্চলে কিছুটা দেখা গেলেও গ্রামাঞ্চলে যেসব প্রাইমারি স্কুল রয়েছে সেখানে একেবারেই নেই।"" ""ফ্ল্যাট বাড়ি বা অন্য জায়গাগুলোতে পারিবারিক যে মেকানিজম যেমন শিশু কোথায় যাবে, কখন যাবে, সাথে কে যাবে - এগুলোর বিষয়ে তেমন কোন মেকানিজম নেই। আর উন্নত বিশ্বের প্রতিটা দেশে একটা সোশ্যাল ওয়েলফেয়ার বিভাগ থাকে। যার কর্মীরা নিয়মিত বাড়ি বাড়ি গিয়ে খোঁজ খবর করে। আমাদের দেশেও সেরকম একটা সিস্টেম থাকা উচিত।"" মিস জাহিরিন বলেন, ""এটি আমাদের আইনে থাকলেও এর জন্য কোন বাজেট বরাদ্দ হয় না, দক্ষ লোকবলও নেই, যারা এগুলো করবে।"" ধর্ষণ থেকে রক্ষা করার জন্য কী করা উচিত? ধর্ষণ থেকে শিশুদের রক্ষা করতে হলে কী করতে হবে - এ বিষয়ে শিশু সুরক্ষা বিশেষজ্ঞ মিস শাবনাজ জাহিরিন স্কুল পর্যায়ে আত্মরক্ষার কৌশল শেখানোর পরামর্শ দেন। মেয়েশিশুর পাশাপাশি ছেলেশিশুকেও ধর্ষণ ও যৌন হয়রানি বিরোধী মূল্যবোধ শেখাতে হবে যাতে ভবিষ্যতে সে এ ধরণের আচরণ না করে। ধর্ষণ রোধে মনিটরিং বা নজরদারি জোরদারের আহ্বান জানান তিনি। বারবার এ ধরণের ঘটনার পুনরাবৃত্তির জন্য এ ঘটনায় বিচার না হওয়াকে দায়ী করেন তিনি। ""বড় বিষয় হচ্ছে যে, মামলা গুলোর দীর্ঘসূত্রিতার কারণে শাস্তি হচ্ছে না । মামলা হচ্ছে, গ্রেফতার হচ্ছে কিন্তু সেগুলোর দৃষ্টান্তমূলক শাস্তি হচ্ছে না। যেটা দেখে আরেক জন ভয় পাবে,"" তিনি বলেন। তবে ধর্ষণকারীরা ধর্ষণের আগে আইনের চিন্তা করে কিনা বা আইন দিয়ে ধর্ষণ রোধ সম্ভব কিনা এমন প্রশ্নও উঠে আসে বিভিন্ন সময়। এ বিষয়ে মিস জাহিরিন বলেন, ""কিছুটা হলেও সম্ভব আমার মতে। কারণ তারা দেখছে যে তারা পার পেয়ে যাচ্ছে বা কেউ তাকে খুঁজে পাচ্ছে না খুঁজে পাবে না বা তাকে পুলিশে ধরতে পারবে না। এরকম একটা দৃষ্টিভঙ্গি চলে আসছে।"" ""এর ফলে এক ধরণের নেতিবাচক দৃষ্টিভঙ্গি চলে আসে। যখন তারা দেখে যে আইন-শৃঙ্খলা বাহিনীর কোন ইচ্ছা নেই বা তারা ধরা-ছোঁয়ার বাইরে বা তাদের পেছনে কোন বড় ভাইয়ের হাত আছে।""","বাংলাদেশে শিশু নির্যাতন ও ধর্ষণ প্রতিরোধে কার্যকর অবকাঠামো নেই। শিশুদের আত্মরক্ষার প্রশিক্ষণ ও কঠোর নজরদারি ব্যবস্থা গ্রহণের প্রয়োজনীয়তা বিশেষজ্ঞরা তুলে ধরেছেন, পাশাপাশি দ্রুত বিচার নিশ্চিত করার দাবি উঠেছে। "
"ঢাকার ধানমন্ডিতে ভারতীয় ভিসা আবেদন কেন্দ্র এক সংবাদ বিজ্ঞপ্তিতে ঢাকায় ভারতীয় হাই কমিশন জানাচ্ছে, এসএমএসটি দেখিয়ে আবেদনকারীদের ভারতীয় ভিসা আবেদন কেন্দ্র আইভিএসিতে ঢুকতে হবে এবং আবেদনপত্র জমা দিতে হবে। এছাড়া আবেদনকারীদের নিজের মোবাইল নম্বরসহ অন-লাইন সাক্ষাতের জন্য আবেদন করতে হবে। তবে, ৫ই জুন পর্যন্ত যেসব আবেদনকারী বর্তমান ব্যবস্থায় সাক্ষাতের জন্য তারিখ পেয়েছেন, তাদের জন্য নতুন নির্দেশনা প্রযোজ্য হবে না। ভারতের ভিসা পেতে জটিলতার বিরুদ্ধে সম্প্রতি একটি গ্রুপ এভাবে গণ ই-মেইল কর্মসূচী শুরু করেছে এছাড়া সাক্ষাতের তারিখ বা ই-টোকেন ছাড়া ট্যুরিস্ট ভিসার আবেদন গ্রহণের জন্য বিশেষ ঈদ ক্যাম্পের আয়োজন করেছে ঢাকার ভারতীয় হাইকমিশন, যা জুনের চার তারিখ থেকে শুরু হবে বলে জানানো হয়েছে সংবাদ বিজ্ঞপ্তিতে। সাক্ষাতের তারিখ নির্ধারণের জন্য দূতাবাসের এখনকার যে পদ্ধতি কার্যকর রয়েছে তা নিয়ে বাংলাদেশে বিস্তর বিতর্ক রয়েছে। ভিসা প্রার্থীদের অভিযোগ অর্থ লেনদেন ছাড়া বাংলাদেশের কোন ভিসা প্রার্থীই ভারতীয় দূতাবাসে সাক্ষাতের তারিখ নিতে পারেন না। ভিসা পেতে অর্থের বিনিময়ে ই-টোকেন পাবার বিষয়টি ঢাকায় ভারতীয় দূতাবাসের নজরে আনা হলে, এ মাসের শুরুতে দূতাবাসের তরফ থেকে লিখিতভাবে বিবিসি বাংলাকে জানানো হয়েছে যে ভিসার জন্য তাদের কোন এজেন্ট নেই। ভারতের ভিসা পাওয়ার জটিলতার বিরুদ্ধে বাংলাদেশে সম্প্রতি যারা আন্দোলন করেছিলেন, তাদের আশা নতুন ব্যবস্থায় ভিসা পাওয়ার জটিলতা কিছুটা হলেও কমবে।","ঢাকায় ভারতীয় ভিসার জন্য নতুন নিয়ম চালু হয়েছে, যেখানে আবেদনকারীদের এসএমএস দেখিয়ে প্রবেশ করতে হবে এবং অনলাইনে সাক্ষাতের সময় নির্ধারণ করতে হবে। আগে এজেন্টদের মাধ্যমে অবৈধ লেনদেনের অভিযোগ উঠেছিল, যা দূতাবাস সমাধান করার চেষ্টা করছে।"
"দিল্লির কাছে একটি কারখানায় ঢোকার আগে স্ক্রিনিংয়ের অপেক্ষায় শ্রমিকরা। মে, ২০২০ সবচেয়ে বড় পরিবর্তন এনেছে ভারতের সর্বাধিক জনবহুল রাজ্য উত্তরপ্রদেশ – তারা তিন বছরের জন্য সেখানে কার্যত সব শ্রম আইনই মুলতুবি করে দিয়েছে। ফলে সেখানে ইচ্ছেমতো শ্রমিক ছাঁটাই করা যাবে, এমন কী ন্যূনতম পারিশ্রমিক দিতেও মালিকরা বাধ্য থাকবেন না। রাজ্যগুলো যুক্তি দিচ্ছে, অর্থনীতির চাকা ঘুরিয়ে নতুন পুঁজি আনার জন্য শ্রমিকের অধিকারে এই ধরনের কাটছাঁট করা ছাড়া উপায় নেই – কিন্তু বিরোধীরা ও শ্রমিক সংগঠনগুলি এই পদক্ষেপের তীব্র সমালোচনা করছে। বস্তুত গত চার-পাঁচদিনের ভেতরে ভারতে মধ্যপ্রদেশ, গুজরাট, পাঞ্জাব, রাজস্থান বা ওড়িশার মতো একের পর এক রাজ্য তাদের শ্রম আইনে পরিবর্তন এনে শিল্প মালিকদের নানা সুবিধে করে দিয়েছে। তবে এখানেও সবাইকে ছাপিয়ে গেছে উত্তরপ্রদেশের যোগী আদিত্যনাথ সরকার। যখন খুশি ছাঁটাই, যা খুশি পারিশ্রমিক উত্তরপ্রদেশের শ্রমমন্ত্রী স্বামীপ্রসাদ মৌর্য তারা এই লকডাউনের মধ্যেও এমন একটি অর্ডিন্যান্স এনেছে, যা সে রাজ্যে শ্রমিকদের প্রায় সব অধিকারই তিন বছরের জন্য স্থগিত করে দিয়েছে। এর ফলে সেখানে 'মিনিমাম ওয়েজেস' বা ন্যূনতম পারিশ্রমিক আইনও বলবৎ হবে না, ছাঁটাইয়ের বিরুদ্ধে কর্মীরা আপিল করতে পারবেন না। এমন কী কলকারখানায় নিরাপদ কর্মপরিবেশ সৃষ্টিরও কোনও দায় থাকবে না শিল্প মালিকদের। উত্তরপ্রদেশের শ্রমমন্ত্রী স্বামীপ্রসাদ মৌর্য বলছেন, ""যারা শ্রমিকদের জন্য কুমীরের কান্না কাঁদছেন তাদের বোধহয় এটা জানা নেই যে রাজ্যের শ্রমিকদের কল্যাণে নতুন লগ্নি টানতেই আমরা এই পদক্ষেপ নিয়েছি।"" ""যাতে আরও বেশি সংখ্যায় মানুষ রোজগার পান, বন্ধ হয়ে যাওয়া পুরনো কলকারখানা আবার খোলে – এবং উত্তরপ্রদেশের মানুষকে রুটিরুজির সন্ধানে অন্য রাজ্যে যেতে না-হয় সেই জন্যই আমরা এই অর্ডিন্যান্স এনেছি।"" শ্রমিক সংগঠনগুলোর প্রতিবাদ অনুরূপভাবে আর একটি বিজেপি শাসিত রাজ্য মধ্যপ্রদেশেও আগামী তিন বছর মালিকদের 'ইচ্ছেমতো' নিয়োগ ও ছাঁটাইয়ের স্বাধীনতা দেওয়া হয়েছে, বলা হয়েছে শ্রম দফতর এ ব্যাপারে কোনও হস্তক্ষেপ করবে না। ত্রিপুরাতে সরকার দৈনিক সর্বোচ্চ কাজের মেয়াদ বারো ঘন্টা করারও প্রস্তাব এনেছে। দেশের সবগুলো ট্রেড ইউনিয়ন এইসব পদক্ষেপের বিরুদ্ধে সরব হয়েছে। গুজরাটের একটি স্লিপার কারখানা। শ্রম আইনে পরিবর্তন এনেছে গুজরাটও এমন কী আরএএসের শ্রমিক শাখা 'ভারতীয় মজদুর সঙ্ঘ' (বিএমএস) পর্যন্ত হুঁশিয়ারি দিয়েছে এই ধরনের 'জঙ্গলরাজ' মেনে নেওয়া সম্ভব নয়। কংগ্রেস নেতা রাহুল ও প্রিয়াঙ্কা গান্ধীও এই পদক্ষেপের তীব্র নিন্দা করেছেন। উত্তরপ্রদেশে কংগ্রেসের পরিষদীয় দলনেতা অনুরাধা মিশ্রর কথায়, ""হ্যাঁ, শিল্প অবশ্যই পুনস্থাপিত করতে হবে – কিন্তু সেটা কিছুতেই গরিব মজদুরদের রক্তের বিনিময়ে হতে পারে না!"" ""করোনাভাইরাস মহামারিতে সবচেয়ে যারা ক্ষতিগ্রস্ত হয়েছেন তারা আমাদের এই শ্রমিকরা – এখন উত্তরপ্রদেশ সরকার কি মরার ওপর খাঁড়ার ঘা দিতে চাইছে?"" ""তাদের সব অধিকার কেড়ে নেওয়া হচ্ছে – কাজের সময়, সুরক্ষা কিছুরই বালাই নেই!"" স্বাগত জানাচ্ছে শিল্প মহল করোনাভাইরাস নিয়ে আপনার যা জানা প্রয়োজন নিজেকে যেভাবে নিরাপদ রাখবেন করোনাভাইরাস থেকে নতুন করোনাভাইরাস কত দ্রুত ছড়ায়? কতটা উদ্বেগের? টাকার মাধ্যমে করোনাভাইরাস ছড়াতে পারে কি? কোথায় কতোক্ষণ বেঁচে থাকে কোভিড-১৯ এর জীবাণু, নির্মূলের উপায় কোভিড-১৯ বিপর্যয় শুরু হওয়ার অনেক আগে থেকেই ভারতের শিল্প মহল কঠিন সময়ের মধ্যে দিয়ে যাচ্ছিল – এখন সেই সঙ্কট আরও গভীর হয়েছে। ফলে দেশের বাণিজ্য ও শিল্প জগতের দিকপালরা কিন্তু এই সব পরিবর্তনকে স্বাগত জানাচ্ছেন – তারা যুক্তি দিচ্ছেন শ্রম আইনের পরিবর্তনের ফলে দেশের শিল্পজগৎ একটা 'লাইফলাইন' পেলেও পেতে পারে। দেশের শীর্ষ বণিক সংগঠন সিআইআই-এর সাবেক চেয়ার প্রদীপ ভার্গবের কথায়, ""আমার ব্যবসায় ভাঁটা পড়লে আমি সাপ্লায়ারদের কাছ থেকে অর্ডার কমিয়ে দিতে পারি। ব্যবসায় সুদিন এলে ব্যাঙ্ক থেকে বাড়তি লোন চাইতে পারি।"" ""এমন কোনও আইন নেই যা বলে ব্যবসায় ভাল-মন্দ যা-ই হোক তোমাকে একই অর্ডার দিয়ে যেতে হবে, একই পরিমাণ ঋণ নিয়ে যেতে হবে।"" ""শুধু এই নিয়োগের ক্ষেত্রে এসে বলা হচ্ছে ব্যবসার অবস্থা যা-ই হোক, তোমার কর্মী কমানো চলবে না।"" ""তো এই বিচিত্র আইন তো পাল্টানোই দরকার, তাই না? শিল্প আগে বাঁচলে তবে না শ্রমিকদের বাঁচার প্রশ্ন আসে!"" বিজেপিও যুক্তি দিচ্ছে, মহামারির পরে ভারতকে একটি সফল 'ম্যানুফ্যাকচারিং হাব' বা উৎপাদন কেন্দ্র হিসেবে গড়ে তুলতে হলে শ্রম আইনে এই ধরনের 'সংস্কার' অপরিহার্য। তবে শ্রমিক নেতারা মনে করছেন, রাতারাতি ভারতকে কখনওই চীনের মতো ম্যানুফ্যাকচারিং হাবে পরিণত করা সম্ভব নয় – আর সে চেষ্টা করতে হলে দেশের গরিব মজদুরদেরই তার মূল্য চোকাতে হবে।","উত্তরপ্রদেশ ও মধ্যপ্রদেশসহ কয়েকটি রাজ্যে শ্রম আইন শিথিল করা হয়েছে, যার ফলে মালিকরা সহজেই কর্মী ছাঁটাই করতে পারবেন এবং ন্যূনতম মজুরি দিতে বাধ্য থাকবেন না। বিরোধী দল ও শ্রমিক সংগঠনগুলো এই সিদ্ধান্তের বিরুদ্ধে কঠোর প্রতিবাদ জানিয়েছে।"
"ড. ওয়াতসা বেশ মজা করে যৌন বিষয়ক প্রশ্নের জবাব দিতেন। ধাত্রীবিদ্যা বিশারদ এবং স্ত্রীরোগ বিশেষজ্ঞ ড. মাহিন্দার ওয়াতসা পত্রিকায় ১০ বছরেরও বেশি সময় ধরে ""আস্ক দ্যা সেক্সপার্ট"" বা ""যৌন বিশেষজ্ঞকে জিজ্ঞেস করুন"" এই শিরোনামে কলাম লিখেছেন। এই কলামে তিনি মজা করে মানুষের যৌন সংক্রান্ত বিভিন্ন উদ্বেগ ও প্রশ্নের উত্তর দিতেন। এসব উত্তর ছিল সহজ ও পরিষ্কার। সঙ্গে কৌতুক মেশানো। মৃত্যুর পর তার সন্তানদের পক্ষ থেকে দেওয়া এক বিবৃতিতে বলা হয়েছে, ""তিনি এক গৌরবান্বিত জীবন যাপন করেছেন।"" তিনি কোন অসুখে ভুগে মারা গেছেন কীনা সেটা পরিষ্কার নয়। ড. ওয়াতসা যৌন উপদেশমূলক এই কলাম লিখতে শুরু করেন ৮০ বছর বয়সে। মুম্বাই মিরর পত্রিকায় তার কলাম ছাপা হতো। তার লেখা জনপ্রিয় হতে খুব একটা সময় লাগেনি। যে দেশে যৌনতার বিষয়ে কথা বলা খুব একটা স্বাভাবিক নয়, সেখানে এবিষয়ে তার দেওয়া উত্তর মানুষের দৃষ্টি আকর্ষণ করে। ""আমরা এই কলাম চালু করার আগে ভারতের কোন মিডিয়াতে পেনিস (লিঙ্গ) এবং ভ্যাজাইনা (যোনি) এসব শব্দ ব্যবহার করা হতো না,"" ২০১৪ সালে বিবিসিকে একথা বলেছিলেন পত্রিকাটির সম্পাদক মিস বাঘেল। তিনি বলেন, এই কলাম ছাপার কারণে তার সমালোচনা করে অনেকেই তাকে চিঠি পাঠান। তার বিরুদ্ধে অশালীনতার অভিযোগ এনে মামলাও করা হয়েছে। তবে তিনি বলেন, এসব সমস্যার চেয়েও এই কলামের উপকারিতা অনেক বেশি। ""শুধুমাত্র মিরর পত্রিকাতেই ড. ওয়াৎসা ২০ হাজারের বেশি পাঠকের প্রশ্নের জবাব দিয়েছেন। সব মিলিয়ে এই সংখ্যা ৪০ হাজারেরও বেশি হবে। এছাড়াও আরো অনেকে আছেন যারা ব্যক্তিগতভাবে তাদের যৌন জীবনের বিষয়ে তার কাছ থেকে পরামর্শ নিয়েছেন,"" লিখেছেন মিরর পত্রিকার সম্পাদক। ড. ওয়াতসাকে ১৯৬০ এর দশকে নারীদের একটি ম্যাগাজিনের জন্য 'ডিয়ার ডক্টর' বা 'প্রিয় চিকিৎসক' নামে প্রথম একটি কলাম লিখতে বলা হয়েছিল। সেসময় তার বয়স ছিল তিরিশের উপরে। ২০১৪ সালে তিনি বিবিসিকে বলেছিলেন, ""আমার তো খুব বেশি অভিজ্ঞতা নেই, আমাকে এটা স্বীকার করতে হবে।"" প্রায় ১০ বছর ধরে তিনি মিরর পত্রিকায় যৌন সমস্যা বিষয়ক প্রশ্নের জবাব দিয়েছেন। এক সময় তিনি বুঝতে পারলেন পাঠকরা তার কাছে যেসব সমস্যার বিষয়ে জানতে চাচ্ছেন সেগুলো যৌন-শিক্ষার অভাবের কারণেই হচ্ছে। এর পর তিনি এবিষয়ে কাজ করার সিদ্ধান্ত নিলেন। প্রথমে তিনি ভারতে পরিবার পরিকল্পনা সমিতি এফপিএআই-এর মাধ্যমে এই কাজটি শুরু করেন। পরে তিনি নিজেই এ সংক্রান্ত একটি প্রতিষ্ঠান কাউন্সিল অফ সেক্স এডুকেশন এন্ড প্যারেন্টহুড ইন্টারন্যাশনাল গড়ে তোলেন। ড. ওয়াতসা ১৯৭৪ সালে যখন পরিবার পরিকল্পনা সমিতির একজন উপদেষ্টা হিসেবে কাজ করছিলেন তখন তিনি তাদেরকে বোঝান বিভিন্ন যৌন সমস্যার বিষয়ে লোকজনকে পরামর্শ দেওয়া ও যৌন-শিক্ষার বিষয়ে কাজ শুরু করার জন্য। সেসময় ভারতে যৌনতার বিষয়ে কথা বলা খুব একটা সহজ ছিল না। অনেকেই তার পরামর্শকে পর্নোগ্রাফি হিসেবে বিবেচনা করতেন। শুধু তাই নয়, স্বাস্থ্য খাতের অনেক পেশাজীবীও মনে করতেন এসব ""বিজ্ঞানসম্মত নয়।"" তা সত্ত্বেও পরিবার পরিকল্পনা সমিতি তাকে সমর্থন করে এবং ভারতে প্রথমবারের মতো যৌন-শিক্ষা, উপদেশ ও চিকিৎসার জন্য একটি সেন্টার প্রতিষ্ঠা করে। ড. ওয়াতসা মুম্বাই শহরের একটি মেডিকেল কলেজে পড়ার সময় তার পিতামাতার পরিচিত একটি যৌথ পরিবারের সঙ্গে বসবাস করতেন। সেখানেই তার পরিচয় হয় প্রমীলার সঙ্গে যাকে পরে তিনি বিয়ে করেছেন। তারা কিছুদিন ব্রিটেনেও বসবাস করেছেন। পরে তার পিতা অসুস্থ হলে তিনি ভারতে ফিরে যান এবং গ্ল্যাক্সোতে মেডিকেল অফিসার হিসেবে কাজ করেন। সেসময় তিনি ধাত্রীবিদ্যা বিশারদ ও স্ত্রীরোগ বিশেষজ্ঞ হিসেবেও চেম্বারে রোগী দেখতেন। ""কখনও কখনও এমন হয়েছে যে সারা রাত ধরে বাচ্চা জন্ম দেওয়ার কাজ করে পরের দিন আমি অফিসে কাজ করতে গেছি,"" বলেন তিনি। আরো পড়তে পারেন: যৌন শিক্ষা: বাংলাদেশে কী পড়ানো হচ্ছে শ্রেণীকক্ষে না বুঝেই যৌন সম্পর্কে জড়াচ্ছে কিশোরীরা, বলছেন শিক্ষক নানা দেশের মানুষের যৌনজীবন: মজার কিছু তথ্য ড. মাহিন্দার ওয়াতসা তিনি সমবেদনা সঙ্গে পাঠকদের প্রশ্নের জবাব দিতেন। তার সঙ্গে তিনি কৌতুকও করতেন। এখানে কিছু নমুনা তুলে ধরা হলো: প্রশ্ন:দু'দিন আগে আমার বান্ধবীর সঙ্গে অনিরাপদ সঙ্গম করি। গর্ভধারণ ঠেকাতে আমরা আই-পিল (জরুরি গর্ভ-নিরোধক বড়ি) কিনে আনি কিন্তু উত্তেজনা-বশত ওষুধটি তার পরিবর্তে আমি খেয়ে ফেলেছি। এর ফলে আমার কি কোন সমস্যা হতে পারে? উত্তর: পরের বেলায় অনুগ্রহ করে কনডম ব্যবহার করবেন এবং মনে রাখবেন সেটিও যেন গিলে না ফেলেন। প্রশ্ন: আমি শুনেছি যে কোন ধরনের অ্যাসিডিক জিনিস নাকি গর্ভধারণ ঠেকাতে পারে। সঙ্গম করার পর আমি কি আমার বান্ধবীর যোনিতে কয়েক ফোটা লেবু বা কমলালেবুর রস ফেলতে পারি? এজন্য কি তার ক্ষতি হবে? উত্তর: আপনি কি ভেল পুরি বিক্রেতা? এই অদ্ভুত ধারণা আপনি কোথায় পেয়েছেন? জন্ম নিয়ন্ত্রণের জন্য আরো অনেক সহজ ও নিরাপদ উপায় আছে। আপনি কনডম ব্যবহারের কথা বিবেচনা করতে পারেন। প্রশ্ন: দিনে চারবার সঙ্গম করার পর পরের দিন আমি দুর্বল বোধ করি। প্রায় পাঁচ মিনিট ধরে আমি কিছু দেখতে পাই না। অনুগ্রহ করে সাহায্য করবেন। উত্তর: আপনি কী আশা করেন? আপনি কি আনন্দে চিৎকার করতে চান এবং বলতে চান যে শহরের মধ্যে আপনি সেরা? প্রশ্ন: আমার লিঙ্গ ছোট এবং আমার বান্ধবীকে আমি সন্তুষ্ট করতে পারি না। একজন জ্যোতির্বিজ্ঞানী পরামর্শ দিয়েছেন আমি যেন প্রতিদিন ওটা নিয়ে ১৫ মিনিট ধরে টানাটানি করি এবং সেসময় মন্ত্র পাঠ করি। এক মাস ধরে এটা করছি কিন্তু কোন কাজ হচ্ছে না। আমি কী করবো? উত্তর: তার কথা যদি ঠিক হতো তাহলে বেশিরভাগ পুরুষের লিঙ্গ তাদের হাঁটু পর্যন্ত লম্বা হতো। ঈশ্বর কখনো বোকা লোকদের সাহায্য করে না। একজন যৌন বিশেষজ্ঞের কাছে যান যিনি আপনাকে কিভাবে যৌন সম্পর্ক করতে হয় সেবিষয়ে শেখাতে পারবেন। প্রশ্ন: পরিবার থেকে আমার বিয়ের জন্য চাপ দেওয়া হচ্ছে। আমি কীভাবে নিশ্চিত হতে পারবো যে মেয়েটি কুমারী? উত্তর: আমি বলবো আপনি বিয়ে করবেন না। যদি না আপনি একজন গোয়েন্দা নিয়োগ করতে পারেন। এটা জানার কোন উপায় নেই।",ভারতের যৌন স্বাস্থ্য বিশেষজ্ঞ ড. মাহিন্দার ওয়াতসা মুম্বাই মিররে ১০ বছরেরও বেশি সময় যৌন সমস্যা নিয়ে পরামর্শমূলক কলাম লিখেছেন। কৌতুক ও সহজ ভাষায় যৌন শিক্ষার বিষয়গুলো ব্যাখ্যা করে তিনি প্রচলিত ট্যাবুগুলো ভাঙতে সাহায্য করেছেন।
"চট্টগ্রামের পুলিশ বলছে জিইসি মোড়ের কাছে মোটরসাইকেলে করে আসে দুর্বৃত্তরা, প্রথমে ছুরি দিয়ে আঘাত করে পরে এসপি বাবুল আক্তারের স্ত্রীকে। পাঁচলাইশ থানার ভারপ্রাপ্ত কর্মকর্তা মহিউদ্দিন মাহমুদ জানিয়েছেন আজ রোববার সকাল সাড়ে ছয়টা থেকে সাতটার মধ্যে মহানগরীর জিইসি মোড় এলাকায় এ ঘটনা ঘটে। পুলিশ কর্মকর্তা জানান , বাবুল আক্তারের স্ত্রী মাহমুদা আক্তার সকালে সন্তানকে স্কুলের বাসে তুলে দেবার উদ্দেশ্যে বাসা থেকে বের হন। বাসার কাছাকাছি জিইসি মোড়ের কাছে মোটরসাইকেলে আসা তিনজন মিসেস আক্তারকে প্রথমে ছুরিকাঘাত ও পরে গুলি করে পালিয়ে যায়। ঘটনাস্থলেই মাহমুদা আক্তারের মৃত্যু হয় হয়ে বলে জানান পুলিশ কর্মকর্তা মহিউদ্দিন মাহমুদ। চট্টগ্রাম মেডিকেল কলেজ হাসপাতালে পুলিশ সুপার বাবুল আক্তার। বাবুল আক্তার সবশেষ চট্টগ্রাম নগর গোয়েন্দা পুলিশের অতিরিক্ত উপকমিশনার হিসেবে দায়িত্ব পালন করছিলেন। সম্প্রতি পদোন্নতি পুলিশ সুপার হন বাবুল আক্তার। গত সপ্তাহে চট্টগ্রাম থেকে ঢাকায় পুলিশ সদর দপ্তরে যোগ দেন তিনি। স্বরাষ্ট্রমন্ত্রী আসাদুজ্জামান খান কামাল বলেছেন পুলিশ সুপার বাবুল আক্তারের স্ত্রী হত্যার ঘটনায় জঙ্গি সংশ্লিষ্টতা থাকতে পারে। চট্ট্রগ্রামের সাতকানিয়ায় বিজিবির এক অনুষ্ঠান শেষে স্বরাষ্ট্রমন্ত্রী বলেন, ""বাবুল আক্তার একজন সৎ, নির্ভীক ও পরিশ্রমী অফিসার। তিনি দীর্ঘদিন ধরে জঙ্গি দমনে নিরলসভাবে কাজ করে যাচ্ছেন। তাঁকে না পেয়ে তাঁর স্ত্রীকে টার্গেট করা হয়েছে। এর উপযুক্ত ব্যবস্থা নেওয়া হবে""।","চট্টগ্রামে পুলিশের উচ্চপদস্থ কর্মকর্তা বাবুল আক্তারের স্ত্রী মাহমুদা আক্তারকে জঙ্গিরা হত্যা করেছে বলে ধারণা করা হচ্ছে। বাবুল আক্তার দীর্ঘদিন ধরে জঙ্গিবিরোধী কার্যক্রম পরিচালনা করছিলেন, তাই প্রতিশোধ হিসেবে তার স্ত্রীকে টার্গেট করা হয়। "
"একদিন হঠাৎ করেই নাকি ওই নারী সাংবাদিক অফিসে এসেও অ্যাসাইনমেন্ট কাভার করার জন্য অফিসের বাইরে যেতে চাইলেন না। অ্যাসাইনমেন্ট এডিটর ওই নারী সাংবাদিকের বিরুদ্ধে অভিযোগ করলেন নিউজ এডিটরের কাছে। নিউজ এডিটর ভীষণ বিরক্ত হয়ে এ ব্যাপারে ওই নারীর কাছে কৈফিয়ত চাইলেন। ওই নারী সোজাসুজি জানিয়েছিল যে তার পিরিয়ড হয়েছে, সে অফিসের বাইরে যেতে অস্বস্তি বোধ করছে। কিন্তু যতদূর জেনেছি, নিউজ এডিটর ওই নারী সাংবাদিকের সমস্যাটি মানতে চাননি। ফলে নিউজ এডিটর বলেছে, আপনাকে অ্যাসাইমেন্টে যেতে হবে, ওই নারী সাংবাদিক বলেছে না আমি যেতে পারবো না। এ নিয়ে দুজনের মধ্যে বেশ বাদানুবাদ লেগে যায় যা পরবর্তীতে অন্যান্য সংবাদ মাধ্যমের কর্মীরাও জেনে যায়। কেউ কেউ অবশ্য ভাবতে পারেন, বসের মুখের উপরে কথা বলা অবাধ্যতা, তাদের জেনে রাখা উচিত, মেজাজ খিঁচড়ে যাওয়া একটি স্বাভাবিক ঋতুকালীন উপসর্গ। এটি ভিন্ন একটি সংবাদ মাধ্যমের ভেতরের ঘটনা। আমি যেসব সংবাদ মাধ্যমে কাজ করেছি, সেসব জায়গাতেও এমন অসংখ্য উদাহরণ দেখেছি। একদিন আমাদের একজন পুরুষ অ্যাসাইমেন্ট এডিটরকে দেখলাম, ডেস্কে বসে কয়েকজন পুরুষ সাংবাদিকের সামনে নারী সাংবাদিকদের নিয়ে রসিকতা করছেন। তাদের আলোচনার বিষয় হলো, প্রায়ই নাকি কোনো কোনো নারী সাংবাদিক অ্যাসাইমেন্ট এডিটরের কাছে এসে বলে, ""আগামীকাল আমি অসুস্থ থাকব, আমার ছুটি লাগবে""। অসুস্থতার আগাম খবর দেয়া এবং সে কারণে ছুটি নেয়া, ওই অ্যাসাইনমেন্ট এডিটরের কাছে নিতান্তই হাস্যকর একটি বিষয়। কোনো নারীর জীবনে যে নিজের অসুস্থতার আগাম তথ্য দেয়া সম্ভব, সে বিষয়ে কোনো ধারণাই নেই ওই অ্যাসাইনমেন্ট এডিটরের। পিরিয়ড নিয়ে অজ্ঞতার কারণেই কর্মস্থলে নারীদের অনেক সমস্যার মুখে পড়তে হচ্ছে। আমি নিজেও কম ভুক্তভোগী নই। ঋতুকালীন সময়গুলোতে ভীষণ পেটে ব্যথার কারণে হাঁটাচলা করতে পারতাম না বলে, মাঝে মাঝেই সর্দি-জ্বরের কথা বলে ছুটি নিতাম। তখন আবার আমাকে শুনতে হতো, ""হঠাৎ করে অসুস্থতার খবর দিলে অফিস চলবে কীভাবে? আপনার অ্যাসাইনমেন্টে কে যাবে এখন?"" তখন বাধ্য হয়ে আমাকে জবাব দিতে হতো, ""অসুখ তো হঠাৎ করেই হয়, আগে থেকে জানতে পারলে তো ছুটি নিয়ে রাখতাম।"" আমি সাংবাদিক, তাই সংবাদ মাধ্যমগুলোতে ঋতুকালীন সময়ে মেয়েরা কী ধরণের সমস্যার সম্মুখীন হয় তার কিছুটা তুলে ধরলাম। অন্যান্য পেশায় বিশেষ করে পুলিশ বা সেনাবাহিনীতে মেয়েরা এই সমস্যা কীভাবে মোকাবেলা করছে তা একটা গভীর চিন্তার বিষয়। সচরাচর মনে করা হয়, বস যদি নারী হন, তাহলে হয়তো মেয়েলি সমস্যাগুলো তারা বুঝতে পারেন। এটা একেবারেই ভুল ধারণা, ক্ষমতায় গেলে অনেক সময় নারীরাও হয়ে ওঠে পুরুষতান্ত্রিক। এ ধরণের সমস্যায় দু-একজন নারী বসকে বলতে দেখেছি, ""কই পিরিয়ডের সময় আমার তো অফিসে আসতে কোনো সমস্যা হয় না, তোমার এত সমস্যা হয় কেন?"" আমরা ভিন্নতা বা প্রতিটি মানুষ যে একজন আরেকজনের চেয়ে আলাদা, সে বিষয়টা মানতে চাই না। এটা একটা গুরুতর সমস্যা। আমি এমনও অনেক মেয়ের কথা শুনেছি, ঋতুকালীন সময়ে খুব সামান্যই অস্বস্তি বোধ করেন, তারা দিব্যি হাঁটা-চলা, এমনকি দৌড়াদৌড়িও করতে পারেন। কেউ কেউ আবার পিরিয়ড চলাকালীন প্রথম দুদিন বিছানা ছেড়েই উঠতে পারে না। পেটের ব্যথা কমানোর জন্য সারাদিন পেটে গরম পানির ব্যাগ নিয়ে শুয়ে থাকেন। গবেষণায় দেখা গেছে পুরুষের চেয়ে নারীরা বেশি পরিশ্রমী হয়। কেউ কেউ বমি করেন, কেউ মাথা ঘুরে পড়ে যান। কেউ কেউ পিরিয়ড শুরু হওয়ার দুদিন আগে থেকে বুঝতে পারেন, দুদিন পরে তার পিরিয়ড শুরু হবে। কেউ কেউ বুঝতেই পারে না যে তার পিরিয়ড শুরু হয়েছে। দেখা গেল, অফিসে এসে হাঁটাচলা করছেন, এমন সময় একজন নারী সহকর্মী এসে কানে কানে বলে দিলেন, "" এই মেয়ে, তোমার জামার পেছনে কীসের দাগ?"" আবার অনেকে আছে, যাদের নিয়মিত পিরিয়ড হয় না। দুই-তিন মাস পরপর হঠাৎ একদিন পিরিয়ড শুরু হলো, তো দশ-বারো দিন ধরে চলছেই। আমি বলবো না, অফিসে মেয়েরা এ ধরণের সমস্যায় পড়েন, এর কারণ পুরুষ সুপারভাইসরদের অজ্ঞতা। এটা গুগলের যুগ, গুগল করলেই সবকিছু জানা যায়। আমি বলবো, এটা এক ধরণের পুরুষতান্ত্রিকতা। মাসের পর মাস কর্মস্থলে নানা অজুহাতে মেয়েরা এই অস্বস্তিকর দিনগুলো থেকে মুক্তি পাওয়ার অজুহাত খুঁজছে। আর এই সুযোগে পুরুষ সুপারভাইসররা নারী কর্মীদেরকে ঊর্ধ্বতন কর্মকর্তাদের কাছে অযোগ্য প্রমাণে সফল হচ্ছে। ফলে বেতন বৃদ্ধি, পদোন্নতি সব ক্ষেত্রেই নারী কর্মীরা পুরুষদের চেয়ে পিছিয়ে পড়ছে। অথচ, পুরুষের এ ধরণের শারীরিক সমস্যা নেই, তারপরও পুরুষরা কিন্তু ঠিকই নানা অজুহাতে ছুটি নিচ্ছে। আমি বেশ কিছুদিন অ্যাসাইনমেন্ট এডিটরের সহযোগী হিসেবে দায়িত্ব পালন করতে গিয়ে দেখেছি, পুরুষ সংবাদ কর্মীরাও প্রায়ই সকাল বেলা অসুস্থতার কথা বলে ছুটি নিচ্ছে, কেউ কেউ আবার অ্যাসাইনমেন্টের সময় পার হয়ে যাচ্ছে, কিন্তু ঘুম থেকেই উঠতে পারে নাই। এমনও সময় গিয়েছে, যখন বৃষ্টির দিনে অ্যাসাইনমেন্ট কাভার করার জন্য আমার পুরুষ সহকর্মীটি সময় মতো পৌঁছতে পারেনি, তার হয়ে আমি গিয়েছি ওই অ্যাসাইনমেন্ট কাভার করতে। কিন্তু, অদক্ষ প্রমাণের বেলায় নারী কর্মীকেই বেছে নেয় পুরুষ সুপারভাইসররা। একারণেই হয়তো, অফিসে অফিসে উঁচু পদগুলো দখল করে বসে আছে পুরুষরা। অথচ, গবেষণা বলছে, নারীরা পুরুষদের চেয়ে বেশি পরিশ্রমী (বিস্তারিত জানতে এখানে ক্লিক করুন ) এই সমস্যাটার মূলে রয়েছে, মেয়েদের এই ঋতুকালীন সময়টাকে স্বীকৃতি না দেয়া। কিছু ব্যতিক্রম ছাড়া, গর্ভবতী নারীরা এখন বাংলাদেশে ছয় মাসের সবেতন ছুটি পাচ্ছে, কারণ সেটি সরকারিভাবে স্বীকৃত। মেয়েদের ঋতুকালীন সময়টাকে স্বীকৃতি দেয়া হয়নি বলেই এ সমস্যা বাড়ছে। অথচ, এশিয়ার অন্যান্য দেশের দিকে তাকান, অনেক আগেই সেসব দেশে সবেতন ঋতুকালীন ছুটি দেয়া শুরু হয়েছে। আইন অনুযায়ী, ইন্দোনেশিয়ান নারীরা দুদিনের ঋতুকালীন ছুটির আবেদন করতে পারেন। দ্বিতীয় বিশ্বযুদ্ধ শেষ হওয়ার পর থেকেই নারীর জন্য ঋতুকালীন ছুটি দেয়া শুরু করে জাপান। তাইওয়ান ২০১৩ সাল থেকে তিন দিনের ঋতুকালীন ছুটি দেয়া শুরু করে আর ২০০১ সাল থেকে দক্ষিণ কোরিয়া এই ছুটি দেয়া শুরু করে। ২০১৬ সাল থেকে চীনের কোনো কোনো সংস্থা নারীর জন্য ঋতুকালীন ছুটি দেয়া শুরু করে। অত দূরেও যেতে হবে না। আমাদের প্রতিবেশী দেশ ভারতেরও দুটি সংস্থা সম্প্রতি তাদের নারী কর্মীদের সবেতন ছুটি দেয়ার ঘোষণা দিয়েছে (বিস্তারিত জানতে এখানে ক্লিক করুন ) আর কতদিন অপেক্ষা করতে হবে বাংলাদেশের নারীদের? বাংলাদেশের সরকারি প্রতিষ্ঠানগুলোর পাশাপাশি বেসরকারি অনেক প্রতিষ্ঠান এখন দুদিনের সাপ্তাহিক ছুটি দিচ্ছে, আগে এই ছুটি ছিল মাত্র একদিন। আমি বলবো, একজন কর্মীর দুদিন সাপ্তাহিক ছুটি পাওয়ার চেয়ে একজন ঋতুমতী নারীর ঋতুকালীন ছুটি পাওয়া অনেক জরুরি। কিন্তু বেড়ালের গলায় ঘণ্টা পরাবে কে? সমাজের রন্ধ্রে রন্ধ্রে রয়েছে পুরুষতান্ত্রিকতা। প্রতিষ্ঠানের বড় কর্তা কি চাইবে, নিজের আরামের দুদিন সাপ্তাহিক ছুটি বন্ধ করে, নারীদের ঋতুকালীন ছুটি দিতে? তবে, কোনো প্রতিষ্ঠান যদি কর্মীদের দুদিন সাপ্তাহিক ছুটি দেয়ার পাশাপাশি নারীদের ঋতুকালীন ছুটি দিতে পারে, তাহলে তো কোনো কথাই নেই। এ সবই নির্ভর করে প্রতিষ্ঠানটি কতটা নারীবান্ধব, তার উপর।","নারী সাংবাদিকরা কর্মস্থলে ঋতুস্রাবজনিত সমস্যার জন্য ছুটি চাইলে তা গুরুত্বসহ বিবেচনা করা হয় না, বরং তাদের অবাধ্য মনে করা হয়। অনেক দেশ কর্মীদের ঋতুস্রাবকালীন ছুটি দিলেও বাংলাদেশে এখনো এ বিষয়ে তেমন অগ্রগতি হয়নি।"
"যুক্তরাষ্ট্রের অভিযোগ সবসময়ই অস্বীকার করেছে পাকিস্তান। ডোনাল্ড ট্রাম্পের বিরুদ্ধে পাকিস্তানিদের বিক্ষোভ। মার্কিন প্রতিরক্ষা দপ্তর পেন্টাগন বলছে, জঙ্গি গ্রুপগুলোকে মোকাবেলা করতে ইসলামাবাদ ব্যর্থ হওয়ায় এই অর্থ সাহায্য বাতিল করা হয়েছে। তারা বলছে, জঙ্গি মোকাবেলায় পাকিস্তান কার্যত কোন ব্যবস্থা নিতে পারেনি। এর আগে, পাকিস্তান থেকে আরো ৫০ কোটি ডলারের একটি সাহায্য প্রত্যাহার করে নেওয়া হয়েছে। প্রেসিডেন্ট ট্রাম্প এর আগে পাকিস্তানের বিরুদ্ধে অভিযোগ তুলেছেন যে শত শত কোটি ডলার অর্থ সাহায্য দেওয়া সত্ত্বেও ইসলামাবাদ যুক্তরাষ্ট্রের সাথে প্রতারণা করছে। পেন্টাগনের মুখপাত্র লে. কর্নেল কোন ফকনার বলেছেন, অন্যান্য আরো যেসব বিষয়ে যুক্তরাষ্ট্রের 'জরুরী ভিত্তিতে অগ্রাধিকার' দেওয়া দরকার এই অর্থ এখন সেসব খাতের পেছনে খরচ করা হবে। তবে এই সিদ্ধান্ত কার্যকর হওয়ার জন্যে মার্কিন কংগ্রেসের অনুমোদনের প্রয়োজন। পাকিস্তান যুক্তরাষ্ট্রের ঘনিষ্ঠ মিত্র হওয়া সত্ত্বেও মার্কিন পররাষ্ট্র দপ্তর ইসলামাবাদের বিরুদ্ধে কড়া অভিযোগ তুলেছে যে দেশটির ভেতরে যেসব সন্ত্রাসী নেটওয়ার্ক তৎপরতা চালিয়ে যাচ্ছে তাদের বিরুদ্ধে পাকিস্তান কার্যকর কোন পদক্ষেপ নিচ্ছে না। এসব জঙ্গি গ্রুপের মধ্যে রয়েছে হাক্কানি নেটওয়ার্ক এবং আফগান তালেবান। ""সব সন্ত্রাসী নেটওয়ার্কের বিরুদ্ধে ব্যবস্থা নেওয়ার জন্যে আমরা পাকিস্তানের উপর আমাদের চাপ অব্যাহত রাখবো,"" শনিবার এক বিবৃতিতে একথা বলেন কর্নেল ফকনার। তিনি বলেন, ""এই অর্থ সাহায্য আগে স্থগিত করা হয়েছিল। এই অর্থ এখন অন্যত্র খরচ করা হবে।"" পাকিস্তানের নতুন প্রধানমন্ত্রী ইমরান খানের সাথে বৈঠক করার জন্যে যুক্তরাষ্ট্রের পররাষ্ট্রমন্ত্রী মাইক পম্পেওর খুব শীঘ্রই ইসলামাবাদে যাওয়ার কথা রয়েছে। এবং তার এই সফরের আগেই যুক্তরাষ্ট্রের পক্ষ থেকে অর্থ সাহায্য প্রত্যাহার করে নেওয়ার কথা ঘোষণা করা হলো। এর আগে জানুয়ারি মাসে যুক্তরাষ্ট্রের সরকার ঘোষণা করেছিল যে তারা পাকিস্তানকে নিরাপত্তা খাতে দেওয়া তাদের অর্থ সাহায্য কাটছাট করতে যাচ্ছে। যুক্তরাষ্ট্রসহ পশ্চিমা আরো অনেক দেশই পাকিস্তানের দিকে দীর্ঘদিন ধরে আঙ্গুল তুলে বলে আসছে যে পাকিস্তানের ভেতরে তৎপরত সন্ত্রাসী নেটওয়ার্কের বিরুদ্ধে কর্তৃপক্ষ ব্যবস্থা নিচ্ছে না। আফগানিস্তানের সীমান্ত পাড়ি দিয়ে তারা সেখানে হামলা পরিচালনা করছে। কিন্তু ইসলামাবাদ এই অভিযোগ সবসময়ই প্রত্যাখ্যান করেছে। যুক্তরাষ্ট্রের সর্বশেষ এই সিদ্ধান্তের বিষয়ে পাকিস্তান সরকার থেকে এখনও পর্যন্ত কোন মন্তব্য করা হয়নি। আরো পড়তে পারেন: ঢাকার পল্টনে যে তিনটি দাবী জানালো বিএনপি গ্রীষ্ম মণ্ডলে ফসল ধ্বংসের কারণ হবে পোকামাকড় ‘ভূতুড়ে জাহাজটি’র গন্তব্য ছিল বাংলাদেশ যুক্তরাষ্ট্রের ঘনিষ্ঠ মিত্র পাকিস্তান। কিন্তু সম্প্রতি এই সম্পর্কে চিড় ধরেছে। তবে এর আগে গত জানুয়ারি মাসে যখন এরকম একটি ঘোষণা দেওয়া হয়েছিল তখন পাকিস্তানের সামরিক বাহিনীর পক্ষ থেকে বলা হয়েছিল: ""পাকিস্তান কখনও অর্থের জন্যে সন্ত্রাসীদের বিরুদ্ধে লড়াই করেনি। করেছে শান্তি প্রতিষ্ঠার জন্যে।"" ইসলামাবাদ বলছে, ""প্রচুর রক্তপাত ও সম্পদের বিনিময়ে পাকিস্তান জঙ্গিদের বিরুদ্ধে ব্যবস্থা নিচ্ছে।"" কারা এই কথিত নেটওয়ার্ক হাক্কানি নেটওয়ার্ক একটি জঙ্গি গ্রুপ যাদের তৎপরতা মূলত প্রতিবেশী আফগানিস্তানে। কাবুলের দীর্ঘদিনের অভিযোগ যে পাকিস্তানের সহযোগিতায়ই নেটওয়ার্কের জঙ্গিরা আফগানিস্তানের ভেতরে ঢুকে সন্ত্রাসী তৎপরতা পরিচালনা করছে। এই গ্রুপটির সাথে সম্পর্ক আছে আফগান তালেবানের। আফগান সরকারের জন্যে বড়ো ধরনের হুমকি এই আফগান তালেবান বাহিনী। আফগান তালেবানের সাথে সম্পর্ক আছে পাকিস্তানি তালেবানের যারা বিভিন্ন সময়ে পাকিস্তানের ভেতরে হামলা চালিয়েছে। এই হাক্কানি নেটওয়ার্ক এবং আফগান তালেবান আফগানিস্তানের ভেতরে বেশকিছু হামলা চালিয়েছে যাতে নিহত হয়েছে যুক্তরাষ্ট্রের সৈন্য ও কর্মকর্তারাও। যুক্তরাষ্ট্রের কর্মকর্তাদের অভিযোগ যে পাকিস্তানের সামরিক গোয়েন্দা সংস্থা আএসআই এসব জঙ্গিদের সমর্থন দিচ্ছে। পাকিস্তান কেন তাদের সমর্থন দেবে? পাকিস্তানের বিরুদ্ধে দীর্ঘদিনের অভিযোগ যে দেশটি তাদের পররাষ্ট্র নীতির স্বার্থে আফগান তালেবানকে ব্যবহার করে থাকে। ১৯৭৯ সালে তৎকালীন সোভিয়েত ইউনিয়ন আফগানিস্তানে সৈন্য পাঠানোর পর পাকিস্তানের গোয়েন্দা সংস্থা আইএসআই আফগানিস্তানের ভেতরে জঙ্গিদের অর্থ সাহায্য ও প্রশিক্ষণ দিতে শুরু করে। ২০০১ সালের পর থেকে আফগানিস্তান যুদ্ধের সময় পাকিস্তানের ভেতর দিয়ে সেখানে পশ্চিমা সৈন্য কিম্বা রসদ পাঠানো হয় এবং আল কায়দার মতো জঙ্গিদের বিরুদ্ধে লড়াই-এ তারা পশ্চিমা দেশগুলোকে সহায়তা দেয়। কিন্তু অনেক বিশ্লেষক মনে করেন, এর মধ্যেও পাকিস্তান জঙ্গিদের আশ্রয় প্রশ্রয় দেওয়া অব্যাহত রেখেছে। তারা বলছেন, পাকিস্তানের লক্ষ্য হচ্ছে আফগানিস্তানে ভারতের প্রভাব সীমিত করা।","যুক্তরাষ্ট্র পাকিস্তানের সন্ত্রাসবাদ মোকাবিলায় ব্যর্থতার অভিযোগ তুলে ৩০০ মিলিয়ন ডলারের সামরিক সহায়তা বাতিল করেছে। পাকিস্তান এ অভিযোগ অস্বীকার করলেও মার্কিন প্রশাসন বলছে, আফগান তালেবান ও হাক্কানি নেটওয়ার্কের বিরুদ্ধে তারা কার্যকর ব্যবস্থা নিচ্ছে না। "
"১৯৬৯ সালের ২৭ জুন এল সালভেডর ফুটবল দল। সে সংঘাতটি এখনো ফুটবল যুদ্ধ হিসেবে স্মরণ করা হয়। মেক্সিকো সিটির আজটেকা স্টেডিয়ামে অনুষ্ঠিত ম্যাচটি ৯০ মিনিট খেলা শেষে ২-২ গোলে ড্র ছিল। কয়েক সপ্তাহের মধ্যে এটি ছিল হন্ডুরাস এবং এল সালভেডর-এর মধ্যে তৃতীয় ম্যাচ। ১৯৭০ সালে বিশ্বকাপ ফুটবল টুর্নামেন্টে খেলা নিয়ে অনিশ্চয়তা তৈরি হয়। এর আগে দুই দেশের কেউ বিশ্বকাপ ফুটবলে খেলতে পারেনি। হন্ডুরাসে অনুষ্ঠিত প্রথম ম্যাচে স্বাগতিকরা ১-০ গোলে জয়লাভ করে। এরপর ফিরতি ম্যাচে এল সালভেডর তাদের দেশের মাটিকে ৩-০ গোলে হারায় হন্ডুরাসকে। ফলে চূড়ান্ত আরেকটি ম্যাচ খেলার প্রয়োজন হয়ে পড়ে। তৃতীয় ম্যাচে খেলা যখন অতিরিক্ত সময়ে ১১ মিনিট পর্যন্ত গড়ায় তখন এল সালভেডর আরেকটি গোল দিয়ে এগিয়ে এগিয়ে যায়। শেষ পর্যন্ত ৩-২ গোলে জয়লাভ করে মাঠ ছাড়ে এল সালভেডর। এল সালভেডর-এর হাজার-হাজার মানুষ হন্ডুরাস ত্যাগ করে। সেই ম্যাচের ৫০ বছর পরে গোলদাতা রদ্রিগেজ বলেন, "" আমি যখন গোল করি, তখন আমার মনে হয়েছিল যে তাদের পক্ষে এতো কম সময়ে গোল শোধ করা সম্ভব না। জয়ের ব্যাপারে আমি নিশ্চিত ছিলাম।"" সেই ম্যাচের তিন সপ্তাহের মধ্যে উভয় দেশ যুদ্ধে জড়িয়ে পড়ে। ১৯৬৯ সালে এল সালভেডর-এর জনসংখ্যা ছিল ৩০ লাখ। দেশটি নিয়ন্ত্রণ করতো জমির মালিকরা। কৃষকদের জন্য খুব কম জমি ছিল। অন্যদিকে এল সালভেডর-এর তুলনায় হন্ডুরাস ছিল পাঁচগুণ বড় এবং জনসংখ্যা ছিল ২৩ লাখ। হন্ডুরাসও নিয়ন্ত্রিত হতো জমির মালিকদের দ্বারা। ফলে এল সালভেডর-এর অনেক মানুষ হন্ডুরাসে যেত কৃষিজমিতে চাষাবাদের আশায়। একই সাথে মার্কিন ফলের কোম্পানিগুলোতে কাজ করার একটি আশাও ছিল তাদের মনের ভেতরে। ততদিনে এল সালভেডর-এর প্রায় তিন লক্ষ মানুষ হন্ডুরাসে গিয়ে বসবাস করছিল। এ বিষয়টি হন্ডুরাসের কৃষকদের মনে ক্ষোভ তৈরি করে। ক্ষোভ প্রশমনের জন্য দেশটির সরকার ভূমি সংস্কার আইন করে। এই সংস্কারের উদ্দেশ্য অধিক জমির মালিক কিংবা আমেরিকার ফল কোস্পানীগুলো নয়। যেসব জায়গায় এল সালভেডর থেকে অভিবাসীরা বসবাস করছে সেগুলো ছিল লক্ষ্যবস্তু। দুই দেশ যুদ্ধ বিমান ব্যবহার করে এক পর্যায়ে এল সালভেডর থেকে আসা অভিবাসীদের বিতাড়ন শুরু করে হন্ডুরাস সরকার। একই সাথে দু্ই দেশের মধ্যে স্থল এবং সমুদ্র সীমা নিয়ে বিরোধ ছিল। সে সময়ের ঘটনা প্রবাহ নিয়ে বই লিখেছেন ড্যান হেজড্রন। তিনি বলেন, "" সে যুদ্ধটি ছিল ভূমি নিয়ে । একটি ছোট দেশে অধিক সংখ্যক মানুষের বসবাস।"" যখন হন্ডুরাস থেকে অভিবাসীদের বিতাড়ন শুরু হয়, তখন এল সালভেডর-এর সরকার তাদের সামাল দিতে হিমশিম কেতে শুরু করে। তখন দেশটির ভূমি মালিকরা সরকারকে চাপ দিতে থাকে সামরিক পদক্ষেপ নেবার জন্য। সংবাদপত্রে নানা ধরনের নির্যাতন এবং ধর্ষণের কাহিনীও ছাপা হয়। দুই দেশের মধ্যে যখন উত্তেজনা চরমে তখন ফুটবল ম্যাচটি অনুষ্ঠিত হয়। খেলোয়াড় রদ্রিগেজ বলেন, "" আমাদের মনে হয়েছিল এল সালভেডরকে জেতানো দেশপ্রেমের মতো দায়িত্ব।আমরা সবাই হেরে যাবার আতঙ্কে ছিলাম। মনে হয়েছিল যদি হেরে যাই তাহলে সে অপমান আমাদের বাকি জীবন তাড়িয়ে বেড়াবে।"" ""কিন্তু সে জয়ের গুরুত্ব সম্পর্কে আমরা অবহিত ছিলাম না। আমরা জানতাম না যে এ জয় যুদ্ধের প্রতীক হিসেবে ব্যবহৃত হবে।"" জুন মাসের ২৭ তারিখে মেক্সিকোর রাজধানীতে যখন হন্ডুরাস এবং এল সালভেডর ফুটবল ম্যাচের জন্য প্রস্তুতি নিচ্ছিল , তখন খবর আসে যে এল সালভেডর কূটনীতিক সম্পর্ক ছিন্ন করেছে হন্ডুরাসের সাথে। রদ্রিগেজ বলেন, ""সে গোলটি ছাড়াও যুদ্ধ হতোই।"" পরবর্তীতে উভয় দেশের মধ্যে সীমান্ত সংঘাত আরো জোরদার হয়েছে। এল সালভেডর তাদের সৈন্যদের হন্ডুরাসের ভেতরে আক্রমণ করার নির্দেশ দেয়। যুদ্ধ বিমান থেকে বোমা ফেলার নির্দেশও দেয়া হয়। অন্যদিকে হন্ডুরাসও প্রতিশোধের জন্য তৈরি হয়ে যায়। একপর্যায়ে ১৮ জুলাই আমেরিকার মধ্যস্থতায় যুদ্ধবিরতি হয়। কিন্তু এ কয়েকদিনে প্রায় তিন হাজার মানুষ মারা যায়, যাদের মধ্যে বেশিরভাগ হন্ডুরাসের বেসামরিক নাগরিক। অনেকে বাস্তু-চ্যুত হয়। রদ্রিগেজ-এর বয়স এখন ৭৩ বছর। তিনি বলেন, "" জয় নির্ধারনী সে গোলটি নিয়ে আমার গর্ব ছিল সবসময়।"" "" একটা বিষয়ে আমি নিশ্চিত যে খেলায় আমাদের বিজয়কে রাজনীতিবিদরা এল সালভেডর-এর ইমেজ বাড়ানোর জন্য কাজে লাগায়।"" কিন্তু উভয় দেশের খেলোয়াড়রা পরষ্পরকে শত্রু বলে মনে করতো না। রদ্রিগেজ বলেন, তারা শুধু খেলার মাঠে পরস্পরকে খেলার প্রতিপক্ষ মনে করতো।","১৯৬৯ সালে বিশ্বকাপ বাছাইপর্বের খেলাকে কেন্দ্র করে এল সালভেদর ও হন্ডুরাসের মধ্যে একটি যুদ্ধ শুরু হয়, যা ""ফুটবল যুদ্ধ"" নামে পরিচিত। রাজনৈতিক ও সামাজিক উত্তেজনার জেরে এই সংঘর্ষে প্রায় তিন হাজার মানুষ নিহত হয়। "
"সকালের দিকে সিলেটে ভোটারদের লম্বা লাইন ভোটকেন্দ্র দখল এবং কেন্দ্রে এজেন্ট থাকতে না দেয়াসহ বিভিন্ন অভিযোগে বরিশালে বিএনপির মেয়র প্রার্থীসহ মোট চারজন প্রার্থী নির্বাচন বর্জন করেন। তিনটি সিটি কর্পোরেশনেই বিরোধীরা কারচুপির নানান অভিযোগ তুললেও ক্ষমতাসীন দলের প্রার্থীরা সুষ্ঠুভাবে ভোট হয়েছে বলে দাবি করেছেন। রাজশাহী এবং সিলেটে বিরোধী দল বিএনপির প্রার্থীরা অনিয়মের নানা অভিযোগ তুললেও তারা শেষ পর্যন্ত ভোটের মাঠে ছিলেন। কিন্তু বরিশালে বিএনপির মেয়র প্রার্থী মজিবুর রহমান সরোয়ার ভোটের মাঝপথে নির্বাচন থেকে সরে দাঁড়ান। বরিশালে নির্বাচন বর্জন সাংবাদিকদের তিনি বলেছেন, প্রশাসনের সামনে যে ঘটনা ঘটলো, বরিশালবাসী যা প্রত্যক্ষ করলো, এরপর আমরা আর বসে থাকতে পারি না। এই নির্বাচনকে আমরা প্রত্যাখ্যান করছি""- বলেন মি. সরোয়ার। এরপর বরিশালের আরও তিনজন মেয়র প্রার্থী - বাসদের মনীষা চক্রবর্তী, ইসলামী আন্দোলনের ওবাইদুর রহমান এবং জাতীয় পার্টির ইকবাল হোসেন নির্বাচন বর্জন করেন। তারা নির্বাচন থেকে সরে দাঁড়ানোর পর একতরফা নির্বাচন হয়েছে বলে স্থানীয় সাংবাদিকরা বলছেন। নির্বাচন বর্জনের ঘোষণার পর বরিশালে বিএনপির বিক্ষোভ আরো পড়তে পারেন: আসামের ৪০ লাখ অবৈধ বিদেশি এখন কোথায় যাবে? নাগরিকের তালিকা: অশান্ত হয়ে উঠতে পারে আসাম? ঢাকার সড়ক নিরাপদ করা যাচ্ছে না কেন? কিন্তু সেখানে কী পরিস্থিতি হয়েছিল যে চারজন মেয়র প্রার্থী নির্বাচন বর্জন করেন? বরিশালের সাংবাদিক শাহিনা আজমিন বলছেন, ""ভালোভাবেই সবকিছু শুরু হয়েছিল কিন্তু কিছুক্ষণ যেতে না যেতেই দেখা গেল ভোটারদের ভোট দিতে দেওয়া হচ্ছে না, প্রার্থীদের এজেন্টদের আসতে দেওয়া হচ্ছে না, তাদেরকে বের করে দেওয়া হচ্ছে- এধরনের অভিযোগ আসতে শুরু করে। এই পরিস্থিতিতে দুপুরের দিকে বিএনপির প্রার্থী নির্বাচন বর্জনের ঘোষণা দেন। তারপর ভোট কেন্দ্রগুলোতে আমরা নির্বাচনের পরিবেশ আর দেখিনি।"" রাজশাহীতে অনিয়মের অভিযোগ রাজশাহীতে ভোট দিতে না পেরে একটি কেন্দ্রের সামনে অনেক ভোটার বিক্ষোভ করেছেন। আরেকটি কেন্দ্রে দুপুরেই মেয়র পদের ব্যালট পেপার শেষ হয়ে যাওয়ার প্রতিবাদে বিএনপির মেয়র প্রার্থী মোসাদ্দেক হোসেন বুলবুল ঐ কেন্দ্রের সামনে ভোট শেষ হওয়া পর্যন্ত অবস্থান নিয়েছিলেন। ভোট কেন্দ্রে বিএনপির মেয়র প্রার্থীর এজেন্টকে থাকতে না দেয়া এবং জোর করে ব্যালট নিয়ে সিল মারাসহ নানান অনিয়মের অভিযোগ এসেছে। স্থানীয় সাংবাদিক আনোয়ার আলী বলেছেন, সকাল থেকেই নারী এবং পুরুষ ভোটারদের ভিড় তিনি দেখেছেন। কিন্তু কেন্দ্রের ভেতরে ও বাইরে ক্ষমতাসীন আওয়ামী লীগের প্রার্থীর সমর্থকদেরই নিয়ন্ত্রণ তার চোখে পড়েছে। ""এজেন্ট না থাকা, ব্যালট পেপার ফুরিয়ে যাওয়া এসব তো ছিলই। নৌকা মার্কার পক্ষেই বেশি জনসমাগম দেখা গেছে। কিন্তু অন্য কোন প্রার্থীর সমর্থকদের সেভাবে দেখা যায় নি,"" বলেন তিনি। সিলেটেও একতরফা সিল সিলেট থেকেও নির্বাচনের একই চিত্র পাওয়া গেছে। স্থানীয় সাংবাদিক আহমেদ নূর জানিয়েছেন, একটি কেন্দ্রের ভিতরে আওয়ামী লীগ প্রার্থীর সমর্থনে ব্যালট পেপারে একতরফা সিল মারার ঘটনার সময় পুলিশ সেখানে ফাঁকা গুলি ছুঁড়েছে। সিলেটের একটি কেন্দ্র দখল করে জাল ভোট দেওয়ার ঘটনায় ফাঁকা গুলি করেছে পুলিশ। তিনি বিভিন্ন কেন্দ্র বিএনপির মেয়র প্রার্থীর এজেন্টদেরও দেখতে পাননি বলে জানিয়েছেন। তিনি জানিয়েছেন, ভোট কেন্দ্রগুলোতে সকালে নারী পুরুষের ভিড় থাকলেও বিভিন্ন অভিযোগ ওঠার পরে তাদের সংখ্যা একেবারেই কম ছিল। সিলেট থেকে একজন নির্বাচন পর্যবেক্ষক শাহ শাহেদা আকতারও বলেছেন, বিভিন্ন দলের প্রার্থী থাকলেও একতরফা নির্বাচন হয়েছে বলে তার মনে হয়েছে। তিনি বলেন, ""দুপুরের পর থেকেই কোন কোন কেন্দ্র একটি দলের এজেন্টদের পক্ষে চলে গেছে। আবার কোথাও কোথাও ভালো নির্বাচন হয়েছে। তবে বেশিরভাগ জায়গাতেই ছিল বিশৃঙ্খল পরিস্থিতি।"" তবে তিনটি সিটি কর্পোরেশনেই আওয়ামী লীগের মেয়র প্রার্থীরা নির্বাচন সুষ্ঠু হয়েছে বলে দাবি করেছেন।","বরিশাল, রাজশাহী ও সিলেট সিটি নির্বাচনে ব্যাপক অনিয়ম ও জাল ভোটের অভিযোগ ওঠে। বরিশালে বিএনপি প্রার্থীসহ চারজন নির্বাচন বর্জন করেন, তবে ক্ষমতাসীন দলের প্রার্থীরা নির্বাচনকে সুষ্ঠু দাবি করেছেন।"
"নাইজেরিয়ার ইভান্স উইলিয়াম বিছানা থেকে শুরু করে সবকিছু বিক্রি করে অবৈধভাবে ইউরোপ যাওয়ার চেষ্টায় ব্যর্থ হয়ে এখন নি:স্ব হয়ে পড়েছেন আন্তর্জাতিক অভিবাসন সংস্থা তাদের উদ্ধার করে বাড়ি পৌঁছিয়ে দিয়েছে। তাদের অনেকে সবকিছু বিক্রি করে সেই অর্থ দিয়ে দালালের মাধ্যমে অবৈধভাবে ইউরোপ যাওয়ার চেষ্টা করে। কিন্তু সেই পথে ব্যার্থ হয়ে সবকিছু হারিয়ে তাদের অনেকে এখন অনিশ্চিত ভবিষ্যত নিয়ে পরিবারের মুখোমুখি হচ্ছেন। এমনই একজন ইভান্স উইলিয়াম। ইউরোপ যাওয়ার স্বপ্ন পূরণের জন্য তাঁর সবকিছুই তিনি বিক্রি করেন। ""আমি অবৈধভাবে ইউরোপে যাওয়ার জন্য সবকিছু বিক্রি করেছি। কিন্তু নিঃস্ব হয়ে বাড়ি ফিরেছি।"" তিনি তার বিছানা, ফ্রিজ, টেলিভিশন, অতিরিক্ত কাপড় থেকে শুরু করে মোবাইল ফোন পর্যন্ত বিক্রি করে অর্থ যোগাড় করেন। এসব বিক্রি করে সেই অর্থ তিনি দালালদের দিয়েছিলেন। লিবিয়ার কোস্টগার্ড অভিযান চালিয়ে নৌকা ভর্তি নাইজেরিয়ার নাগরিকদের আটক করে, যারা অবৈধভাবে ইউরোপ যাওয়ার চেষ্টা করেছিল দালালরা তাকে নাইজেরিয়া থেকে সাহারা হয়ে লিবিয়া নিয়ে গিয়েছিল। অবধৈভাবে ইউরোপ নিয়ে যেতে দালালরা তাঁর কাছ থেকে এক হাজার ডলার নিয়েছিল। এ নিয়ে তখন তার কোন দুশ্চিন্তা ছিল না। তার ভাবনায় ছিল, এক সময় ইউরোপ পৌঁছে দ্রুত আয় করা যাবে। ইউরোপে আয়ের অর্থ জমিয়ে বাড়ি ফিরে নিজে ব্যবসা করার স্বপ্নও তাকে পেয়ে বসেছিল। কিন্তু ইভান্স উইলিয়ামের স্বপ্ন ভেঙ্গে যায়। লিবিয়ায় ছয় মাসের কঠিন সময় পার করতে তাকে। পাচারকারী চক্র বা দালালরা জোর করে তাকে দিয়ে সেখানে কাজ করায়। বিনিময়ে কোনো অর্থ বা খাবার কিছুই দেয় না। শেষপর্যন্ত সমুদ্র পাড়ি দিতে আরও অনেক অবৈধ অভিবাসীর সাথে তাকে নৌকায় তোলা হয়। তখন লিবিয়ার কোস্টগার্ড তাকেসহ ১৪০জনকে আটক করে বন্দী শিবিরে পাঠায়। জাতিসংঘের অভিবাসন সংস্থা ইভান্স উইলিয়ামসহ বাড়ি ফিরে যেতে ইচ্ছুকদের উদ্ধার করে। এরপর ইভান্স উইলিয়াম দক্ষিণ নাইজেরিয়ার বেনিন শহরে বাড়িতে ফিরে আসেন। সেখানে বিবিসির সংবাদদাতা তার সাথে কথা বলেছেন। অবৈধ অভিবাসনের চেষ্টার সময় যাদের উদ্ধার করে নাইজেরিয়ায় আনা হচ্ছে, সেখানে আনার পর তাদের স্বাস্থ্য পরীক্ষার ব্যবস্থা করা হয়েছে ইভান্স উইলিয়ামের মতো অন্যরাও কী বাড়ি ফিরতে চায়? ইভান্স উইলিয়াম শেষ পর্যন্ত ইউরোপ যাত্রায় ব্যর্থ হয়ে বাড়ি ফিরতে চেয়েছিল এবং ফিরে আসেন। কিন্তু অনেকেই বাড়ি ফিরতে চায় না। কারণ তাদের বাবা মা বা পরিবার সবকিছু বিক্রি করে অর্থ দিয়েছে। খালি হাতে ব্যর্থতা নিয়ে কিভাবে তারা স্বজনের সামনে গিয়ে দাঁড়াবে? এই প্রশ্ন তাদের তাড়া করে। ইভান্স এর সাথে একই ফ্লাইটে ছিলেন আবিবু। তার মা তাদের সম্বল একমাত্র জমি বিক্রি করে তাকে অর্থ দিয়েছিল ইউরোপ যাওয়ার জন্য। তিনি বলছিলেন, এখন ব্যর্থ হয়ে তাকে ফিরে আসতে হয়েছে, সেটা জানলে তার মা অসুস্থ হয়ে পড়বে। সেজন্য তিনি দেশে ফিরেও বাড়ি যাচ্ছেন না। তিনি যেন মায়ের সাথে ফোনে যোগাযোগ করে একবার বলেন যে, তিনি অন্তত বেঁচে আছেন। এই পরামর্শে তিনি রাজি হননি। তিনি বলেছেন, দু'বছর আগে লিবিয়ার একটি ডিটেনশন সেন্টার থেকে তিনি তার মাকে ফোন করেছিলেন। তার মা ধরেই নিয়েছিল যে তিনি দুই বছর ধরে ইউরোপে আছেন। ফলে সেই ফোন কলে খুশি না হয়ে তার মা একটাই প্রশ্ন করেছিলেন, ইউরোপে যাওনি?",নাইজেরিয়ার যুবকরা অবৈধভাবে ইউরোপ যেতে গিয়ে লিবিয়ায় আটকা পড়ছে এবং নিঃস্ব হয়ে দেশে ফিরছে। পাচারকারীরা অর্থ হাতিয়ে নিলেও তাদের অনেকেই সমুদ্র পাড়ি দিতে গিয়ে মৃত্যুর ঝুঁকি নিচ্ছে।  
"ইউরোপের বাইরের কোনো দল হিসেবে শেষবার বিশ্বকাপ জেতে ব্রাজিল, ২০০২ সালে আর্জেন্টিনা ফ্যানদের জন্য আশার কথা পরের বিশ্বকাপে মেসি'র বয়স হবে ৩৩, কাজেই তাঁর খেলার সম্ভাবনা রয়েছে। আর নেইমার, কুতিনিয়ো, ফার্মিনো আর হেসুসদের নিয়ে অভিজ্ঞ আর শক্তিশালী দল তৈরী করে কাতার বিশ্বকাপ মাতানোর স্বপ্ন দেখতেই পারেন ব্রাজিল ফ্যানরা। কিন্তু বাস্তবতা হলো, দক্ষিণ আমেরিকা আর ইউরোপের বাইরের দেশগুলোর জন্য পরের বিশ্বকাপগুলো জেতা আরো কঠিন হয়ে পড়বে। পরিকল্পিত অর্থায়ন আর সময়োপযোগী পদ্ধতিতে ফুটবল উন্নয়নের অবকাঠামো তৈরীর কারণে বিশ্ব ফুটবলে ইউরোপের আধিপত্য দিন দিন আরো শক্ত হবে বলে মনে করা হচ্ছে। আর এর পরিষ্কার ইঙ্গিত পাওয়া যাচ্ছে এখনই। ২০১৮ বিশ্বকাপ জিতে টানা চতুর্থবারের মত কোনো ইউরোপীয় দল হিসেবে বিশ্বকাপ জিতলো ফ্রান্স। বিশ্বকাপের ইতিহাসে এই প্রথমবারের মতো ঘটলো এমন ঘটনা। ২০০৬ এর বিশ্বকাপ থেকে দেখা যাবে, একমাত্র আর্জেন্টিনা (২০১৪) বাদে ইউরোপের বাইরের আর কোনো দেশ আসরের সেমিফাইনাল পর্যন্তই উঠতে পারেনি। ২০১৪ সালে জার্মানির বিশ্বকাপ জয় ছিল কোনো ইউরোপিয়ান দেশের টানা তৃতীয় বিশ্বকাপ শিরোপা যদিও এখন পর্যন্ত হওয়া ২১টি বিশ্বকাপে লাতিন আমেরিকানদের সাফল্যের ইতিহাস ঈর্ষণীয়। ইউরোপিয়ান দেশগুলোর ১২টি শিরোপার বিপরীতে লাতিন দলগুলোর শিরোপা ৯টি। কিন্তু দিনদিন এই ব্যবধান বাড়ছে। লোভনীয় স্পন্সরশিপ স্পন্সরশিপের পাওয়ার ক্ষেত্রে ইউরোপিয়ান দেশগুলোর জন্য অন্যতম প্রধান ভূমিকা পালন করে তাদের অর্থনৈতিক সচ্ছলতা। ফুটবলের জন্য লাতিন আমেরিকা বা ইউরোপের বাইরের দেশগুলোর চেয়ে বেশী অর্থ বরাদ্দ দেয়ার ক্ষমতা রাখে ইউরোপিয়ান দেশগুলো। কাজেই সেসব দেশে খেলোয়াড় তৈরী ও উন্নয়নের সম্ভাবনা বেশী থাকায় ঐসব দেশকে পৃষ্ঠপোষকতা করার প্রবণতা বেশী থাকে বাণিজ্যিক প্রতিষ্ঠানগুলোর। এক্ষেত্রে অধিকাংশ দক্ষিণ আমেরিকান দেশই অনেক পিছিয়ে। তবে এক্ষেত্রে ব্রাজিলের অবস্থা অন্যান্য লাতিন আমেরিকার দেশের চেয়ে ব্যতিক্রমী। ব্রাজিল সাধারণত স্পন্সরশিপের হিসেবে সুবিধা পেয়ে থাকে। তবে ব্রাজিলের এসব লোভনীয় স্পন্সর পাওয়ার পেছনে সাম্প্রতিক সাফল্যের চেয়ে অতীত ঐতিহ্যের ভূমিকাই বেশী। ২০১৮ বিশ্বকাপ জয়ের পর ফ্রান্স দল মেসি'র আর্জেন্টিনার ক্ষেত্রেও এই যুক্তি কার্যকর। ক্রীড়াপণ্য নির্মাতা অ্যাডিডাসের সাথে দুইবারের বিশ্বচ্যাম্পিয়নদের জার্সি স্পন্সরশিপের চুক্তির অর্থমূল্য বছরে ১১ মিলিয়ন ডলার, যা কখনো বিশ্বকাপ না জেতা রাশিয়ার সাথে অ্যাডিডাসের চুক্তির যে অর্থমূল্য - তার চেয়েও কম। জার্মান সংস্থাটির সাথে জার্মানি আর স্পেনের চুক্তির মূল্য যথাক্রমে ৫৮ মিলিয়ন ডলার আর ৪৭ মিলিয়ন ডলারে। জার্সি স্পন্সরশিপের অর্থমূল্যের বাজারে দরপতন হয়েছে ব্রাজিলেরও। আমেরিকান সংস্থাটি ফ্রান্স আর ইংল্যান্ডের সাথে চুক্তিবদ্ধ বছরে ৫০ মিলিয়ন ডলার আর ৪০ মিলিয়ন ডলারের বিনিময়ে। পাঁচবারের বিশ্বচ্যাম্পিয়নদের ক্ষেত্রে অঙ্কটা ৩৬ মিলিয়ন ডলার। নিশ্চিত স্লট বর্তমান পদ্ধতিতে বিশ্বকাপের ৩২টি দেশের মধ্যে ১৩টি ইউরোপিয়ান দেশ খেলার সুযোগ পায়। বাকি দলগুলোর মধ্যে আফ্রিকা থেকে ৫টি, লাতিন আমেরিকা আর এশিয়া থেকে ৪টি, উত্তর ও মধ্য আমেরিকা থেকে ৩টি এবং মহাদেশীয় প্লে-অফ থেকে তিনটি দল বিশ্বকাপের মূলপর্বে খেলার সুযোগ পায়। এই পদ্ধতিতে নিশ্চিতভাবে সবচেয়ে বেশী লাভবান হয় ইউরোপের দেশগুলো। কিন্তু শুধু এই সুযোগের কারণেই ইউরোপের দেশগুলো ফুটবলে দ্রুত উন্নতি করছে, তা নয়। প্রতিভা অন্বেষণ ও পরিচর্যায় অন্যান্য দেশগুলোর চেয়ে পশ্চিম ইউরোপের দেশগুলোর ধারা ভিন্ন। যেমন বেলজিয়ামের সবগুলো ক্লাব তাদের যুব অ্যাকাডেমিতে একই ধরণের কৌশল অনুসরন করে যেন সব খেলোয়াড়ের মধ্যে কৌশলগত সচেতনতা তৈরী হয়। অন্যদিকে ব্রাজিলের খেলোয়াড় বাছাই ও উন্নয়নের পদ্ধতি বেশ জটিল। কয়েকটি সফল ক্লাব ও দেশের ভেতরে থাকা ফুটবল প্রতিভা থেকে তারা খেলোয়াড় খুঁজে বের করে। ইয়োহান ক্রুইফের 'টোটাল ফুটবল' কৌশল গ্রহণ করে বিশ্ব আসরে সফলতা পায় স্পেন প্রতিবেশীদের কাছ থেকে শেখার সুযোগ একই এলাকায় অনেকগুলো দেশের ফুটবল অবকাঠামো একই ধাঁচের হওয়ায় পশ্চিম ইউরোপের দেশগুলো একে অন্যের প্রতিবেশীদের কাছ থেকে লাভবান হয়েছে। নেদারল্যান্ডসের পাসিং স্টাইল আত্মস্থ করে স্পেনের দু'টি ইউরোপিয়ান শিরোপা ও ২০১০'এর বিশ্বকাপ জয় এর বড় উদাহরণ। এছাড়া ইউরোপের বড় লিগগুলোয় লাতিন আমেরিকান ম্যানেজারের সংখ্যাও হাতে গোনা। নতুন ফরম্যাটের 'লিগ অব নেশন্স' শুরু হলে ইউরোপিয়ান দেশগুলোর সাথে অন্যান্য দেশের প্রীতি ম্যাচ খেলার সুযোগ কমে যাবে আর এবছর থেকে ইউরোপের মহাদেশীয় সেরা দল শুধু ইউরোপিয়ান ট্রফির মাধ্যমেই নির্ধারিত হবে না। ইউরোপের ৫৫টি দেশ নিয়ে এবছরের ৬ সেপ্টেম্বর থেকে 'লিগ অব নেশন্স' নামের নতুন ফরম্যাটের টুর্নামেন্ট শুরু হতে যাচ্ছে। আর বয়সভিত্তিক পর্যায়ে এরই মধ্যে শুরু হয়ে গেছে ইউরোপের আধিপত্য। আগের তিনটি ফিফা অনূর্ধ্ব-২০ বিশ্বকাপ জিতেছে ফ্রান্স, সার্বিয়া আর ইংল্যান্ড। বর্তমানে ফিফা অনূর্ধ্ব-১৭ বিশ্বকাপ শিরোপাও ইংল্যান্ডের দখলে। তাই বিশেষজ্ঞদের ধারণা, ব্রাজিল-আর্জেন্টিনার মত লাতিন আমেরিকান দলগুলোর জন্য ফুটবলের বিশ্ব আসরে বাজিমাত করা দিনদিন আরো কঠিন হয়ে পড়বে। বিবিসি বাংলার আরো খবর: বিশ্বকাপ ২০১৮: এ রকম ফাইনাল আগে কখনো হয়নি কোটা সংস্কার: ছাত্রদের মিছিলে আবার হামলা হয়েছে বারবার রক্তাক্ত হয়েছে সেন্ট পিটার্সবার্গের যে গীর্জা মেক্সিকোতে মিলেছে প্রাচীন 'বৃষ্টি দেবতার মন্দির'","২০১৮ বিশ্বকাপসহ টানা চারটি বিশ্বকাপ ইউরোপীয় দেশ জিতেছে, যা ফুটবলে ইউরোপের আধিপত্যের ইঙ্গিত দেয়। দক্ষিণ আমেরিকার দেশগুলো স্পন্সরশিপ ও ফুটবল কাঠামোর কারণে পিছিয়ে পড়ছে।"
"গোসল শরীরের তাপ কমাতে সাহায্য করে। জার্মানি, পোল্যান্ড ও চেক রিপাবলিক জুনে তাদের সর্বোচ্চ তাপমাত্রা রেকর্ড করেছে। ভারতের উত্তরে গত সপ্তাহে ৫০ ডিগ্রির উপরে উঠেছিলো তাপমাত্রা। সেখানে ভয়াবহ দাবদাহে ১০০ জনের বেশি মানুষ মারা গেছে। মারাত্মক গরম মানুষের শরীরে নানা ধরনের প্রভাব ফেলে। এমনকি মৃত্যুর কারণ হতে পারে। গরমে সবচেয়ে বিপদ কাদের? বিশ্ব স্বাস্থ্য সংস্থা বলছে ২০০০ সাল থেকে ২০১৬ পর্যন্ত দাবদাহে আক্রান্ত মানুষের সংখ্যা বেড়েছে ১২৫ মিলিয়ন। বয়োবৃদ্ধ, শিশু এবং গর্ভবতী নারীরা থাকেন বাড়তি ঝুঁকিতে। ২০০৩ সালে ইউরোপে তীব্র দাবদাহের কারণে ৭০ হাজার মানুষ মারা গিয়েছিলো। ২০১০ সালে রাশিয়াতে ৫৬ হাজার মানুষের মৃত্যুর কারণ ছিল দাবদাহ। বিশ্ব স্বাস্থ্য সংস্থা বলছে বয়োবৃদ্ধ, শিশু, গর্ভবতী, খেলোয়াড় এবং যারা বাইরে কায়িক পরিশ্রমের পেশার সাথে জড়িত তারা সবচাইতে বেশি ঝুঁকিতে রয়েছে। বয়োবৃদ্ধ, শিশু এবং গর্ভবতী নারী ঝুঁকিতে থাকেন কারণ তাদের প্রতিরোধ ক্ষমতা ধীর থাকে। যারা বাইরে কায়িক পরিশ্রম করেন যেমন কৃষক অথবার রিকশাওয়ালা, তারা ঝুঁকিতে থাকেন কারণ তারা সূর্যের নিচে বেশি সময় কাটান। গরমে শারীরিক শ্রম শরীরকে আরও গরম হয়ে ওঠে। বাইরে যারা কায়িক পরিশ্রম করেন তাদের সাথে সাথে খেলোয়াড়দের ক্ষেত্রেও এটি বেশি ঘটে। অতিরিক্ত গরমে বারবার পানির ঝাপটা দিন। মারাত্মক গরমে মানুষের শরীরে কী ঘটে? মানুষের শরীরের রক্ত গরম হয়ে থাকে। মানুষের শরীর আভ্যন্তরীণ তাপ ৩৭ ডিগ্রি সেলসিয়াসে রাখার জন্য কাজ করে। আশপাশে পরিবেশ যদি গরম হয়ে ওঠে তাহলে মানুষ তার শরীর থেকে সেটি দুর করার জন্য কাজ করে। ইউরোপের ফেডারেশন অফ রেড ক্রস ও রেড ক্রিসেন্ট সোসাইটির একজন স্বাস্থ্য কর্মকর্তা ডাঃ ড্যাভরন মুখামাদিয়েভ বলছেন, ""আমারদের শরীরের উপরে যদি তাপ বেশিক্ষণ থাকে তাহলে তা বিপজ্জনক হয়ে ওঠে।"" তিনি বলছেন, সেক্ষেত্রে হৃদযন্ত্র শরীরের উপরিভাগ ও ত্বকে বেশি রক্ত পাঠাতে থাকে। সে কারণে বেশি গরম লাগলে অনেক মানুষের চেহারা লাল দেখায়। পানি শরীর ঠাণ্ডা করতে সহায়তা করে। হিটস্ট্রোকের যেসব লক্ষণ এর নানা ধরনের লক্ষণ রয়েছে। প্রধান কয়েকটি হল মাথাব্যথা হবে ও মাথা ঘুরবে। শারীরিক অস্বস্তি, অস্থিরতা, বিভ্রান্তি দেখা দেবে। শরীরের ত্বক গরম, লাল ও শুকনো দেখাবে। আক্রান্ত ব্যক্তির সাড়া দেয়ার ক্ষমতা ধীর হয়ে আসবে। তার নাড়ীর গতি তীব্র হতে থাকবে। শরীরের তাপমাত্রা ৪০ ডিগ্রি সেলসিয়াসের উপরে উঠে যাবে। আক্রান্ত ব্যক্তি এক পর্যায়ে জ্ঞানও হারাতে পারে। ঘামের সাথে গরমের সম্পর্ক গরমে আমাদের অনেক ঘাম হয়। ঘাম মানুষের শরীরকে ঠাণ্ডা করার একটি প্রক্রিয়া। কিন্তু চারপাশের তাপ যদি আমাদের ত্বকের তাপের সমান বা বেশি হয় তাহলে সেটি কম কাজ করে। অতিরিক্ত গরমে ত্বকে ফুসকুড়ি উঠতে পারে। বাইরের তাপমাত্রা ৩৭ ডিগ্রির উপরে উঠে যাওয়া বিশেষ করে বিপজ্জনক বলছেন, ডাঃ মুখামাদিয়েভ। তিনি বলছেন, বাতাসে আর্দ্রতাও গুরুত্বপূর্ণ ভূমিকা রাখে। আর্দ্রতা বেশি হলে ঘাম হতে সমস্যা হয়। আর তাতে শরীরের নিজেকে ঠাণ্ডা রাখার প্রক্রিয়া ব্যাহত হয়। শরীরে যেসব প্রভাব পরে প্রাথমিকভাবে ত্বকে ফুসকুড়ি দেখা দিতে পারে। ত্বক ফুলে যেতে পারে। গরম বেশি লাগলে মানুষের শরীর ঠাণ্ডা হতে অতিরিক্ত পরিশ্রম করে। রক্ত পরিবহন পথ বড় হয়ে ওঠে। ত্বক ঘাম বের করতে বেশি পরিশ্রম করে। ত্বক ফুলে যাওয়ার ঘটনা ঘটে। পা ও গোড়ালিতে এটি ঘটে। শরীর থেকে বেশি ঘাম বের হয়ে যাওয়া এবং সেই সাথে যদি রক্তচাপ বেড়ে যায় তাহলে আরও বড় সমস্যা হতে পারে। গরমে হৃদযন্ত্রে উপর প্রভাব পরতে পারে। হার্ট-অ্যাটাক হতে পারে দীর্ঘ সময় গরমে থাকলে হৃদযন্ত্রে উপর প্রভাব পরতে পারে। অস্ট্রেলিয়ার হার্ট ফাউন্ডেশনের প্রধান নির্বাহী টনি স্টাবস বলছেন, ""বেশি ঘামলে শরীর থেকে পানি কমে যায়। তাতে রক্তের পরিমাণ কমে যায়। তখন হৃদযন্ত্র শরীরের নানা যায়গায় রক্ত পাঠাতে অতিরিক্ত পরিশ্রম করে। যাদের হৃদযন্ত্রে সমস্যা রয়েছে বা যারা ঝুঁকিতে রয়েছেন তাদের এমন পরিস্থিতিতে হার্ট-অ্যাটাক হয়ে যেতে পারে। মৃত্যুর ঝুঁকিও রয়েছে প্রতি বছর মেক্সিকো এবং ইন্দোনেশিয়াতে অতিরিক্ত তাপের সাথে সম্পর্কিত নানা জটিলতায় বহু মানুষ মারা যান। বাইরের তাপের সাথে শরীর যখন আর সামঞ্জস্য রাখতে পারে না তখন এটি ঘটে। তাপমাত্রা ৩৮ থেকে ৪২ পর্যন্ত গেলে, সেই সাথে যদি আর্দ্রতা বেশি থাকে তখন এমন সম্ভাবনা বেশি থাকে। যেকোনো ভাবেই হোক নিজের শরীর ঠাণ্ডা রাখুন। এমন দাবদাহে যা করবেন বাইরে কাজ কমিয়ে আনতে হবে। বিশেষ করে বেলা ১১টা থেকে ৩টা পর্যন্ত সূর্য থেকে দুরে থাকুন। এই সময়টাই দিনের সবচাইতে গরম সময়। ঘর ঠাণ্ডা রাখার চেষ্টা করুন। পর্দা ব্যবহার করে গরম ঢুকতে বাধা দিন। অথবা জানালার বাইরে সূর্যের আলো প্রতিফলিত হয় এমন বস্তু দিয়ে রাখুন। প্রচুর পানি খেতে হবে। গোসল করুন এবং বারবার মুখ ও শরীরে পানির ঝাপটা দিন। যথেষ্ট বিশ্রাম নিতে হবে। ঢিলেঢালা এবং বাতাস পরিবহনকারী পোশাক পরুন। বাইরে সানগ্লাস ব্যবহার করুন। তীব্র দাবদাহ চলাকালীন দিনে তিন ঘণ্টার বেশি বাইরে কাটাবেন না। এই সময়ের মধ্যেও ঘনঘন ছায়ায় চলে যান। অতিরিক্ত অ্যালকোহল জাতিয় পানিয় বর্জন করুন। নিজের যত্ন নিন এবং পরিবার ও বন্ধুদের খবর নিন। যাদের কোন শারীরিক সমস্যা রয়েছে তাদের একটু বেশি খোজ নিন। অন্যান্য খবর: ঢাকায় ৩০ শতাংশ রিকশাচালক কেন জন্ডিসে আক্রান্ত' 'চিৎকার করেছি, সবাইকে বলেছি - ওরে বাঁচান' যেসব চাকরিতে মিথ্যে বলাই যোগ্যতা ধরা হয়","জার্মানি, ভারতসহ বিশ্বের বিভিন্ন দেশে তাপমাত্রা অতীতের সব রেকর্ড ভেঙেছে। মারাত্মক দাবদাহের ফলে শত শত মানুষ মারা গেছে। বিশেষজ্ঞরা বৈশ্বিক উষ্ণতা কমাতে জরুরি পদক্ষেপ নেওয়ার আহ্বান জানিয়েছেন।"
"সারা পৃথিবীতে যত মানুষ করোনাভাইরাসে আক্রান্ত হচ্ছে তাদের ৮০ শতাংশেরও বেশি বাসায় থেকে নানাভাবে উপশমের চেষ্টা করছেন। কী করতে হবে? কোথায় যোগাযোগ করা প্রয়োজন? ডাক্তার পাবো কোথায়? হাসপাতালে যেতে হবে কি না? - এসব প্রশ্ন তখন সামনে আসে। সর্বপ্রথমে মনে রাখতে হবে করোনাভাইরাস সংক্রমণের কোন সুনির্দিষ্ট চিকিৎসা নেই। সারা পৃথিবীতে যত মানুষ করোনাভাইরাসে আক্রান্ত হচ্ছে তাদের ৮০ শতাংশেরও বেশি বাসায় থেকে নানাভাবে উপশমের চেষ্টা করছেন। বাসায় অবস্থান করে চিকিৎসা নেবার নেবার ক্ষেত্রে যেসব বিষয় মনে রাখতে হবে সেগুলো নিচে তুলে ধরা হলো। ১. নিজেকে বিচ্ছিন্ন করুন যদি সন্দেহ হয় যে আপনার মধ্যে কোভিড-১৯-এর এক বা একাধিক লক্ষণ দেখা যাচ্ছে, তাহলে তাৎক্ষণিকভাবে নিজেকে পরিবারের অন্য সদস্যদের থেকে বিচ্ছিন্ন বা আইসোলেট করুন। এতে করে অন্যদের মাঝে সংক্রমণের আশংকা কমে আসবে। ২. জ্বর আসলে কী করবেন করোনাভাইরাস সংক্রমণ থামানোর যেহেতু কোন ঔষধ নেই সেজন্য সাধারণ সর্দি-কাশির ক্ষেত্রে যে ধরণের পদক্ষেপ নেয়া হয় সেগুলো অনুসরণ করার পরামর্শ দিচ্ছেন চিকিৎসকরা। ঢাকার বক্ষব্যধি হাসপাতালের চিকিৎসক কাজী সাইফুদ্দিন বেন্নুর বলেন, প্যারাসিটামল খাওয়া এবং গার্গল করা করা যেতে পারে। জ্বর এলেই আতঙ্কিত না হাবার পরামর্শ দিচ্ছেন মি. বেন্নুর। পর্যাপ্ত পরিমাণে পানি পান করার পরামর্শ দিচ্ছেন চিকিৎসকরা। ৩. কফ থাকলে যা করবেন যদি আপনার কফ জমে থাকে বসার সময় পিঠে ভর দিয়ে হেলান দিয়ে না বাসাই ভালো। মেরুদণ্ড সোজা করে বসুন। এতে কফ কিছুটা হালকা হয়ে আসতে পারে। ব্রিটেনের ন্যাশনাল হেলথ সার্ভিসের ওয়েবসাইটে এ তথ্য দেয়া হয়েছে। সেখানে আরো বলা হয়েছে, কফ হালকা করার জন্য এক চামচ মধু খেতে পারেন। এতে উপকার হতে পারে। তবে বারো বছর বয়সের নিচে বাচ্চাদের মধু দেবেন না। ৪. টেস্ট সেন্টারের ফোন নম্বর রাখুন বাংলাদেশে এখন ৪৫টির মেতো ল্যাবরেটরিতে করোনাভাইরাসের টেস্ট করানো হচ্ছে। আপনার নিকটস্থ টেস্ট সেন্টার কোথায় হতে পারে সে সংক্রান্ত খোঁজ রাখুন। এখন কয়েকটি বেসরকারি প্রতিষ্ঠান বাসায় গিয়ে নুমনা সংগ্রহ করছে। তাদের ফোন নম্বর সংগ্রহ করে রাখতে পারেন। ৫. অক্সিজেন ভাড়া নিতে পারেন শ্বাসকষ্ট হলে রোগীকে হাসপাতালে ভর্তি করানোর প্রয়োজন হয়। কিন্তু বাংলাদেশে অনেক ক্ষেত্রেই সেটি সম্ভব হচ্ছে না। এক হাসপাতাল থেকে আরেক হাসপাতালে ছুটোছুটি করতে করতে রোগীর অবস্থা আরো অবনতি হয়। রোগীকে হাসপাতালে ভর্তি করাতে না পারলে চিকিৎসকের পরামর্শ অনুযায়ী বাসায় অক্সিজেন নিতে পারেন। ঢাকার বক্ষব্যধি হাসপাতালের চিকিৎসক কাজী সাইফুদ্দিন বেন্নুর বলেন, ""অক্সিজেন বাসায় নেবার সিস্টেম আছে। আমরা যখন লং টাইম অক্সিজেন থেরাপি দেই, আমরা কখন অক্সিজেন বাসায় নিতে বলি রোগীদের।"" তিনি বলেন, কোভিড১৯ রোগীদের ক্ষেত্রে হাই ফ্লো অক্সিজেন দিতে হবে। ৬. টেলিমেডিসিন সম্পর্কে জেনে রাখুন করোনা সংক্রমনের এই সময়টিতে অনেক চিকিৎসক রোগীদের সরাসরি দেখছেন না। অধিকাংশ ডাক্তারের চেম্বারও বন্ধ। তবে গত দুইমাসে বহু ডাক্তার টেলিফোন এবং ভিডিও কনফারেন্সের মাধ্যমে চিকিৎসা সেবা দিচ্ছেন। বেশকিছু সরকারি এবং বেসরকারি প্রতিষ্ঠান ডাক্তারদের মাধ্যমে টেলিফোনে অথবা ভিডিও কনফারেন্সের সাহায্যে চিকিৎসা সেবা দিচ্ছে। যেসব প্রতিষ্ঠান এ ধরণের সুবিধা দিচ্ছে তাদের ফোন নম্বর হাতের কাছে রাখতে পারেন। টেলিফোন নম্বর জানা থাকলে প্রয়োজনের সময় দ্রুত কাজে লাগবে। চিকিৎসক সাইফুদ্দিন বেন্নুর বলেন, ভিডিও কনফারেন্সের মাধ্যমে চিকিৎসা সেবা দিয়ে তিনি ৭০ থেকে ৭৫ শতাংশ পর্যন্ত সন্তুষ্ট হতে পারেন। তিনি বলেন, বেশিরভাগে ক্ষেত্রে রোগীদের উদ্বেগ প্রশমনেও ভূমিকা রাখে ভিডিও কনফারেন্সের মাধ্যমে চিকিৎসা সেবা। কোয়ারেন্টিন ও আইসোলেশনের যে ব্যাখ্যা দেয়া হচ্ছে বাংলাদেশে নিজেকে যেভাবে নিরাপদ রাখবেন করোনাভাইরাস থেকে নতুন করোনাভাইরাস কত দ্রুত ছড়ায়? কতটা উদ্বেগের? করোনাভাইরাস ঠেকাতে যে সাতটি বিষয় মনে রাখবেন টাকার মাধ্যমে করোনাভাইরাস ছড়াতে পারে কি? বিশ্ব মহামারি শেষ হতে কতদিন লাগবে? কোথায় কতোক্ষণ বেঁচে থাকে কোভিড-১৯ এর জীবাণু, নির্মূলের উপায় করোনাভাইরাস নিয়ে আপনার যা জানা প্রয়োজন","আফ্রিকার কিছু অংশে ইবোলা ভাইরাসের নতুন প্রাদুর্ভাব দেখা দিয়েছে। ডব্লিউএইচও জানিয়েছে, দ্রুত ব্যবস্থা না নিলে এটি মহামারি আকার ধারণ করতে পারে।"
"ক্রিস্টিয়ানো রোনালদো সামাজিক যোগাযোগ মাধ্যমে রোনালদো নিজের এমন কোনো কাজের সাথে সম্পৃক্ততার কথা নাকচ করেন। রোনালদো বলেন, ধর্ষণ একটি শাস্তিযোগ্য অপরাধ, যা রোনালদোর মানসিকতা ও বিশ্বাসের বিরুদ্ধে। নিজেকে নির্দোষ প্রমাণ করার আগে রোনালদো এনিয়ে আর কথা বলবেন না বলেও জানিয়ে দেন। End of Twitter post, 1 রোনালদোর বিরুদ্ধে ধর্ষণের অভিযোগ আনেন ক্যাথরিন মায়োরগা, যিনি একজন শিক্ষিকা ছিলেন। সম্প্রতি 'মি টু', নামে একটি সামাজিক যোগাযোগ মাধ্যমের ক্যাম্পেইনের ফলে তিনি এই অভিযোগ তুলতে আগ্রহী হন বলে জানান তার আইনজীবি, যার নাম লেজলি স্টোভাল। স্টোভাল বলেন, ""মি টু মুভমেন্টে যেসব নারীরা উঠে দাঁড়িয়েছেন তারা ক্যাথরিনকে অনেক সাহস জুগিয়েছে।"" অভিযোগে বলা হয়েছে যে রোনালদো ক্যাথরিন মায়োরগাকে লাস ভেগাসের একটি হোটেলে ধর্ষণ করেন। বুধবার মায়োরগার আইনজীবি অভিযোগ নিয়ে সংবাদ সম্মেলন করার পর রোনালদো সকল ধরণের অভিযোগ অস্বীকার করেন। তিনি বলেন, ঘটনা সম্পর্কে তিনি পরিষ্কার অবগত এবং যেকোনো ধরণের তদন্ত হলে তিনি শান্ত থাকবেন। রোনালদো ২০ দিন সময় পাবেন আইনী উপায়ে এর প্রত্যুত্তর দিতে। অভিযোগকারীর আইনি দল প্রয়োজনীয় ডকুমেন্ট ও প্রাথমিক পুলিশি ও মেডিক্যাল রেকর্ড বের করার চেষ্টায় আছে। আরো পড়ুন: শেষ হলো দুই মহারথীর বিশ্বকাপ রেয়ালের হয়ে রোনালদোর অনন্য রেকর্ড বলা হচ্ছে মিজ মায়োরগা লাস ভেগাস পুলিশের কাছে একটি অভিযোগ দায়ের করেন ২০০৯ সালেই। কিন্তু বলা হচ্ছে রোনালদো আদালতের বাইরে ৩ লাখ ৭৫ হাজার ডলার দেন মায়োরগাকে যাতে তিনি এই ব্যাপারে কোনো অভিযোগ না তোলেন। লাস ভেগাস পুলিশ কর্তৃপক্ষ বলছে তারা প্রাথমিকভাবে এই অভিযোগের তদন্ত করেছে ২০০৯ সালে, কিন্তু সেবার কোনো প্রমাণাদি পাওয়া যায়নি। দার স্পাইজেল নামের একটি ম্যাগাজিনে ধর্ষণের অভিযোগের খবর আসে। রোনালদোর আইনজীবিরা বলছেন তারা এই ম্যাগাজিনের বিরুদ্ধে আইনানুগ ব্যবস্থা নেবেন। বিবিসি বাংলায় আরো পড়ুন: কোটা বহালের দাবিতে ঢাকার শাহবাগ অবরোধ ভূমিকম্পে তরল মাটিতে ডুবে যাবে ঢাকার বাড়িঘর? গঙ্গা তীরের যে ধর্ষণের ভিডিও নিয়ে ভারতে তোলপাড়","ব্রেক্সিটের পর ইউরোপীয় শ্রমিকরা ব্রিটেন ছাড়তে শুরু করেছে, যার ফলে কৃষি ও স্বাস্থ্য খাতে শ্রমিক সংকট তৈরি হয়েছে। ব্যবসায়ীরা সহজ ভিসা নীতির আহ্বান জানিয়েছে।"
"সবশেষ আদমশুমারীর ফল ঘোষণার পর দম্পতিদের ওপর বেশি সন্তান নেবার চাপ বাড়তে পারে মঙ্গলবার প্রকাশিত সেদেশের সরকারি উপাত্ত বলছে, চীনের জনসংখ্যা এখন গত কয়েক দশকের মধ্যে সবচাইতে ধীরগতিতে বাড়ছে। আদমশুমারির এই ফলাফল ইঙ্গিত দিচ্ছে যে চীনে বৃদ্ধ লোকের সংখ্যা দ্রুত বাড়ছে। গত ১০ বছরে চীনের বার্ষিক জনসংখ্যা বৃদ্ধির হার হচ্ছে ০.৫৩% - যা ২০০০ থেকে ২০১০ পর্যন্ত সময়কালের হার ০.৫৭%-এর চেয়ে কম। বর্তমানে চীনের জনসংখ্যা ১৪১ কোটি। আদমশুমারির এই ফলাফলের পর সেখানে দম্পতিদের আরো বেশি সন্তান নিতে উৎসাহদানকারী পদক্ষেপ নেবার জন্য বেজিংএর ওপর চাপ বাড়ছে - যাতে জনসংখ্যা কমে যাওয়া রোধ করা যায়। আগামি দিনগুলোতে অর্থনীতির চাকা সচল রাখতে কর্মক্ষম শ্রমশক্তির যথেষ্ট জোগান চীন পাবে কিনা - তা নিয়ে অনেক বিশ্লেষক প্রশ্ন তুলছেন। তবে অনেকে বলছেন, উৎপাদনশীলতা বাড়িয়ে জন্মহার হ্রাসের ঘাটতি পূরণ করা চীনের পক্ষে সম্ভব হবে। চীনে প্রতি ১০ বছরে একবার আদমশুমারি হয়ে থাকে। সবশেষ এই জনগণনা করা হয়েছিল ২০২০ সালের শেষ দিকে এবং তার ফল ঘোষণা করার কথা ছিল এপ্রিল মাসে, তবে সেই তারিখ পিছিয়ে দেয়া হয়। আরো পড়তে পারেন: বিশেষজ্ঞরা বলছেন, চীনে বয়স্ক মানুষের সংখ্যা বাড়লে অর্থনীতি সমস্যায় পড়বে বিরাট জনসংখ্যার কারণে চীনের আদমশুমারির জন্য প্রায় ৭০ লক্ষ উপাত্ত সংগ্রহকারীকে কাজ করতে হয়। তারা চীনা পরিবারগুলোর বাড়ি বাড়ি গিয়ে তথ্য সংগ্রহ করেন। মনে করা হয় যে চীনের জনসংখ্যার ওপর এই রিপোর্টটি হচ্ছে সবচেয়ে বিশদ তথ্যভাণ্ডার - যা ভবিষ্যৎ পরিকল্পনার জন্য গুরুত্বপূর্ণ। চীনের জন্মহার সম্পর্কে আমরা কী জানি? চীনের জাতীয় পরিসংখ্যান ব্যুরোর প্রধান নিং জিঝে বলেন, গত বছর দেশটিতে এক কোটি ২০ লক্ষ শিশু জন্ম নিয়েছে। এ সংখ্যা ২০১৬ সালের চাইতে অনেকটা কম - কারণ সে বছর এক কোটি ৮০ লাখ শিশুর জন্ম হয়েছিল। তবে মি. নিং বলেন, ""তার পরও বলতে হবে এটি এক বিরাট সংখ্যা।"" তিনি বলছেন, উর্বরতার নিম্নহার চীনের সামাজিক ও অর্থনৈতিক উন্নয়নের স্বাভাবিক ফল। বিভিন্ন দেশে দেখা গেছে - উন্নয়নের সাথে সাথে শিক্ষা এবং কেরিয়ার গড়ে তোলাকে অগ্রাধিকার দেবার প্রবণতার ফলে জন্মহার কমে যায়। চীনের প্রতিবেশী কোরিয়া ও জাপানের ক্ষেত্রেও সাম্প্রতিক বছরগুলোয় জন্মহার রেকর্ড পরিমাণে কমে গেছে -যদিও সরকার দম্পতিদের বেশি সন্তান নেবার জন্য নানা রকম প্রণোদনা দিচ্ছে। গত বছর দক্ষিণ কোরিয়ার জন্মের চাইতে মৃত্যুর সংখ্যা ছিল বেশি। এর ফলে দেশটিতে উদ্বেগ সৃষ্টি হয়। কোন দেশে জনসংখ্যা কমতে থাকলে তা নানা সমস্যা সৃষ্টি করে, যেমন তখন তরুণদের চাইতে দেশে বৃদ্ধের সংখ্যা বেড়ে যায়। যখন এটা ঘটে, তখন বয়স্কদের সহায়তা করার জন্য যথেষ্ট কর্মী পাওয়া যায় না এবং স্বাস্থ্য ও সামাজিক সেবার ক্সেত্রে চাহিদা বেড়ে যায়। চীন কি ইতোমধ্যেই এ অবস্থা বদলাতে চেষ্টা করছে না? হ্যাঁ, তা করছে। চীনে কোন দম্পতি একটির বেশি সন্তান নিতে পারবে না বলে যে নীতি ছিল - তার ইতোমধ্যেই অবসান ঘটানো হয়েছে। ১৯৭৯ সালে জনসংখ্যা বৃদ্ধি নিয়ন্ত্রণ করতে ওই নীতি নেয়া হয়েছিল। এ নীতি লংঘন করলে জরিমানা, চাকরি হারানো এমনকি কিছু ক্ষেত্রে জোরপূর্বক গর্ভপাতও হতে পারতো। তবে এখন চীনে দম্পতিরা দুটি সন্তান নিতে পারেন। কিন্তু এতে পরবর্তী দু'বছর জন্মহার বাড়লেও তার পর থেকে জন্মহার আবার কমে যায়। আদমশুমারিতে দেখা যাচ্ছে চীনে জনসংখ্যা বৃদ্ধির হার কমছে ইকোনমিক ইনটেলিজেন্স ইউনিটের প্রধান অর্থনিতবিদ মিজ ইউই সু বলেন, দু'সন্তান নীতির সুফল ছিল স্বল্পমেয়াদি। এরপর মনে করা হচ্ছিল যে চীন হয়তো তাদের পরিবার পরিকল্পনা নীতি পুরোপুরিই ত্যাগ করবে - কিন্তু তা হয়নি। এপ্রিল মাসে ফিনান্সিয়াল টাইমসেও এক রিপোর্ট বেরিয়েছিল যে - চীনের আদমশুমারির ফলাফলে জনসংখ্যা কমে গেছে বলে দেখা যাবে। সেটাও হয়নি, কিন্তু বিশেষজ্ঞরা বলছেন - আগামী কয়েক বছরে হয়তো তা ঘটতে পারে। হুয়াং ওয়েনঝ্যাং হচ্ছেন সেন্টার ফর চায়না এ্যান্ড গ্লোবালাইজেশনের জনসংখ্যা বিশেষজ্ঞ। তিনি বলছেন, হয়তো ২০২১ বা ২০২২ সালে, বা খুব শীগগিরই তা ঘটবে। এ আদমশুমারি থেকে আর কী জানা গেছে? চীনে কর্মক্ষম জনসংখ্যা - অর্থাৎ ১৬ থেকে ৫৯ বছর পর্যন্ত বয়স্ক মানুষের সংখ্যা হচ্ছে ৮৮ কোটি। তবে আগেকার আদমশুমারির তুলনায় এ সংখ্যা চার কোটি কমে গেছে বলে দেখা গেছে। তবে আদমশুমারির মেথডলজিস্ট জেং ইউপিং বলছেন, চীনের এখনো বিরাট কর্মক্ষম জনশক্তি আছে। বিবিসির সাংহাই সংবাদদাতা রবিন ব্রান্ট বলছেন, শোচীনা কর্মকর্তারা কয়েক সপ্তাহ বাড়তি সময় নিয়ে চীনের কর্মকর্তারা ""পরিসংখ্যান তৈরি করার জন্য"" কাজ করছেন বলে খবর পাওয়া গিয়েছিল। তিনি বলছেন, চীনে জনসংখ্যা বাড়ছে - তবে নামে মাত্র। তবে রাষ্ট্রীয় মিডিয়াতেও বলা হচ্ছে যে চীনের জনসংখ্যা হয়তো আগামী বছরই কমতে শুরু করবে। রবিন ব্রান্টের কথায়, চীনের কমিউনিস্ট নেতারা এ মধ্যেই বলেছেন যে দেশে অবসর নেবার বয়সসীমা বাড়াতে হবে। বিশেষজ্ঞরা সতর্ক করে দিয়েছেন যে চীনের জনসংখ্যা কমতে থাকলে বিশ্বের অন্যত্রও বড় রকমের প্রভাব পড়বে। উইসকন্সিন-ম্যাডিসন বিশ্ববিদ্যালয়ের বিজ্ঞানী ড. ই ফুক্সিয়ান বলছেন, বিশ্বের বহু শিল্প চীনের ওপর নির্ভর করে। সেখানে জনসংখ্যা কমে গেলে তার প্রভাব হবে অনেক ব্যাপক। বিবিসি বাংলায় আরো খবর:",চীনের প্রযুক্তি সংস্থাগুলো পশ্চিমা দেশগুলোর তথ্য চুরি করছে বলে অভিযোগ উঠেছে। যুক্তরাষ্ট্র ও ইউরোপ নিরাপত্তার কারণে চীনা প্রযুক্তি ব্যবহার সীমিত করার সিদ্ধান্ত নিয়েছে।
"উহানের জীবন অনেকটা স্বাভাবিক ধারণা করা হয় এই শহর থেকেই প্রথম করোনাভাইরাস মহামারির রূপ নেয়। সেই সময়ে বিশ্ববাসী এই কঠিন বিধিনিষেধ এবং সেটার কঠোর বাস্তবায়নে হতবিহবল হয়ে পড়ে। জানুয়ারির শেষ দিক থেকে জুন পর্যন্ত উহানকে দেশের অন্যান্য এলাকা থেকে একেবারে বিচ্ছিন্ন করে রাখা হয়। যদিও এই সিদ্ধান্তের উচ্চ মূল্য দিতে হয়েছে, কিন্তু দিন শেষে এই ভাইরাস মোকাবেলা করার একটা সফল কৌশল হিসেবে দেখা হয়েছে। এক বছর হতে চলেছে করোনাভাইরাসের সংক্রমণের এখন চীনেকে প্রায়ই ভাইরাস মোকাবেলায় সফল হিসেবে ধরা হয়। সুতরাং ঠিক কীভাবে চীন লকডাউন থেকে আজ পর্যন্ত আসতে পারলো এবং বেইজিং কীভাবে তার নিজের পরিস্থিতি নিয়ন্ত্রণে আনলো? চীন কীভাবে সংক্রমণ ছড়িয়ে পড়া ঠেকালো ২০১৯ সালের শেষের দিকে যখন প্রথম এই রোগের প্রাদুর্ভাব হয় তখন দেশটির কর্তৃপক্ষ ""রহস্যজনক অসুস্থতা"" বলে এর ব্যবস্থা একটু আস্তে ধীরেই নিয়েছিল। ২০২০ সালের জানুয়ারিতে ছিল চীনের নতুন বর্ষ পালন উৎসব যেটাকে কেন্দ্র করে প্রচুর ভ্রমণের করে মানুষ। চীন সেটাতে কোন বাধা দেয়নি। চলতি সপ্তাহের শুরুর দিকে বিশ্ব স্বাস্থ্য সংস্থার একটা স্বাধীন প্যানেল একটা অন্তর্বর্তীকালীন প্রতিবেদনে বলেছে, কর্তৃপক্ষ পদক্ষেপ নিতে ধীর গতিসম্পন্ন ছিল। তারা চীনের সেই সময়কার প্রতিক্রিয়াকে সমালোচনা করে বলেছে "" সাধারণ মানুষের স্বাস্থ্যের কথা বিবেচনা করে পদক্ষেপগুলো জোরপূর্বক প্রয়োগ করতে পারতো""। উহানে রাস্তার পাশের খাবারের দোকান কিন্তু যখনই চীন বুঝতে পারে এটা একটা সমস্যা তখনই কর্তৃপক্ষ সেটা কঠোরভাবে দমন করার উদ্যোগ নেয়। জানুয়ারির ২৩ তারিখ। চীনের নতুন বছর উৎযাপনের দুই দিন আগে উহানের রাস্তা জনশূন্য হয়ে পড়ে। ১১ মিলিয়ন লোককে কঠোর কোয়ারেন্টিনে রাখা হয়। মুখের মাস্ক এবং সামাজিক দূরত্ব বজায় রাখা বাধ্যতামূলক হয়ে যায়। বিশ্ববাসীকে অবাক করে দিয়ে তারা মাত্র কয়েকদিনের মধ্যে বিশাল ফিল্ড হাসপাতাল তৈরি করে ফেলে। তারপরেও উহানের বাসিন্দা উয়েজাং ওয়াং বলছিলেন তিনি কতটা ভীত ছিলেন। তিনি বিবিসিকে বলেছেন, সেই সময় তার চাচা কীভাবে মারা গিয়েছিল, তারা বাবা -মা অসুস্থ হয়ে পড়ে এবং মেডিকেল সহায়তা পাওয়া ছিল প্রায় অসম্ভব। উহান যে কৌশলে ভাইরাস মোকাবেলা করছিল সেভাবে চীনের অন্যান্য বড় শহর বেইজিং এবং সাংহাই তাৎক্ষণিক লকডাউন এবং ব্যাপক হারে পরীক্ষা করার ব্যবস্থা করা হয়। উহানের তখনকার পরিস্থিতি নিয়ে ভিডিও: ইতিমধ্যে চীন সেদেশে প্রবেশের ক্ষেত্রে কঠিন নিয়ম এবং কোয়ারেন্টিনে থাকার ব্যবস্থা করে। কিন্তু প্রথম দিকে কর্তৃপক্ষ ভাইরাস সংক্রমণের খবরটা যাতে ছড়িয়ে না পড়ে, সে ব্যাপারেও ছিল কঠোর। যেসব চিকিৎসক একে অপরকে সতর্ক করার চেষ্টা করেছিল, তাদের তিরস্কার করা হয়েছিল এবং তাদের নির্দেশ দেয়া হয়েছিল যাতে করে তারা নীরব থাকে। এদের মধ্যে একজন ছিলেন ডা. লি ওয়েনলিয়াং, যিনি এই ভাইরাস সংক্রমণে মারা যান। সংবাদ মাধ্যমগুলো প্রাথমিক ভাবে কিছু প্রতিবেদন করতে পারছিল, কিন্তু নাগরিক সাংবাদিক যারা উহান থেকে খবর দিচ্ছিল তাদের কে চুপ থাকতে বলা হয়। সম্প্রতি এদের একজনকে চার বছরের জেল দেয়া হয়েছে। বিমানবন্দরের দৃশ্য এসব পদক্ষেপ কী কাজে লেগেছিল? যদিও চীনের এই কঠোর পদক্ষেপ মানুষের কাছে প্রথম দিকে কঠিন মনে হয়েছিল। কিন্তু এক বছর পর অফিসিয়াল তথ্যে দেখা যাচ্ছে, তাদের পদক্ষেপের ফলে তুলনামূলক কম মৃত্যু এবং শনাক্তের হার কম হয়েছে। চীনে কোভিড ১৯-এ এ পর্যন্ত চার হাজার আটশ জন মারা গেছে এবং এক লক্ষ লোক সংক্রমিত হয়েছে। অন্যান্য দেশের মত প্রাথমিক সংক্রমণের পর সংখ্যাটা একেবারে কমে আসে এবং সংক্রমণের দ্বিতীয় ঢেউ দেখা যায়নি। যাই হোক, চীন যে হিসেব দিয়েছে সেখানে উপসর্গ ছিল না এবং কোভিড আক্রান্ত রোগীর কোন তথ্য দেয়নি, তাই কিছু পর্যবেক্ষক এটার বিশ্বাসযোগ্যতা নিয়ে প্রশ্ন তুলেছে। উহানে জীবন এখন কেমন? এক বছর পর উহানে জীবন অনেকটাই স্বাভাবিক। গত সপ্তাহেই বিবিসির সাংবাদিক উহানে গিয়েছিলেন, মানুষের কাছে জানতে চেয়েছিল তাদের জীবন এখন কেমন। তারপরেও বিধিনিষেধ থাকার কারণে উহান এবং দেশের অন্যান্য অংশের পূর্ণাঙ্গ চিত্র পাওয়া কঠিন ছিল। তবে এটা নিশ্চিত যে গত বছর মানুষকে মানসিকভাবে বিপর্যস্ত করেছে। উহানের বাসিন্দাদের সাথে সম্প্রতি কথা বলা মনে হয় তাদের কেউ কেউ আন্তর্জাতিক সংবাদমাধ্যমের সঙ্গে কথা বলতে শঙ্কা বোধ করছে। ""এই মহামারি নিশ্চিতভাবে পেছনে কিছু ফেলে যাচ্ছে, যেটা হয়ত উপর থেকে নাও দেখা যেতে পারে,"" হ্যান মেইমেই , উহানের বাসিন্দা বলেছেন বিবিসি চাইনিজ'কে। তারপরেও কিছু চাইনিজ নাগরিক মনে করে চীন এই মহামারি ভালোভাবে সামাল দিয়েছে। বেইজিং এর কয়েকজন বাসিন্দা বিবিসিকে এমনটাই বলেছেন। অন্যদের জন্য এটা একে অপরের সঙ্গে বিরাট আকারে ঐক্য এবং যোগাযোগের ধারণা তৈরি করেছে। উহানের একজন ছাত্র, যিনি নিজেকে লি সি বলে পরিচয় দিয়েছেন, তিনি বলেছেন, ""মহামারির আগে মানুষ মনে হত কিছুটা বদমেজাজী, সব সময় ছুটছে - কিন্তু মহামারির পর তারা জীবনের প্রতি আরো বেশি কৃতজ্ঞ এবং অনেক বেশি আন্তরিক হয়েছে।"" হ্যান বলেছেন, ""এই ধরণের বিপর্যয় মানুষকে আরো কাছাকাছি নিয়ে এসেছে।"" বিবিসি বাংলায় আরো পড়ুন: অভিবাসী শ্রমিক: নতুন কোন দেশে বাংলাদেশে কর্মীদের সুযোগ রয়েছে করোনাভাইরাসের টিকা: বাংলাদেশে ট্রায়াল চালাতে চায় ভারত বায়োটেক ভারতে সিরাম ইনস্টিটিউটের ফ্যাক্টরিতে আগুন, নিহত ৫",ফ্রান্সে জ্বালানি কর বৃদ্ধি ও অর্থনৈতিক নীতির বিরুদ্ধে ব্যাপক বিক্ষোভ চলছে। সরকার কিছু দাবি মেনে নিলেও আন্দোলনকারীরা আরও সংস্কার চাচ্ছে।  
"মিশেল ওবামা এবং হিলারি ক্লিনটনের সাথে সৌদি আন্দোলকর্মী সামার বাদাউই। কিন্তু দেশটিতে নারীদের ওপর এখনও অনেক ধরনের বিধিনিষেধ চালু আছে। এর অন্যতম হচ্ছে 'পুরুষ অভিভাবকতন্ত্র' যেখানে একজন নারীর জন্য গুরুত্বপূর্ণ সিদ্ধান্তগুলো তিনি নিজে নিতে পারেন না। তার পক্ষ হয়ে সেই সিদ্ধান্ত নিতে পারেন শুধুমাত্র তার বাবা, ভাই, স্বামী কিংবা ছেলে। চলতি বছরের শুরু থেকেই এই বিষয়টি নিয়ে শুরু হয় জোর আলোচনা, যখন এক সৌদি তরুণী বাড়ি থকে পালিয়ে ব্যাংককে গিয়ে সেখানকার বিমানবন্দরের এক হোটেলে নিজেকে অবরুদ্ধ করে রাখেন। তাকে যদি বাড়িতে ফেরত পাঠানো হয়, বলছেন তিনি, তাহলে তার জেল হতে পারে। একজন সৌদি নারীকে তার পাসপোর্টে আবেদনের জন্য, বিদেশে যাওয়ার জন্য, সরকারি বৃত্তি নিয়ে বিদেশে পড়াশুনার জন্য, বিয়ে করার জন্য, এমনকি কারাগার ছেড়ে যাওয়ার জন্যও তার পুরুষ অভিভাবকের অনুমতি নিতে হয়। মারিয়াম আল ওতাইবি বাড়ি ছেড়ে পালানোর পর তাকে ১০০ দিন জেলে আটকে রাখা হয়েছিল। ""এটা এমন একটা বিষয় যা প্রত্যেক সৌদি নারী এবং মেয়েকে জন্ম থেকে আমৃত্যু ভোগায়,"" বলছিলেন মিশরীয় বংশোদ্ভূত মার্কিন সাংবাদিক মোনা এলতাহাউই, ""এর মাধ্যমে নারীকে মূলত একজন অপ্রাপ্তবয়স্ক মানুষ হিসেবে দেখা হয়।"" সৌদি আরব নারীর প্রতি সব ধরনের বৈষম্য দূর করার লক্ষ্যে জাতিসংঘের সনদে সই করেছে। সৌদি সরকার বলে থাকে শরিয়া আইনে লিঙ্গ সমতা নিশ্চিত করা হয়েছে। পারস্য উপসাগরের এই রক্ষণশীল রাজতন্ত্র নারী ও মেয়ে শিশুদের খেলাধুলার ওপর থেকে নিষেধাজ্ঞা তুলে নিয়েছে। পাশাপাশি নারীদের স্টেডিয়ামে বসে ফুটবল খেলা উপভোগেরও অনুমতি দিয়েছে। তবে নারীদের বিরুদ্ধে বৈষম্য রোধে কোন আইন না থাকায় এবং সৌদি সরকার বৈষম্যের কোন আইনগত সংজ্ঞা তৈরি করতে ব্যর্থ হওয়ায় জাতিসংঘের বিশেষজ্ঞরা গত বছর ফেব্রুয়ারি মাসে উদ্বেগ প্রকাশ করে। সৌদি পুরুষ অভিভাবকত্ব ব্যবস্থাকে সমাজ ও দেশের অর্থনীতিতে নারীদের অংশগ্রহণের ক্ষেত্রে বড় বাধা বলে মনে করছেন বিশেষজ্ঞরা । এই পুরুষ অভিভাবকত্ব ব্যবস্থা কোরানের আয়াত থেকে চালু করা হয়েছে বলে বলা হয়। আন্তর্জাতিক মানবাধিকার সংস্থা হিউম্যান রাইটস ওয়াচের ২০১৬ সালের এক রিপোর্টে বলা হয়, ""কিছু কিছু ক্ষেত্রে সৌদি আরবে স্পষ্ট এবং প্রত্যক্ষভাবে অভিভাবকত্ব আইন প্রয়োগ করা হয়।"" এই আইনকে চ্যালেঞ্জ করার জন্য বেশ ক'জন নারীকে বিচার করা হয়েছে এবং জেলে পোরা হয়েছে। বাদশাহ সালমান এবং যুবরাজ মোহাম্মদ বেশি কিছু সংষ্কার কর্মসূচি চালু করেছিলেন। আরও পড়তে পারেন: সাতক্ষীরায় মাটির নিচে শত বছরের পুরনো সিন্দুক নির্বাচন পরবর্তী ঐক্যফ্রন্টের ভবিষ্যৎ কী? ১৩ রোহিঙ্গাকে ফেরত পাঠিয়েছে সৌদি আরব সৌদি মানবাধিকার কর্মী সামার বাদাউই তার বাবার বিরুদ্ধে শারীরিক নির্যাতনের অভিযোগ এনে ২০০৮ সালে বাড়ি থেকে পালিয়ে যান এবং এক আশ্রয় কেন্দ্রে ঠাঁই নেন। এরপর বাবার অভিভাবকত্ব বাতিলের জন্য তিনি আদালতে মামলা দায়ের করেন। তার বাবাও মেয়ের বিরুদ্ধে পাল্টা মামলা দায়ের করে বলে সামার বাবার অবাধ্য মেয়ে। এক সৌদি আদালত ২০১০ সালে সামার বাদাউইকে কারাদণ্ড দেয় এবং তিনি সাত মাস আটক ছিলেন। সৌদি মানবাধিকার কর্মীরা বিষয়টিতে কর্তৃপক্ষের দৃষ্টি আকর্ষণ করলে মামলা প্রত্যাহার করা হয়। পিতার অবাধ্যতার অভিযোগে মারিয়াম আল ওতাইবি নামে আরেক সৌদি নারীকেও ২০১৭ সালে তিন মাসের কারাদণ্ড দেয়া হয়। সৌদি নারী অধিকার কর্মীরা দীর্ঘদিন ধরে পুরুষ অভিভাবকত্ব ব্যবস্থা বাতিল করার আবেদন জানিয়ে আসছিলেন। ""সৌদি নারীরা পুরুষ অভিভাবকত্ব ব্যবস্থা চায় না"" বলে টুইটারে বড় ধরনের এক আন্দোলন শুরু হয়। এই প্রথা বাতিলের দাবি করে ২০১৬ সালের সেপ্টেম্বর মাসে সৌদি বাদশাহর দরবারে ১৪,০০০ স্বাক্ষরসহ এক আবেদন পেশ করা হয়। কিন্তু সৌদি আরবের গ্র্যান্ড মুফতি আব্দুলআজিজ আল শেখ ঐ আবেদনপত্রকে 'ইসলামের বিরুদ্ধে অপরাধ এবং সৌদি সমাজ ব্যবস্থার ওপর 'মরণ আঘাত' বলে বর্ণনা করেন। তবে পাঁচ মাস পর সৌদি বাদশাহ এক আদেশ জারি করেন যেখানে সরকারি সুযোগ-সুবিধা পাওয়ার ক্ষেত্রে অভিভাবকত্ব প্রথার প্রয়োজন হবে না বলে ঘোষণা করেন। কিন্তু ২০১৮ সালে নারীদের গাড়ি ড্রাইভিং-এর ওপর নিষেধাজ্ঞা উঠে যাওয়ার কয়েক সপ্তাহ আগে সৌদি আরবে নারী অধিকার আন্দোলনকারীদের ধরপাকড় শুরু হয়। আটককৃতদের বিরুদ্ধে 'বিদেশি শক্তির সন্দেহজনক যোগাযোগ'সহ বেশ কিছু অভিযোগ আনা হয়। বিচারে এদের দীর্ঘমেয়াদী সাজা হওয়ার সম্ভাবনা রয়েছে। আর সরকারপন্থী গণমাধ্যম এদের ইতোমধ্যেই 'বিশ্বাসঘাতক' হিসেবে বর্ণনা করতে শুরু করেছে।","সৌদি আরবে নারীদের বিরুদ্ধে পুরুষ অভিভাবকত্ব ব্যবস্থা এখনও কার্যকর রয়েছে, যা নারীকে গুরুত্বপূর্ণ সিদ্ধান্ত নিতে পুরুষ অভিভাবকের অনুমতির অধীন করে। নারীদের পাসপোর্ট, বিদেশে যাওয়া, বিয়ে কিংবা কারাগার ছেড়ে বের হওয়ার জন্যও পুরুষ অভিভাবকের অনুমতি প্রয়োজন। গত বছর এই বিষয়টি নিয়ে ব্যাপক আলোচনা শুরু হয়, যখন এক সৌদি তরুণী বাড়ি থেকে পালিয়ে গিয়ে নিজেকে অবরুদ্ধ করে রাখেন। সৌদি সরকারের দাবি, শরিয়া আইনে লিঙ্গ সমতা নিশ্চিত করা হলেও, এই অভিভাবকত্ব ব্যবস্থাকে সমাজ ও অর্থনীতিতে নারীর অংশগ্রহণে বড় বাধা মনে করা হচ্ছে। নারী অধিকার কর্মীরা দীর্ঘদিন ধরে এ ব্যবস্থা বাতিলের জন্য আন্দোলন করে আসছেন, কিন্তু সৌদি সরকারের পক্ষ থেকে তা এখনও প্রত্যাখ্যাত হয়েছে।"
"১১ই এপ্রিল থেকে অস্ত্রের উপর নিষেধাজ্ঞা আইনটি কার্যকর হবে বলে জানিয়েছেন জাসিন্ডা আরডের্ন। গত শুক্রবার দুটি মসজিদে হামলা চালিয়ে ৫০ জনকে হত্যার ঘটনার পর থেকে আলোচনায় চলে আসে দেশটির অস্ত্র আইন বিষয়টি। মিজ আরডের্ন বলেছেন, তিনি আশা করছেন আগামী ১১ই এপ্রিলের মধ্যে নতুন আইনটি কার্যকরী হবে। তিনি জানান, নিষিদ্ধ ঘোষণা করা অস্ত্রের জন্য একটি বাই-ব্যাক স্কিম চালু করা হবে এবং সেটি করা হবে যাতে করে আইনটি চালুর আগে এ ধরনের অস্ত্র কেনার জন্য হিড়িক না পড়ে যায়। ""এখন, হামলার ঘটনার ছয় দিন পরে, আমরা নিউজিল্যান্ডে সব ধরনের সামরিক কায়দার সেমি-অটোমেটিকের (এমএসএসএ) এবং অ্যাসল্ট রাইফেলের ওপর নিষেধাজ্ঞা ঘোষণা করছি,""-বলেন প্রধানমন্ত্রী মিজ আরডের্ন। ‌তিনি আরও বলেছেন, এছাড়া যেসব অংশ-বিশেষ যুক্ত করে অস্ত্রকে এমএএসএ-তে রূপান্তর ঘটানো যায় আনুষঙ্গিক সে ধরনের অস্ত্রও নিষিদ্ধ হবে, সেই সাথে সমস্ত উচ্চ-শক্তি সম্পন্ন ম্যাগাজিনও। কেন ক্রাইস্টচাচে মসজিদে হামলাকারীর নাম বলেননি জাসিন্ডা আরডার্ন? মিজ আরডের্ন বলেন, কর্মকর্তারা ধারণা করছেন বাই-ব্যাক স্কিমের ব্যয় ""যেকোনো স্থানে ১০০ মিলিয়ন ডলার থেকে ২০০ মিলিয়ন ডলারের মধ্যে হয়ে থাকে। কিন্তু আমাদের সমাজের মানুষের নিরাপত্তার জন্য আমরা এই মূল্য অবশ্যই পরিশোধ করবো।"" এ বিষয়ে দেশটির পুলিশ বিষয়ক মন্ত্রী স্টুয়ার্ট ন্যাশ বলেছেন, ""আমি স্মরণ করিয়ে দিতে চাই যে, নিউজিল্যান্ডে আগ্নেয়াস্ত্রের মালিকানা বিশেষ এক ধরনের সুবিধা, এটা কোনও অধিকার নয়।"" বুধবার ক্রাইস্টচার্চে নিহতদের শেষকৃত্য অনুষ্ঠান হয়। অস্ত্র আইনের সংস্কার মন্ত্রিসভায় অনুমোদন বিশ্বব্যাপী বর্ণবাদ প্রতিহত করার আহ্বান আরডার্নের 'অস্ত্র কেনায় ভারতই পৃথিবীতে এক নম্বর'","নিউজিল্যান্ডের প্রধানমন্ত্রী জাসিন্ডা আরডের্ন ১১ই এপ্রিল থেকে অস্ত্রের উপর নতুন নিষেধাজ্ঞা আইন কার্যকর করার ঘোষণা দিয়েছেন, যা ক্রাইস্টচার্চে দুটি মসজিদে হামলা চালিয়ে ৫০ জন নিহত হওয়ার পর থেকে আলোচনায় এসেছে। নতুন আইনে সেমি-অটোমেটিক ও অ্যাসল্ট রাইফেলসহ কিছু অস্ত্র নিষিদ্ধ হবে, এবং বাই-ব্যাক স্কিম চালু করা হবে। এ আইনের জন্য খরচ হবে প্রায় ১০০ থেকে ২০০ মিলিয়ন ডলার। পুলিশ মন্ত্রী স্টুয়ার্ট ন্যাশ বলেছেন, নিউজিল্যান্ডে অস্ত্রের মালিকানা অধিকার নয়, একটি বিশেষ সুবিধা।"
"গতবছর মিসেস খান তার স্বামীর বিরুদ্ধে নির্যাতনের অভিযোগে মামলা করেছিলেন। পুলিশের সূত্রে জানা গেছে, বিএনপির চেয়ারপার্সন বেগম খালেদা জিয়ার প্রেস-সচিব মারুফ কামাল খানের স্ত্রী তানিয়া খানকে গত ১২ এপ্রিল অগ্নিদগ্ধ অবস্থায় ঢাকা মেডিকেলের বার্ন ইউনিটে ভর্তি করা হয়। এরপর ১৪ই এপ্রিল তিনি মারা যান এবং সেদিনই মৃতদেহের ময়নাতদন্ত করা হয়। এ ঘটনায় অপমৃত্যুর একটি মামলা হয়েছে রাজধানীর আদাবর থানায়। পুলিশ একে 'আত্মহত্যা' বলে সন্দেহ করছে। ২০১৬ সালের জুন মাসে মিসেস খান তার স্বামীর বিরুদ্ধে নির্যাতনের অভিযোগে মামলা করেছিলেন। তখন মি. খান তার স্ত্রীকে 'মানসিক রোগী' বলে দাবি করেছিলেন। আরও পড়ুন: উত্তর কোরিয়ার ব্যর্থ ক্ষেপণাস্ত্র পরীক্ষার অর্থ কী? মুসলিম অটোচালকের সাথে 'অবৈধ প্রেম' সন্দেহে মাথা মুড়ে জুতোর মালা, মামলা দুই দশকে কেমন ছিলো মুক্তিযুদ্ধ জাদুঘরের পথচলা?","গতবছর মিসেস তানিয়া খান, যিনি বিএনপির চেয়ারপার্সন খালেদা জিয়ার প্রেস-সচিব মারুফ কামাল খানের স্ত্রী, ১২ এপ্রিল ঢাকা মেডিকেল কলেজের বার্ন ইউনিটে অগ্নিদগ্ধ অবস্থায় ভর্তি হন এবং ১৪ এপ্রিল মারা যান। তার মৃত্যুর পর আদাবর থানায় অপমৃত্যু মামলা হয় এবং পুলিশ এটি 'আত্মহত্যা' বলেই সন্দেহ করছে। ২০১৬ সালে মিসেস খান তার স্বামীর বিরুদ্ধে নির্যাতনের অভিযোগে মামলা করেছিলেন, তবে তখন মি. খান তার স্ত্রীকে 'মানসিক রোগী' বলে দাবি করেছিলেন।"
"ঘটনার পর সরিয়ে নেয়া হচ্ছে আর্নল্ড শোয়ার্জনেগারকে দক্ষিণ আফ্রিকায় গিয়ে একটি অনুষ্ঠানে যোগ দিয়েছিলেন হলিউড তারকা ও ক্যালিফোর্নিয়ার সাবেক গভর্নর আর্নল্ড শোয়ার্জনেগার। এক ভিডিও ফুটেজে দেখা যাচ্ছে সেই অনুষ্ঠানেই হামলার শিকার হন তিনি। অবশ্য সাথে সাথেই নিরাপত্তারক্ষীরা তাকে ঘটনাস্থল থেকে সরিয়ে নেয় এবং হামলাকারীকেও তখনি জাপটে ধরে আটকে ফেলে নিরাপত্তা কর্মীরা। End of Twitter post, 1 ৭১ বছর বয়সী বিশ্বখ্যাত এই হলিউড ব্যক্তিত্ব আর্নল্ড শোয়ার্জনেগার ক্লাসিক আফ্রিকা অনুষ্ঠানে তার ভক্তদের মধ্যেই ছিলেন এবং মোবাইল ফোনে দাঁড়িয়ে দাঁড়িয়ে ভিডিও করছিলেন। এ সময় পেছন দিক থেকে ক্যালিফোর্নিয়ার সাবেক এই গভর্নরকে উড়ন্ত লাথি বা ফ্লাইং কিক দিলে সেখানেই পড়ে যান তিনি। আরো পড়ুন: হলিউড তারকার যে বার্তা অনুপ্রাণিত করলো বিষণ্নতায় আক্রান্ত রোগীদের মাংস খাওয়া কমান: উষ্ণতা রোধে শোয়ার্জনেগারের পরামর্শ মিস্টার শোয়ার্জনেগার টুইটারে তাকে নিয়ে উদ্বিগ্ন হওয়ার জন্য তার ভক্তদের ধন্যবাদ জানিয়েছেন এবং বলেছেন 'উদ্বিগ্ন হওয়ার কিছু নেই'। যদিও তাকে লাথি মারার ওই ভিডিও ফুটেজ সামাজিক যোগাযোগ মাধ্যমে ব্যাপকভাবে ছড়িয়ে পড়েছে। যাতে দেখা যাচ্ছে জোহানসবার্গের ওই অনুষ্ঠানে প্রাণবন্ত শোয়ার্জনেগার ফটো তুলছিলেন ও দাঁড়িয়ে ভিডিও করছিলেন। লাথির আঘাতে তিনিও যেমন পড়ে যান তেমনি হামলাকারীও তার পেছনেই পড়ে যায়। পরে হামলাকারীদের পুলিশে হস্তান্তর করা হয় বলে ওই অনুষ্ঠানের আয়োজকরা জানিয়েছেন। পরে এক টুইট বার্তায় মিস্টার শোয়ার্জনেগার লিখেন: ""আমি ভেবেছিলাম যে আমি ভিড়ের মধ্যে ধাক্কায় পড়ে গেছি যেটা প্রায়ই হয়। পরে আপনাদের মতো ভিডিও দেখেই কেবল বুঝতে পারলাম আমাকে লাথি দেয়া হয়েছে""। তিনি পরে তার ভক্তদের তার ওপর হামলার বিষয়ের চেয়ে ওই অনুষ্ঠানের দিকে দৃষ্টি দেয়ার অনুরোধ করেন। তিনি লিখেছেন, ""দক্ষিণ আফ্রিকায় আর্নল্ড স্পোর্টসে ৯০টি খেলা ২৪ হাজার অ্যাথলেট অংশ নিচ্ছে। চলুন তাদের দিকেই দৃষ্টি দেই""। প্রতি বছর মে মাসে আর্নল্ড ক্লাসিক আফ্রিকা ইভেন্টের আয়োজন করা হয় যাতে অনেকগুলো ইভেন্ট থাকে। কিন্তু তাকে যে এই ফ্লাইং কিক মেরেছে এবং কেন মেরেছে তার সম্পর্কে এখনো কিছু জানা যায়নি।","হলিউড তারকা ও ক্যালিফোর্নিয়ার সাবেক গভর্নর আর্নল্ড শোয়ার্জনেগার দক্ষিণ আফ্রিকায় একটি অনুষ্ঠানে হামলার শিকার হন। অনুষ্ঠান চলাকালে, শোয়ার্জনেগার ভিডিও করছিলেন, এমন সময় পেছন থেকে তাকে ফ্লাইং কিক মেরে ফেলা হয়। তবে নিরাপত্তারক্ষীরা দ্রুত তাকে উদ্ধার করে এবং হামলাকারীকে আটক করে পুলিশে সোপর্দ করেন। শোয়ার্জনেগার তার ভক্তদের উদ্বিগ্ন হওয়ার জন্য ধন্যবাদ জানিয়ে জানান, তিনি ঠিক আছেন এবং হামলার চেয়ে অনুষ্ঠানে অংশগ্রহণকারী অ্যাথলেটদের প্রতি দৃষ্টি দেওয়ার আহ্বান জানান।"
"কাবুলের গজনি প্রদেশের দেহ ইয়াক জেলায় বিমানটি বিধ্বস্ত হয়েছে বলে সরকারি একজন কর্মকর্তা গণমাধ্যমকে জানিয়েছেন। ওই এলাকা তালেবানের শক্ত অবস্থান রয়েছে। তিনি বলেছেন, বিমানটি বিধ্বস্ত হওয়ার পর যান্ত্রিক কারণে তাতে আগুন ধরে যায়। গজনির প্রাদেশিক গর্ভনর ওয়াহিউল্লাহ কালিমজাই বেসরকারি টেলিভিশন টোলোনিউজকে জানিয়েছেন,'' এতে হতাহতের সংখ্যা বা বিমানটির নামের ব্যাপারে সুনির্দিষ্ট কোন তথ্য পাওয়া যায়নি।'' প্রথমে ওই বিমানটি আরিয়ানা এয়ারলাইন্সের বলে জানিয়েছিলেন স্থানীয় কর্মকর্তারা। কিন্তু বিমান সংস্থাটি ওই খবর নাকচ করে দিয়েছে জানিয়েছে, তাদের সবগুলো বিমানই যথাযথভাবে গন্তব্যে পৌঁছেছে। এরপরে আফগানিস্তানের বেসামরিক বিমান চলাচল কর্তৃপক্ষ জানিয়েছে যে, কোন বেসামরিক বিমান বিধ্বস্ত হয়নি। তালেবানের মুখপাত্র জাবিহউল্লাহ মুজাহিদ বিবিসিকে জানিয়েছেন, তাদের বাহিনী বিমানটির অবস্থান খুঁজে বের করতে পারেনি। গজনির পুলিশ কমান্ডার আহমেদ খালিদ ওয়ার্দেক বিবিসিকে বলছেন, ''হতাহতের ব্যাপারে কোন তথ্য পাওয়া যায়নি এবং বিমানটি দুর্ঘটনার পেছনে কি কারণ রয়েছে, তাও পরিষ্কার নয়।'' মি. ওয়ার্দেক জানিয়েছেন, বিধ্বস্ত হওয়ার পর বিমানটিতে আগুন ধরে যায়। ইরানের রাষ্ট্রীয় গণমাধ্যম ফুটেজ প্রকাশ করে দাবি করেছে, এটা একটি বিমান ছিল এবং সেটি যুক্তরাষ্ট্রের বিমান বাহিনীর হতে পারে বলে সেখানে ধারণা প্রকাশ করা হয়েছে। তবে কাবুলে একজন জ্যেষ্ঠ প্রতিরক্ষা কর্মকর্তা জানিয়েছেন, যুক্তরাষ্ট্র বা নেটো বাহিনীর কোন বিমান বিধ্বস্ত হয়নি। বিবিসি বাংলার অন্যান্য খবর: উহানের বাংলাদেশিদের বিচলিত না হবার আহ্বান রানওয়ে থেকে ছিটকে হাইওয়েতে ইরানের বিমান কোন দেশে পড়তে যেতে চান বাংলাদেশি শিক্ষার্থীরা? ক্রিকেট: পাঁচ বছরে মুস্তাফিজের অবনতি কতটা","কাবুলের গজনি প্রদেশের দেহ ইয়াক জেলায় একটি বিমান বিধ্বস্ত হওয়ার খবর এসেছে। বিমানটি যান্ত্রিক কারণে আগুন ধরে যায়, তবে হতাহতের সংখ্যা বা বিমানটির পরিচয় সম্পর্কে কোনো সুনির্দিষ্ট তথ্য পাওয়া যায়নি। প্রথমে এটি আরিয়ানা এয়ারলাইন্সের বিমান বলে জানা গেলেও, বিমান সংস্থা সেই খবর নাকচ করে দিয়েছে। আফগান বিমান কর্তৃপক্ষ জানিয়েছে, কোনো বেসামরিক বিমান বিধ্বস্ত হয়নি। তালেবান বাহিনীও বিমানটির অবস্থান খুঁজে পায়নি। ইরানী গণমাধ্যমের দাবি, এটি সম্ভবত যুক্তরাষ্ট্রের বিমান বাহিনীর হতে পারে, তবে আফগান কর্মকর্তারা এ ধারণা নাকচ করেছেন।"
"ভারতে পাচার হওয়া বাংলাদেশী নারী-শিশু। ফাইল ছবি বসিরহাট জেলে আটক এমনই তিনজন বাংলাদেশী মহিলার ব্যাপারে তারা জাতীয় মানবাধিকার কমিশনের হস্তক্ষেপও দাবি করেছেন। রাজ্য পুলিশের কর্মকর্তারাও অবশ্য স্বীকার করছেন কে সত্যিকারের পাচার-হওয়া, সেটা নিরূপণ করা মুশকিল – আর এর দায় অনেকটাই সীমান্তরক্ষী বাহিনী বা বিএসএফের। যশোরের ঝিকরগাছা থানা এলাকার তিন মহিলা, শাহিনূর, সারিনা খাতুন ও আমিনা বেগম ভারতের রাজমিস্ত্রির জোগাড়ের কাজ করার উদ্দেশে সীমান্ত পেরোনোর পর বিএসএফের হাতে ধরা পড়ে গত ফেব্রুয়ারি মাসের গোড়ায়। প্রথম রাতটা স্বরূপনগর থানার লকআপে কাটানোর পর এখন তাদের ঠিকানা বসিরহাটের জেল – যদিও মানবাধিকার কর্মীরা মনে করছেন এদের বিরুদ্ধে ফরেনার্স অ্যাক্টে মামলা দেওয়াটাই সম্পূর্ণ অন্যায় হয়েছে। মাসুমের কিরীটি রায় বলছিলেন, ‘এই মহিলারা কাজের সন্ধানে ভারতে এসেছেন। দুর্নীতিগ্রস্ত বিএসএফ ও বিজিবি নিজেদের পোষা লাইনম্যানদের সাহায্যে পয়সা নিয়ে নিয়মিতই লোকজনদের সীমান্ত পারাপার করিয়ে থাকে। হতে পারে এই তিনজনের কাছ থেকে তারা পয়সা পায়নি বলেই বিএসএফের হাতে ধরা পড়েছে’। বাংলাদেশ ভারত সীমান্ত কিন্তু এই মহিলারা পাচারের ভিকটিম কি না, সেটা নির্ণয় করার যে পদ্ধতি আছে তা প্রায় কখনওই মানা হয় না – আর তাই তাদের প্রাপ্য সুবিধাগুলোও কখনওই তাদের জোটে না। পশ্চিমবঙ্গ পুলিশের অ্যান্টি-ট্র্যাফিকিং ইউনিটের প্রধান শর্বরী ভট্টাচার্যর মতে, বিএসএফ-ই এর জন্য প্রধানত দায়ী। তিনি সরাসরি বলছেন, ‘বিএসএফ আইনকানুন কিচ্ছু জানে না, তাদের বোঝাতে যাওয়াও বৃথা। তাদের টাকা দিলে সীমান্ত পেরোতে কোনও সমস্যা হয় না – টাকা না-পেলেই হয় মুশকিল। তখনই ওরা গরিবগুর্বো মানুষগুলোকে ধরে – বিশ বা ত্রিশজনের একটা দল বানিয়ে কাছের থানায় – ধরুন বনগাঁতে – জমা দিয়ে যায় কোনও রিপোর্ট ছাড়াই!’ ‘এবার বলুন থানার অফিসার কী করতে পারেন? হাজারটা কাজ সামলে তার কি উপায় থাকে এদের নিয়ে রিপোর্ট তৈরি করার, আলাদা করে কথা বলার? তার কি অবকাঠামো আছে এদের আদালতে নিয়ে হোমে পাঠানোর নির্দেশ বের করার? আর সরকারি হোম থেকেও তো পুলিশকে দূর দূর করে তাড়িয়ে দেয়!' 'ফলে প্রায় বাধ্য হয়েই পুলিশ তখন এদের বিরুদ্ধে ফরেনার্স অ্যাক্টে মামলা দিয়ে দেয় – আর এদের জেলে পচতে হয়!’, বলছিলেন শর্বরী ভট্টাচার্য। বাংলাদেশ-ভারত সীমান্ত অথচ সার্ক সম্মেলনে নেওয়া সিদ্ধান্ত অনুসারে, পাচার হওয়া নারী-শিশুদের এভাবে হেনস্থা হওয়ার কথাই নয়। কিরীটি রায় বলছিলেন, কেন্দ্রীয় সরকারের স্পষ্ট নির্দেশ থাকলেও পশ্চিমবঙ্গেই কিন্তু উদাসীনতা সবচেয়ে বেশি। তার কথায়, ‘এ রাজ্যে সরকারি পদাধিকারীরা – আদালত হোক বা পুলিশ, তারা এই নির্দেশের কথা হয় জানতে চাইছেন না, বা জানলেও মানতে চাইছেন না। ফলে সব কিছু আগের মতোই চরছে এখানে।’ তার কথা প্রায় অক্ষরে অক্ষরে মিলিয়ে স্বরূপনগর থানার ভারপ্রাপ্ত কর্মকর্তা বিবিসিকে বলছিলেন এমন কোনও নির্দেশ তারা খুঁজেই পাননি। ‘আমি নেটে গিয়ে মিনিস্ট্রির সাইট ঘেঁটে দেখেছি – যেখানে ফরেনার্সদের নিয়ে বলা আছে সেখানেও খুঁজেছি – মানবাধিকারের লোকজন যেটা বলছেন ওখানে ওরকম কিন্তু কিছু পাইনি’, বলছিলেন ওই কর্মকর্তা। শুধু তাই নয়, এই বাংলাদেশী মহিলাদের ভিকটিম হিসেবেও মানতে আপত্তি আছে পুলিশ কর্তৃপক্ষের। ‘আঠারোর ওপর যাদের বয়স, যারা জেনেবুঝে একটা দেশের সীমান্ত পেরোচ্ছে – তাদের কীভাবে ভিক্টিম বলব বলুন তো? বাচ্চা ছেলে তো নয় – এরা প্রাপ্তবয়স্ক, জেনেবুঝে একটা অন্যায় করছে। কীসের ভিক্টিম?’ বলছিলেন স্বরূপনগর থানার কর্মকর্তা। ফলে পশ্চিমবঙ্গের জেলে কেন আজও এমন শত শত বাংলাদেশী নারী ও শিশু অকারণে জেলে কাটাচ্ছেন – তা বুঝতে অসুবিধা হওয়ার কারণ নেই।","ভারতে পাচার হওয়া তিনজন বাংলাদেশী মহিলা, শাহিনূর, সারিনা খাতুন ও আমিনা বেগম, কাজের উদ্দেশ্যে সীমান্ত পেরিয়ে বিএসএফের হাতে ধরা পড়েন। তাঁদের বিরুদ্ধে ফরেনার্স অ্যাক্টে মামলা করা হয়, যা মানবাধিকার কর্মীদের মতে, অবৈধ। বিএসএফের দুর্নীতি এবং সীমান্তে ঘুষের প্রথার কারণে এ ধরনের ঘটনা ঘটে, দাবি করেন বিশেষজ্ঞরা। পশ্চিমবঙ্গের পুলিশ কর্তৃপক্ষও পাচার হওয়া নারী-শিশুদের সঠিকভাবে চিহ্নিত করতে অক্ষম এবং অনেক সময় তাদের বিরুদ্ধে আইনগত ব্যবস্থা নেয়। মানবাধিকার কর্মীরা সরকারের সদিচ্ছার অভাব এবং উদাসীনতার বিরুদ্ধে প্রতিবাদ জানাচ্ছেন।"
"গত কয়েক বছরে কাতার ও তুরস্কের সম্পর্কে যে উন্নতি হয়েছে তার প্রকাশ ঘটেছে কাতারের এই গাড়িটিতে লাগানো স্টিকারে, এখানে তুরস্কের প্রেসিডেন্ট ও কাতারের আমীরের ছবি দেখা যাচ্ছে। এই মন্তব্যের সাথে একটি ছবিও পোস্ট করেন তিনি, যে ছবিতে দেখা যায় কাতারের সুপারমার্কেটগুলোতে সারিবদ্ধভাবে সাজিয়ে রাখা হয়েছে তুরস্কের ব্র্যান্ডের সব দুধের বোতল। গত সপ্তাহের তুরস্ক থেকে দুধ, ডিম, দুই, মুরগির মাংস এবং জুসের সব খাদ্যপণ্য বিমানযোগে পাঠানো হয় কাতারে। উপসাগরীয় আরব দেশগুলোর কাতারের ওপর অবরোধ আরোপের ফলে দেশটিতে যেন খাদ্য সংকট তৈরি না হয় সেই প্রচেষ্টাতেই দুগ্ধজাত পণ্যসামগ্রী পাঠাচ্ছে তুরস্ক। গত মঙ্গলবার তুরস্কের প্রেসিডেন্ট রেচেপ তাইয়েপ এরদোয়ান বলেছিলেন, কাতারের ওপর আরবদেশগুলোর এমন অবরোধ অমানবিক এবং অনৈসলামিক। ""কাতারের ক্ষেত্রে এক গুরুতর ভুল করা হচ্ছে। তাদের বিচ্ছিন্ন করার এই চেষ্টা অমানবিক এবং ইসলামী মূল্যবোধের বিরোধী। এটা কাতারকে মৃত্যুদণ্ড দেবার সামিল""-বলেছিলেন মি: এরদোয়ান। কাতারকে অবরোধ থেকে বাঁচাতে খাদ্যনিরাপত্তা ছাড়াও সামরিক ও কূটনৈতিক প্রচেষ্টাও চালিয়ে যাচ্ছে প্রেসিডেন্ট রেচেপ তাইয়েপ এরদোয়ানের প্রশাসন। কিন্তু কাতারকে রক্ষায় কেন এত আগ্রহ তুরস্কের? প্রায় দুই সপ্তাহ আগে সৌদি আরব, বাহরাইন, সংযুক্ত আরব আমিরাত, মিশর ছাড়াও আরও কয়েকটি দেশ 'সন্ত্রাসবাদে সমর্থন দেয়ার' অভিযোগে কাতারের সঙ্গে কূটনৈতিক সম্পর্ক ছিন্ন করে। তাৎক্ষণিকভাবে তুরস্কের প্রতিক্রিয়া ছিল, কোনো পক্ষ না নেয়া এবং বিরোধ নিষ্পত্তিতে সংলাপের মধ্যস্থতা করা। কিন্তু দুদিনের মধ্যেই নাটকীয়ভাবেই কাতারের পক্ষ নেয় আঙ্কারা। প্রেসিডেন্ট রেচেপ তাইয়েপ এরদোয়ান এই অবরোধের সমালোচনা করেছেন খুবই কড়া ভাষায় । কাতারের বিরুদ্ধে সন্ত্রাসবাদে মদত দেয়ার যে অভিযোগ আনা হয়েছে, সেটি প্রত্যাখ্যান করে প্রেসিডেন্ট এরদোয়ান বলেছেন -তুরস্ক যেভাবে ইসলামিক স্টেটের বিরুদ্ধে শক্ত অবস্থান নিয়েছে, কাতারের অবস্থানও তাই। কাজেই মানুষকে বোকা বানানো বন্ধ করা উচিত। তুরস্কের প্রেসিডেন্ট এরদোয়ানের এই বক্তব্যের পরের দিন বুধবার কাতারে যান দেশটির পররাষ্ট্রমন্ত্রী মেভলুত কাভুসোলু। সেখানে তিনি কাতারের আমির শেখ তামিম বিন হামাদ আল নির সঙ্গে বৈঠক করেন। সাম্প্রতিক সময়ে কাতারের সঙ্গে তুরস্কের সম্পর্কের উন্নতি হয়েছে। টুইটারে ধন্যবাদ জানাচ্ছেন কাতারের এক বাসিন্দা ২০১৫ সালে সামরিক চুক্তিতে স্বাক্ষর করে দুই দেশ। এ ছাড়া কাতারে সামরিক ঘাঁটিও তৈরি করেছে তুরস্ক। সেখানে বর্তমানে কয়েকশো তুর্কি সেনা মোতায়েন থাকলেও এটি পাঁচ হাজারে উন্নীত করা যাবে। কাতার সংকট সৃষ্টির কয়েকদিনের মধ্যেই দেশটিতে আরও সেনা মোতায়েনের একটি বিল পার্লামেন্টের মাধ্যমে অনুমোদন করিয়ে নেয় আঙ্কারা প্রশাসন। সামরিক ঘাঁটিতে ভবিষ্যত মোতায়েনের বিষয়টি সমন্বয় করতে সোমবার তিন কর্মকর্তাকে কাতারেও পাঠিয়েছে তুরস্ক। কয়েকটি প্রতিবেদন এটাও বলা হয়েছে যে কাতার শুরুতে পদাতিক সেনা, পরে নৌবাহিনীর সদস্য এবং এফ-১৬ যুদ্ধবিমান মোতায়েন করবে। বিশেষজ্ঞদের মতে, আরববিশ্ব থেকে বিচ্ছিন্ন হওয়ার পর দোহাকে অন্যতম মিত্র হিসেবে আঙ্কারার অবস্থানের পেছনে গুরুত্বপূর্ণ বেশ কিছু কারণ রয়েছে। গত বছর প্রেসিডেন্ট এরদোয়ানের বিরুদ্ধে সেনা সদস্যদের একাংশের অভ্যুত্থানের ব্যর্থ চেষ্টার সময় প্রথম রাষ্ট্রপ্রধান হিসেবে সংহতি প্রকাশ করেছিলেন কাতারের আমির শেখ তামিম বিন হামাদ আল-থানি। অভ্যুত্থান চেষ্টার পর মি: এরদোয়ানের নিরাপত্তা নিশ্চিত করতে কাতারের বিশেষ বাহিনীর ১৫০ সদস্যের একটি ইউনিট তুরস্ক পাঠানো হয়েছিল বলেও খবর পাওয়া যায়। ২০২২ সালে কাতারে অনুষ্ঠেয় ফুটবল বিশ্বকাপের আগে দেশটিতে বিনিয়োগের চিন্তা করছেন তুরস্কের ব্যবসায়ীরা। তাছাড়া দুই দেশের সরকারের মধ্যে আদর্শিক ঐক্যও রয়েছে। মিশরভিত্তিক ইসলামপন্থী দল মুসলিম ব্রাদারহুড ও ফিলিস্তিনের সশস্ত্র গোষ্ঠী হামাসকে 'সন্ত্রাসী সংগঠন' হিসেবে মনে করে না দুই দেশই। তাছাড়া, মিশরের প্রথম গণতান্ত্রিকভাবে নির্বাচিত প্রেসিডেন্ট মোহাম্মদ মোরসিকে উৎখাতে ২০১৩ সালের সেনা অভ্যুত্থানকে নিন্দা জানিয়েছিল দুদেশই। আবার সিরিয়ায় প্রেসিডেন্ট বাশার আল-আসাদের বিরুদ্ধে লড়াই চালানো ইসলামপন্থী বিদ্রোহীগোষ্ঠীগুলোকে সমর্থন দিচ্ছে কাতার ও তুরস্ক। ইরানের প্রতিও দেশ দুটির দৃষ্টিভঙ্গি একই রকম। দুই পক্ষই স্বীকার করে, মধ্যপ্রাচ্যের অন্যতম শক্তি হলো ইরান। আর ইরানের বিরুদ্ধে সৌদি আরবের অব্যাহত বিষোদ্গারের রাজনীতি থেকে সরে এসে উভয়পক্ষই সুসম্পর্ক বজায় রাখার চেষ্টা করেছে। অন্যদিকে, চলতি সংকটে কাতারের পক্ষে অবস্থান নিয়েছে ইরানও। তুরস্কের মতোই ইরানও কাতারে খাদ্য সরবরাহের সঙ্গে সঙ্গে কূটনৈতিক সম্পর্ক জোরদার করেছে। পাশাপাশি কাতারে বিপুল বিনিয়োগও করেছে তুরস্ক। দোহায় বিদেশি বিনিয়োগকারী দেশগুলোর মধ্যে তুরস্কের অবস্থান সপ্তম। ২০১৫ সালে দেশটিতে ৪২ কোটি ডলারের বেশি রপ্তানি করে তুরস্ক। তুরস্কের পররাষ্ট্র মন্ত্রণালয়ের তথ্য অনুযায়ী, ২০১১ সাল থেকে কাতারে ১২৬ শতাংশ রপ্তানি প্রবৃদ্ধি বাড়িয়েছে তুরস্ক। ২০২২ সালে কাতারে অনুষ্ঠেয় ফুটবল বিশ্বকাপের আগে দেশটিতে বিনিয়োগের চিন্তা করছেন তুরস্কের ব্যবসায়ীরা। অন্যদিকে তুরস্কের নিরাপত্তা প্রতিষ্ঠানগুলোর সঙ্গেও বেশ কিছু অস্ত্র চুক্তি করার কথা ভাবছে কাতার। এসব কারণে স্পষ্ট হয়ে যাচ্ছে, কাতারের পাশে তুরস্ক কেন এসে দাঁড়িয়েছে। অবিলম্বে কাতার সংকটের সমাধানের আহ্বান জানিয়েছেন তুরস্কের প্রেসিডেন্ট রেচেপ তাইয়েপ এরদোয়ান। সৌদি আরবকে সরাসরি সমালোচনা না করলেও প্রেসিডেন্ট এরদোয়ান এই সংকটের সমাধানে বাদশাহ সালমানকে উদ্যোগ নেয়ার আহ্বান জানিয়েছেন। কাতারের ওপর অবরোধের প্রতিবাদের তুরস্কে বিক্ষোভ","গত কয়েক বছরে কাতার ও তুরস্কের সম্পর্কের উন্নতি হয়েছে, বিশেষ করে কাতারের উপর আরব দেশগুলোর অবরোধের পর। তুরস্ক কাতারের পাশে দাঁড়িয়ে খাদ্য ও সামরিক সহায়তা পাঠিয়েছে। তুরস্কের প্রেসিডেন্ট এরদোয়ান কাতারের বিরুদ্ধে সন্ত্রাসবাদে সমর্থন দেওয়ার অভিযোগ প্রত্যাখ্যান করেছেন এবং কাতারের প্রতি তার সমর্থন ব্যক্ত করেছেন। ২০১৫ সালে দুই দেশ সামরিক চুক্তি স্বাক্ষর করে এবং কাতারে তুরস্কের সামরিক ঘাঁটি প্রতিষ্ঠিত হয়। এছাড়া, দুই দেশের মধ্যে রাজনৈতিক ও আদর্শিক ঐক্যও রয়েছে, যেমন মুসলিম ব্রাদারহুড এবং হামাসের প্রতি সহানুভূতি। কাতারের পাশে দাঁড়িয়ে তুরস্ক, ইরানসহ অন্যান্য দেশ কাতারের সংকট সমাধানে সহায়তা করছে।"
"দিল্লির দরিয়াগঞ্জে একটি টিকাকরণ কেন্দ্রের সামনে লাইন পুনের সিরাম ইনস্টিটিউট থেকে কোভিশিল্ডের জোগানে ভাঁটা পড়েছিল আগেই, আজ বুধবার রাজধানী দিল্লির সরকারও অভিযোগ করেছে কোভ্যাক্সিনের নির্মাতা ভারত বায়োটেকও তাদের নতুন করে আর টিকা দিতে পারবে না বলে জানিয়ে দিয়েছে। দিল্লিতে শতাধিক ভ্যাক্সিনেশন সেন্টার এর ফলে বন্ধ করে দিতে হয়েছে। রাজধানী দিল্লি ছাড়াও দেশের নানা প্রান্তেই টিকা-প্রত্যাশীরা অ্যাপে বুকিং পাচ্ছেন না, টিকাকেন্দ্রে গিয়েও তাদের হতাশ হয়ে ফিরতে হচ্ছে বা চূড়ান্ত নাকাল হতে হচ্ছে বলেও অভিযোগ উঠছে। বস্তুত গত ১৬ জানুয়ারি ভারতে মহাধূমধামে যে বিশাল টিকাকরণ অভিযান শুরু হয়েছিল, একশো দিন যেতে না-যেতেই সেই কর্মসূচি কার্যত মুখ থুবড়ে পড়েছে। টিকা ফুরিয়ে যাওয়ার পর বন্ধ করে দেওয়া হয়েছে মুম্বাইতে একটি সেন্টার প্রথম দু-আড়াই মাসে ভারত প্রায় সত্তরটি দেশে সাড়ে ছয় কোটির মতো ভ্যাক্সিন রফতানিও করেছিল, কিন্তু তা বন্ধ করার পরও দেশের অভ্যন্তরীণ চাহিদাও এখন কুলিয়ে ওঠা যাচ্ছে না। ভ্যাক্সিন সংগ্রহের জন্য দেশের বিভিন্ন রাজ্যের মধ্যে কার্যত প্রতিযোগিতাও শুরু হয়ে গেছে - আর এরই মধ্যে দিল্লির আম আদমি পার্টির সরকার আজ অভিযোগ করেছে কেন্দ্রের নির্দেশেই ভারত বায়োটেক তাদের কোভ্যাক্সিন পাঠাতে অস্বীকার করেছে। দিল্লির উপমুখ্যমন্ত্রী মনীশ শিশোদিয়া এদিন জরুরি সাংবাদিক বৈঠক ডেকে বলেন, ""কোভ্যাক্সিনের নির্মাতা সংস্থা আমাদের চিঠি লিখে সরাসরি জানিয়ে দিয়েছে তারা দিল্লিকে টিকা দিতে পারবে না - কারণ তাদের কাছে দেওয়ার মতো না কি কোনও টিকাই নেই।"" মি শিশোদিয়া আরও অভিযোগ করেন, কেন্দ্রীয় সরকারের কর্মকর্তারাই এই টিকার সরবরাহ নিয়ন্ত্রণ করছেন আর তাদের বিমাতৃসুলভ আচরণের কারণেই দিল্লিতে কোভ্যাক্সিনের শতাধিক টিকাকেন্দ্র বন্ধ করে দিতে তারা বাধ্য হচ্ছেন। আরও পড়তে পারেন: করোনা টিকার প্রথম ডোজ নেয়ার পর দ্বিতীয় ডোজ না পেলে কী হবে বদলে যাচ্ছে কোভিড ভাইরাস, যা জেনে রাখা জরুরি চীনা উপহারের টিকা বাংলাদেশে - কারা পাবেন সিনোফার্মের ভ্যাকসিন? অ্যাপে বুকিং পাওয়ার পরও সেন্টার কেন বন্ধ? মুম্বাইয়ের একটি টিকাকেন্দ্রে এসে কৈফিয়ত চাইছেন ক্ষুব্ধ নাগরিকরা ঘন্টাখানেকের মধ্যেই পাল্টা সাংবাদিক বৈঠক ডেকে ক্ষমতাসীন বিজেপির জাতীয় মুখপাত্র সম্বিত পাত্র দাবি করেন, টিকার জোগান বাড়ানোর জন্য সব ধরনের ব্যবস্থা নেওয়া হচ্ছে - এবং বিভিন্ন রাষ্ট্রায়ত্ত সংস্থাকে এখন টিকার ফর্মুলা দিয়ে টিকা বানানোর নির্দেশও দেওয়া হয়েছে। মি পাত্র জানান, ""মহারাষ্ট্রের হ্যাফকিন বায়োফার্মা, ইন্ডিয়ান ইমিউনোলজিক্যাল লিমিটেড, ভারত ইমিউনোলজিক্যালস এরকম তিন-চারটি সরকারি সংস্থাকে কেন্দ্র কোভ্যাক্সিন বানানোর নির্দেশ দিয়েছে।"" ""ভারতের কেন্দ্রীয় নিয়ন্ত্রক সংস্থা আইসিএমআর-ও নানা সংস্থার সঙ্গে কথাবার্তা চালাচ্ছে, বলছে তোমরা আমাদের কাছ থেকে ফর্মুলা নাও, টিকা বানাও!"" টিকার জোগান নিয়ে বিজেপি রাজনীতি বন্ধ করার আহ্বান জানালেও টিকা পেতে সাধারণ নাগরিকরা যে নাজেহাল হচ্ছেন, তাতে কিন্তু কোনও ভুল নেই। কোউইন নামে যে সরকারি অ্যাপে রেজিস্ট্রেশন করে টিকার অ্যাপয়েন্টমেন্ট পাওয়ার কথা সেখানেও স্লট মিলছে না - আবার সাতসকালে টিকাকেন্দ্রে ওয়াক-ইন করেও নিরাশ হতে হচ্ছে বহু লোককেই। পশ্চিমবঙ্গে হলদিয়ার একটি টিকাকেন্দ্রে গত সপ্তাহে এমনই অভিজ্ঞতা হয়েছিল সীমা ঘোষালের। সকাল পৌনে ছটার সময় টিকাকেন্দ্রে পৌঁছেও তিনি শোনেন, সর্বোচ্চ যে ১৩০জনকে সেদিন টিকা দেওয়া যাবে তাদের সবার নাম না কি লেখা হয়ে গেছে - তাঁর আর সেদিন সুযোগ মিলবে না। তিনি বলছিলেন, ""অত সকালেও এসে শুনি দেড়শোজনের বেশি না কি নাম লেখা হয়ে গেছে! অথচ তখন সেখানে মাত্র পাঁচ-সাতজন দাঁড়িয়ে, সেন্টারের গেটও বন্ধ।"" ""তাহলে কারা নাম লিখল? কাদের নাম লিখল? আর তারা গেলই বা কোথায়, তা তো কিছুই বুঝতে পারছি না!"", বলছিলেন তিনি। কিরণ মজুমদার শ আবার টিকাকেন্দ্রগুলোতে উপছে পড়া ভিড়, ঘেঁষাঘেঁষি লাইনের জন্যই সংক্রমণের ভয় পাচ্ছিলেন তারই প্রতিবেশী আলো বণিক। মিস বণিক টিকাকেন্দ্রে দাঁড়িয়ে বলছিলেন, ""এত ভিড় ঠেলে কেন ভ্যাক্সিন নিতে ঢুকতে যাব বলুন তো?"" ""করোনার ভ্যাক্সিন নিতে এসেই যদি এই গাদাগাদি ভিড়ে করোনায় আক্রান্ত হই, তার চেয়ে তো বাড়িতে বসে থাকাই ভাল"", চরম বিরক্তির সঙ্গে বলছিলেন তিনি। ভারতের বৃহত্তম বায়োফার্মা কোম্পানি বায়োকনের কর্ণধার কিরণ মজুমদার শ-ও সরাসরি বলছেন, ""ভারতে টিকাকরণের গতি যে হারে কমছে তাতে আমি রীতিমতো উদ্বিগ্ন বোধ করছি।"" মহারাষ্ট্রে একটি টিকাকরণ কেন্দ্রের সামনে লম্বা লাইন ""বহু সেন্টারে টিকার জোগান আসছে না, আবার কোনও কোনও সেন্টার তাদের নির্ধারিত কোটাই দিয়ে উঠতে পারছে না। কোথাও তো কিছু একটা ভুল হচ্ছেই।"" তাঁর প্রশ্ন, জানুয়ারিতে ভ্যাক্সিন অনুমোদন পাওয়ার সঙ্গে সঙ্গে কেন আমরা নির্মাতা সংস্থাগুলোকে অর্ডার দিইনি, চাহিদার হিসেব কষে সাপ্লাই শিডিউল তৈরি করিনি? টিকাকরণ অভিযানের অঙ্কগুলো কষার ক্ষেত্রে কেন্দ্রীয় সরকারের হিসেবে ও পরিকল্পনায় যে মারাত্মক ভুল হয়েছিল, সেটা ভারতে আজ দিনের মতো স্পষ্ট। তার মধ্যে প্রথম দিকে বাংলাদেশ-সহ সত্তরটি দেশে টিকা পাঠিয়ে পরিস্থিতি আরও জটিল করে তোলা হয়েছে, দিল্লিতে আম আদমি পার্টির সরকার-সহ অনেকেই এই অভিযোগ এখন বারেবারে তুলছেন।","ভারতে টিকাকরণের গতি সম্প্রতি ধীর হয়েছে, এবং বিভিন্ন শহরে টিকার সরবরাহে সমস্যার সৃষ্টি হয়েছে। দিল্লিতে, কোভ্যাক্সিনের নির্মাতা ভারত বায়োটেক জানিয়েছে, তাদের কাছে যথেষ্ট টিকা নেই, ফলে শতাধিক টিকাকেন্দ্র বন্ধ করে দিতে হয়েছে। কোভিশিল্ডের সরবরাহেও ভাঁটা পড়েছে। বিভিন্ন রাজ্যে টিকার জন্য প্রতিযোগিতা বেড়ে গেছে এবং অনেকেই টিকা পেতে সমস্যায় পড়ছেন। কেন্দ্রীয় সরকার দাবি করেছে যে, টিকার সরবরাহ বাড়ানোর জন্য ব্যবস্থা নেওয়া হচ্ছে, এবং রাষ্ট্রায়ত্ত সংস্থাগুলিকে কোভ্যাক্সিন উৎপাদনের নির্দেশ দেওয়া হয়েছে। তবে সাধারণ মানুষ অসুবিধার সম্মুখীন হচ্ছেন এবং অনেকেই টিকা পেতে সেন্টারে গিয়ে হতাশ হচ্ছেন। বিশেষজ্ঞদের মতে, কেন্দ্রীয় সরকারের পরিকল্পনায় ত্রুটি ছিল, যা বর্তমানে পরিস্থিতি জটিল করে তুলেছে।"
"আকাশ থেকে এমন দেখা যায় ভাসানচরের আশ্রয় প্রকল্পটিকে বিবিসি বাংলাকে এখবর নিশ্চিত করেছেন হাতিয়া থানার ভারপ্রাপ্ত কর্মকর্তা মো. আবুল খায়ের। তিনি বলেন শনিবার রাত ২টা ৩৫ মিনিটে রোহিঙ্গাদের ওই দলটি ভাসানচরে পৌঁছায়। প্রাথমিকভাবে দলটিতে ২৮ জন রোহিঙ্গা ছিল বলেও জানান তিনি। মি. খায়ের বলেন, এ পর্যন্ত পাওয়া তথ্য অনুযায়ী ওই রোহিঙ্গারা সাগরে নৌকায় ভাসমান ছিল। পরে তাদের উদ্ধার করে ভাসানচরে নিয়ে যাওয়া হয়। নাম প্রকাশ না করতে চেয়ে এক কর্মকর্তা জানান, ২৯ জন রোহিঙ্গাকে কক্সবাজার উপকূল থেকে কোস্টগার্ড উদ্ধার করে। তবে এখন যেহেতু করোনাভাইরাসের সংক্রমণ চলছে, এজন্যই তাদেরকে ভাসানচরে কোয়ারেন্টিনে রাখা হয়েছে। তাদেরকে যেহেতু এখন রোহিঙ্গা শিবিরে পাঠানো সম্ভব নয়, এজন্যই এই সিদ্ধান্ত নেয়া হয়েছে বলে ওই কর্মকর্তা জানান। কোয়ারেন্টিনের মেয়াদ শেষ হলে সরকারি সিদ্ধান্ত অনুযায়ী তাদেরকে স্থানান্তর করা হবে। উদ্ধার হওয়া রোহিঙ্গারা বাংলাদেশে প্রবেশ করতে চাইছিল। এদের মধ্যে ৫ জন শিশু, ১৯ জন নারী এবং ৫ জন পুরুষ। তবে এদের মধ্যে কেউ দালাল কিনা তা পরবর্তীতে অনুসন্ধান করে জানা যাবে বলে জানান তিনি। উদ্ধার হওয়া রোহিঙ্গাদের প্রাথমিক স্বাস্থ্য সেবা ও খাবার দেয়া হয়েছে। তাদের শারীরিক ও মানসিক অবস্থা স্থিতিশীল হলে তাদেরকে জিজ্ঞাসাবাদ করা হবে। এর আগে , ভাসানচরে বেড়িবাধ নির্মাণ, ঘরবাড়ি, সাইক্লোন শেল্টারসহ অবকাঠামো উন্নয়নের করা হয়। তবে কক্সবাজারে আশ্রয় নেয়া রোহিঙ্গারা সেখানে যেতে অসম্মতি জানায়। জাতিসংঘের পক্ষ থেকেও বলা হয়, ভাসানচরে স্থানান্তরের আগে কারিগরি মূল্যায়ন শেষে রোহিঙ্গাদের মতামতকে গুরুত্ব দিতে হবে। ফলে সরকারের জোর চেষ্টা ও কয়েকদফা উদ্যোগ সত্বেও সেখানে একজন রোহিঙ্গাও পাঠানো সম্ভব হয়নি। বিবিসি বাংলার আরো খবর: পুলিশের তৎপরতা কম, শত শত সদস্য আক্রান্ত হওয়াই কি এর কারণ? করোনাভাইরাস পরীক্ষার ফল শতভাগ নিশ্চিত না, বিরূপ প্রভাবের আশঙ্কা করোনাভাইরাস: ব্রিটেনে কয়েকশ বাংলাদেশি রেস্তোরাঁ চিরতরে বন্ধ করোনা গবেষণার তথ্যের জন্য হন্যে হয়ে ঘুরছে সাইবার গুপ্তচরেরা","ভাসানচরের আশ্রয় প্রকল্পে ২৮ জন রোহিঙ্গাকে উদ্ধার করে নিয়ে আসা হয়েছে। তারা সাগরে নৌকায় ভাসছিল এবং কোস্টগার্ড কক্সবাজার উপকূল থেকে তাদের উদ্ধার করে। করোনাভাইরাসের সংক্রমণ ঠেকাতে তাদেরকে ভাসানচরে কোয়ারেন্টিনে রাখা হয়েছে। উদ্ধারকৃতদের মধ্যে ৫ জন শিশু, ১৯ জন নারী এবং ৫ জন পুরুষ রয়েছে। তাদের প্রাথমিক স্বাস্থ্য সেবা দেয়া হয়েছে এবং শারীরিক ও মানসিক অবস্থা স্থিতিশীল হলে জিজ্ঞাসাবাদ করা হবে। ভাসানচরে অবকাঠামো উন্নয়ন হলেও কক্সবাজারে আশ্রিত রোহিঙ্গারা সেখানে স্থানান্তর হতে রাজি হয়নি।"
"এফআর টাওয়ারে আগুন লাগার পর আতংকিত হয়ে অনেকেই ভবনের গা বেয়ে নামার চেষ্টা করেন। লিফটের সামনে কয়েক হাত ফাঁকা জায়গা। তার পাশেই একমাত্র সিঁড়ি। এছাড়া আলাদা কোন সিঁড়ি কিংবা ফায়ার এক্সিট নেই। ভবনটির ১৪ তলা পর্যন্ত সিঁড়ি বেয়ে উঠতে থাকি। কোন ফ্লোরেই ফায়ার এলার্ম কিংবা অগ্নি নির্বাপন যন্ত্র চোখে পড়লো না। ভবনটির দশম তলায় একটি বেসরকারি অফিস। সেই অফিসে কর্মরত একজন জানালেন, ভবনটিতে গত একবছরে অগ্নি-নিরাপত্তার কোন ব্যবস্থা দেখেন নি তিনি। ""এখানে আমি একবছর চাকরি করি। কোথাও কোন ফায়ার ফাইটিংয়ের যন্ত্রপাতি দেখি নি। আমাদের অফিসেও নেই। ভবন কর্তৃপক্ষেরও নেই। এমনকি এখানে তো জরুরি নির্গমনের জন্য আলাদা কোন সিঁড়িও নেই।"" মাইনুদ্দীন খান নামে আরেকজন বলছিলেন, ভবনটিতে অগ্নি নিরাপত্তার কিছুই নেই। এসবের মধ্যেই ভবনটি ব্যবহার করছেন? এই প্রশ্নে তার জবাব, ""আশেপাশে সব ভবনই তো এভাবেই চলছে।"" কিন্তু আগুন লাগলে আপনাদের নিজেদের কী প্রস্তুতি আছে? তার খেদোক্তি, ""নাথিং।"" ভবনটি থেকে বেরিয়ে আসি। বাংলাদেশে বহুতল ভবনগুলো কতটা অগ্নি ঝুঁকিমুক্ত সে বিষয়ে কার্যকর কোন নজরদারির ব্যবস্থা গড়ে ওঠেনি। আরো পড়তে পারেন: ""নিঃশ্বাস নিতে না পেরেই মানুষগুলো ঝাঁপ দিয়েছিল"" বনানীর আগুন কি আরো আগে নেভানো যেতো? কী হয়েছিল মাদ্রিদে উত্তর কোরিয়ার দূতাবাসে বাংলাদেশে এরকম ভবন আরো আছে। যদিও তার সঠিক কোন পরিসংখ্যান নেই কারো কাছে। তবে ২০১৭ সালে ঢাকা ও চট্টগ্রামে প্রায় ৪,০০০ বহুতল ভবনে অগ্নি-নিরাপত্তা ব্যবস্থার উপর জরিপ চালায় ফায়ার সার্ভিস। সেই জরিপে দেখা যায়, ৯৬ শতাংশ ভবনই অগ্নি-নিরাপত্তার ঝুঁকিতে আছে। ভবনের এই কাঠামোগত ঝুঁকির সঙ্গে যোগ হচ্ছে, ভবন ব্যবহারকারীদের সচেতনতার অভাব। অনেক ক্ষেত্রেই দেখা যায়, ভবন ব্যবহারকারীরা অগ্নি নির্বাপন যন্ত্রের ব্যবহার সঠিকভাবে জানেন না। আগুন লাগলে কী করতে হবে সে বিষয়েও ধারণা নেই, প্রশিক্ষণও নেই। ঢাকার মতিঝিলে যেখানে নতুন-পুরনো অসংখ্য বহুতল ভবন আছে, সেখানেই কয়েকজন চাকুরীজীবীর সঙ্গে কথা বলি আমি। এদের মধ্যে মোহসেনা বেগম নামে একজন বলছিলেন, ""আমি ব্যক্তিগত উদ্যোগে ফায়ার এক্সটিংগুইশারের ব্যবহার জেনেছি। কিন্তু এছাড়া আর কিছু জানি না। আগুন লাগলে কী করবো সেটা আসলে ওভাবে ভাবা হয়নি।"" রেজাউল করীম নামে আরেকজন বলছিলেন, তাদের অফিসে কখনো কোন ফায়ার ড্রিল কিংবা মহড়া হয়নি। হলে হয়তো করণীয় সম্পর্কে জানতে পারতেন। করণীয় কী? স্থপতি ইকবাল হাবিব মনে করেন, এখন থেকেই জরুরি ভিত্তিতে সকল ভবন অডিটের ব্যবস্থা করতে হবে রাজউককে। এবং যেসব ভবন সংশোধন দরকার, সেগুলি নির্দিষ্ট সময়সীমা বেঁধে দিয়ে পুনর্গঠন করতে হবে। আর যেগুলো সংশোধন অযোগ্য সেগুলো ভেঙ্গে ফেলতে হবে। একইসঙ্গে ভবন ব্যবহারকারীদের জন্য মহড়ার ব্যবস্থাও করতে হবে। এক্ষেত্রে যেমন ভবন কর্তৃপক্ষ উদ্যোগ নিতে পারে। তেমনি ফায়ার সার্ভিসকেও এগিয়ে আসতে হবে। বনানী আগুন: কালো ধোঁয়া থেকে যেভাবে বাঁচলেন লামিয়া","এফআর টাওয়ারে অগ্নিকাণ্ডের পর অনেকেই ভবনের গা বেয়ে নামার চেষ্টা করেন, কিন্তু সেখানে অগ্নি-নিরাপত্তার কোন যথাযথ ব্যবস্থা ছিল না। ভবনটিতে ফায়ার এলার্ম, অগ্নি নির্বাপন যন্ত্র কিংবা জরুরি সিঁড়ি নেই। অনেক কর্মী জানিয়েছেন, গত এক বছরে ভবনে কোন অগ্নি নিরাপত্তা ব্যবস্থা তারা দেখেননি। ২০১৭ সালে ফায়ার সার্ভিসের জরিপে দেখা গেছে, ঢাকার ৯৬% বহুতল ভবনেই অগ্নি-নিরাপত্তার ঝুঁকি আছে। অনেক ভবন ব্যবহারকারী অগ্নি নির্বাপন যন্ত্রের ব্যবহার জানেন না এবং আগুনের সময় কী করতে হবে সে সম্পর্কে কোন প্রশিক্ষণও নেই। স্থপতি ইকবাল হাবিব জরুরি ভিত্তিতে ভবন অডিটের ও সংশোধনের পরামর্শ দিয়েছেন এবং ভবন কর্তৃপক্ষ ও ফায়ার সার্ভিসকে মহড়া পরিচালনার প্রস্তাব দিয়েছেন।"